match_id,season,round,venue,home_team,away_team,url,is_playoff
8106,2017-2018,1,Stade Charles-Mathon,Oyonnax Rugby,Stade Toulousain,https://top14.lnr.fr/feuille-de-match/2017-2018/j1/8106-oyonnax-toulouse,0
8107,2017-2018,1,Stade Amédée-Domenech,CA Brive,Stade Rochelais,https://top14.lnr.fr/feuille-de-match/2017-2018/j1/8107-brive-la-rochelle,0
8108,2017-2018,1,GGL Stadium,Montpellier Hérault Rugby,SU Agen,https://top14.lnr.fr/feuille-de-match/2017-2018/j1/8108-montpellier-agen,0
8109,2017-2018,1,Paris La Défense Arena,Racing 92,Castres Olympique,https://top14.lnr.fr/feuille-de-match/2017-2018/j1/8109-racing-92-castres,0
8110,2017-2018,1,Stade Jean-Bouin,Stade Français Paris,LOU Rugby,https://top14.lnr.fr/feuille-de-match/2017-2018/j1/8110-paris-lyon,0
8111,2017-2018,1,Stade Chaban-Delmas,Union Bordeaux-Bègles,ASM Clermont,https://top14.lnr.fr/feuille-de-match/2017-2018/j1/8111-bordeaux-begles-clermont,0
8112,2017-2018,1,Stade Mayol,RC Toulon,Section Paloise,https://top14.lnr.fr/feuille-de-match/2017-2018/j1/8112-toulon-pau,0
8113,2017-2018,2,Stade Armandie,SU Agen,Racing 92,https://top14.lnr.fr/feuille-de-match/2017-2018/j2/8113-agen-racing-92,0
8114,2017-2018,2,Stade Jean-Bouin,Stade Français Paris,Stade Rochelais,https://top14.lnr.fr/feuille-de-match/2017-2018/j2/8114-paris-la-rochelle,0
8115,2017-2018,2,Stade Pierre-Fabre,Castres Olympique,Union Bordeaux-Bègles,https://top14.lnr.fr/feuille-de-match/2017-2018/j2/8115-castres-bordeaux-begles,0
8116,2017-2018,2,Stade de Gerland,LOU Rugby,CA Brive,https://top14.lnr.fr/feuille-de-match/2017-2018/j2/8116-lyon-brive,0
8117,2017-2018,2,GGL Stadium,Montpellier Hérault Rugby,Oyonnax Rugby,https://top14.lnr.fr/feuille-de-match/2017-2018/j2/8117-montpellier-oyonnax,0
8118,2017-2018,2,Stade Ernest-Wallon,Stade Toulousain,Section Paloise,https://top14.lnr.fr/feuille-de-match/2017-2018/j2/8118-toulouse-pau,0
8119,2017-2018,2,Stade Marcel-Michelin,ASM Clermont,RC Toulon,https://top14.lnr.fr/feuille-de-match/2017-2018/j2/8119-clermont-toulon,0
8120,2017-2018,3,Stade Marcel-Deflandre,Stade Rochelais,ASM Clermont,https://top14.lnr.fr/feuille-de-match/2017-2018/j3/8120-la-rochelle-clermont,0
8121,2017-2018,3,Stade Amédée-Domenech,CA Brive,Racing 92,https://top14.lnr.fr/feuille-de-match/2017-2018/j3/8121-brive-racing-92,0
8122,2017-2018,3,Stade Charles-Mathon,Oyonnax Rugby,SU Agen,https://top14.lnr.fr/feuille-de-match/2017-2018/j3/8122-oyonnax-agen,0
8123,2017-2018,3,Stade Chaban-Delmas,Union Bordeaux-Bègles,Stade Français Paris,https://top14.lnr.fr/feuille-de-match/2017-2018/j3/8123-bordeaux-begles-paris,0
8124,2017-2018,3,Stade Pierre-Fabre,Castres Olympique,Montpellier Hérault Rugby,https://top14.lnr.fr/feuille-de-match/2017-2018/j3/8124-castres-montpellier,0
8125,2017-2018,3,Stade du Hameau,Section Paloise,LOU Rugby,https://top14.lnr.fr/feuille-de-match/2017-2018/j3/8125-pau-lyon,0
8126,2017-2018,3,Stade Mayol,RC Toulon,Stade Toulousain,https://top14.lnr.fr/feuille-de-match/2017-2018/j3/8126-toulon-toulouse,0
8127,2017-2018,4,Stade Ernest-Wallon,Stade Toulousain,Stade Français Paris,https://top14.lnr.fr/feuille-de-match/2017-2018/j4/8127-toulouse-paris,0
8128,2017-2018,4,Stade de Gerland,LOU Rugby,Union Bordeaux-Bègles,https://top14.lnr.fr/feuille-de-match/2017-2018/j4/8128-lyon-bordeaux-begles,0
8129,2017-2018,4,Stade du Hameau,Section Paloise,Castres Olympique,https://top14.lnr.fr/feuille-de-match/2017-2018/j4/8129-pau-castres,0
8130,2017-2018,4,Stade Armandie,SU Agen,Stade Rochelais,https://top14.lnr.fr/feuille-de-match/2017-2018/j4/8130-agen-la-rochelle,0
8131,2017-2018,4,Stade Marcel-Michelin,ASM Clermont,CA Brive,https://top14.lnr.fr/feuille-de-match/2017-2018/j4/8131-clermont-brive,0
8132,2017-2018,4,Paris La Défense Arena,Racing 92,Oyonnax Rugby,https://top14.lnr.fr/feuille-de-match/2017-2018/j4/8132-racing-92-oyonnax,0
8133,2017-2018,4,GGL Stadium,Montpellier Hérault Rugby,RC Toulon,https://top14.lnr.fr/feuille-de-match/2017-2018/j4/8133-montpellier-toulon,0
8134,2017-2018,5,Stade Marcel-Michelin,ASM Clermont,Racing 92,https://top14.lnr.fr/feuille-de-match/2017-2018/j5/8134-clermont-racing-92,0
8135,2017-2018,5,Stade Marcel-Deflandre,Stade Rochelais,Oyonnax Rugby,https://top14.lnr.fr/feuille-de-match/2017-2018/j5/8135-la-rochelle-oyonnax,0
8136,2017-2018,5,Stade Armandie,SU Agen,Section Paloise,https://top14.lnr.fr/feuille-de-match/2017-2018/j5/8136-agen-pau,0
8137,2017-2018,5,Stade Chaban-Delmas,Union Bordeaux-Bègles,Montpellier Hérault Rugby,https://top14.lnr.fr/feuille-de-match/2017-2018/j5/8137-bordeaux-begles-montpellier,0
8138,2017-2018,5,Stade Amédée-Domenech,CA Brive,Stade Toulousain,https://top14.lnr.fr/feuille-de-match/2017-2018/j5/8138-brive-toulouse,0
8139,2017-2018,5,Stade de Gerland,LOU Rugby,Castres Olympique,https://top14.lnr.fr/feuille-de-match/2017-2018/j5/8139-lyon-castres,0
8140,2017-2018,5,Stade Jean-Bouin,Stade Français Paris,RC Toulon,https://top14.lnr.fr/feuille-de-match/2017-2018/j5/8140-paris-toulon,0
8141,2017-2018,6,Stade Mayol,RC Toulon,Stade Rochelais,https://top14.lnr.fr/feuille-de-match/2017-2018/j6/8141-toulon-la-rochelle,0
8142,2017-2018,6,Stade Charles-Mathon,Oyonnax Rugby,Union Bordeaux-Bègles,https://top14.lnr.fr/feuille-de-match/2017-2018/j6/8142-oyonnax-bordeaux-begles,0
8143,2017-2018,6,Stade du Hameau,Section Paloise,Stade Français Paris,https://top14.lnr.fr/feuille-de-match/2017-2018/j6/8143-pau-paris,0
8144,2017-2018,6,Stade Ernest-Wallon,Stade Toulousain,SU Agen,https://top14.lnr.fr/feuille-de-match/2017-2018/j6/8144-toulouse-agen,0
8145,2017-2018,6,Paris La Défense Arena,Racing 92,LOU Rugby,https://top14.lnr.fr/feuille-de-match/2017-2018/j6/8145-racing-92-lyon,0
8146,2017-2018,6,GGL Stadium,Montpellier Hérault Rugby,CA Brive,https://top14.lnr.fr/feuille-de-match/2017-2018/j6/8146-montpellier-brive,0
8147,2017-2018,6,Stade Pierre-Fabre,Castres Olympique,ASM Clermont,https://top14.lnr.fr/feuille-de-match/2017-2018/j6/8147-castres-clermont,0
8148,2017-2018,7,Stade Jean-Bouin,Stade Français Paris,Montpellier Hérault Rugby,https://top14.lnr.fr/feuille-de-match/2017-2018/j7/8148-paris-montpellier,0
8149,2017-2018,7,Stade Chaban-Delmas,Union Bordeaux-Bègles,RC Toulon,https://top14.lnr.fr/feuille-de-match/2017-2018/j7/8149-bordeaux-begles-toulon,0
8150,2017-2018,7,Stade Amédée-Domenech,CA Brive,Castres Olympique,https://top14.lnr.fr/feuille-de-match/2017-2018/j7/8150-brive-castres,0
8151,2017-2018,7,Stade Charles-Mathon,Oyonnax Rugby,Section Paloise,https://top14.lnr.fr/feuille-de-match/2017-2018/j7/8151-oyonnax-pau,0
8152,2017-2018,7,Stade Armandie,SU Agen,LOU Rugby,https://top14.lnr.fr/feuille-de-match/2017-2018/j7/8152-agen-lyon,0
8153,2017-2018,7,Stade Marcel-Deflandre,Stade Rochelais,Racing 92,https://top14.lnr.fr/feuille-de-match/2017-2018/j7/8153-la-rochelle-racing-92,0
8154,2017-2018,7,Stade Ernest-Wallon,Stade Toulousain,ASM Clermont,https://top14.lnr.fr/feuille-de-match/2017-2018/j7/8154-toulouse-clermont,0
8155,2017-2018,8,Stade Mayol,RC Toulon,CA Brive,https://top14.lnr.fr/feuille-de-match/2017-2018/j8/8155-toulon-brive,0
8156,2017-2018,8,Stade de Gerland,LOU Rugby,Oyonnax Rugby,https://top14.lnr.fr/feuille-de-match/2017-2018/j8/8156-lyon-oyonnax,0
8157,2017-2018,8,Paris La Défense Arena,Racing 92,Union Bordeaux-Bègles,https://top14.lnr.fr/feuille-de-match/2017-2018/j8/8157-racing-92-bordeaux-begles,0
8158,2017-2018,8,Stade du Hameau,Section Paloise,Montpellier Hérault Rugby,https://top14.lnr.fr/feuille-de-match/2017-2018/j8/8158-pau-montpellier,0
8159,2017-2018,8,Stade Marcel-Michelin,ASM Clermont,Stade Français Paris,https://top14.lnr.fr/feuille-de-match/2017-2018/j8/8159-clermont-paris,0
8160,2017-2018,8,Stade Pierre-Fabre,Castres Olympique,SU Agen,https://top14.lnr.fr/feuille-de-match/2017-2018/j8/8160-castres-agen,0
8161,2017-2018,8,Stade Marcel-Deflandre,Stade Rochelais,Stade Toulousain,https://top14.lnr.fr/feuille-de-match/2017-2018/j8/8161-la-rochelle-toulouse,0
8162,2017-2018,9,Stade Ernest-Wallon,Stade Toulousain,Union Bordeaux-Bègles,https://top14.lnr.fr/feuille-de-match/2017-2018/j9/8162-toulouse-bordeaux-begles,0
8163,2017-2018,9,Stade de Gerland,LOU Rugby,Stade Rochelais,https://top14.lnr.fr/feuille-de-match/2017-2018/j9/8163-lyon-la-rochelle,0
8164,2017-2018,9,Stade Charles-Mathon,Oyonnax Rugby,Castres Olympique,https://top14.lnr.fr/feuille-de-match/2017-2018/j9/8164-oyonnax-castres,0
8165,2017-2018,9,Paris La Défense Arena,Racing 92,Section Paloise,https://top14.lnr.fr/feuille-de-match/2017-2018/j9/8165-racing-92-pau,0
8166,2017-2018,9,Stade Armandie,SU Agen,RC Toulon,https://top14.lnr.fr/feuille-de-match/2017-2018/j9/8166-agen-toulon,0
8167,2017-2018,9,Stade Amédée-Domenech,CA Brive,Stade Français Paris,https://top14.lnr.fr/feuille-de-match/2017-2018/j9/8167-brive-paris,0
8168,2017-2018,9,GGL Stadium,Montpellier Hérault Rugby,ASM Clermont,https://top14.lnr.fr/feuille-de-match/2017-2018/j9/8168-montpellier-clermont,0
8169,2017-2018,10,Stade Marcel-Michelin,ASM Clermont,LOU Rugby,https://top14.lnr.fr/feuille-de-match/2017-2018/j10/8169-clermont-lyon,0
8170,2017-2018,10,Stade Pierre-Fabre,Castres Olympique,Stade Rochelais,https://top14.lnr.fr/feuille-de-match/2017-2018/j10/8170-castres-la-rochelle,0
8171,2017-2018,10,GGL Stadium,Montpellier Hérault Rugby,Stade Toulousain,https://top14.lnr.fr/feuille-de-match/2017-2018/j10/8171-montpellier-toulouse,0
8172,2017-2018,10,Stade du Hameau,Section Paloise,CA Brive,https://top14.lnr.fr/feuille-de-match/2017-2018/j10/8172-pau-brive,0
8173,2017-2018,10,Stade Chaban-Delmas,Union Bordeaux-Bègles,SU Agen,https://top14.lnr.fr/feuille-de-match/2017-2018/j10/8173-bordeaux-begles-agen,0
8174,2017-2018,10,Stade Jean-Bouin,Stade Français Paris,Oyonnax Rugby,https://top14.lnr.fr/feuille-de-match/2017-2018/j10/8174-paris-oyonnax,0
8175,2017-2018,10,Stade Mayol,RC Toulon,Racing 92,https://top14.lnr.fr/feuille-de-match/2017-2018/j10/8175-toulon-racing-92,0
8176,2017-2018,11,Stade Pierre-Fabre,Castres Olympique,RC Toulon,https://top14.lnr.fr/feuille-de-match/2017-2018/j11/8176-castres-toulon,0
8177,2017-2018,11,Stade Charles-Mathon,Oyonnax Rugby,ASM Clermont,https://top14.lnr.fr/feuille-de-match/2017-2018/j11/8177-oyonnax-clermont,0
8178,2017-2018,11,Stade Marcel-Deflandre,Stade Rochelais,Section Paloise,https://top14.lnr.fr/feuille-de-match/2017-2018/j11/8178-la-rochelle-pau,0
8179,2017-2018,11,Stade Armandie,SU Agen,Stade Français Paris,https://top14.lnr.fr/feuille-de-match/2017-2018/j11/8179-agen-paris,0
8180,2017-2018,11,Stade Chaban-Delmas,Union Bordeaux-Bègles,CA Brive,https://top14.lnr.fr/feuille-de-match/2017-2018/j11/8180-bordeaux-begles-brive,0
8181,2017-2018,11,Paris La Défense Arena,Racing 92,Montpellier Hérault Rugby,https://top14.lnr.fr/feuille-de-match/2017-2018/j11/8181-racing-92-montpellier,0
8182,2017-2018,11,Stade de Gerland,LOU Rugby,Stade Toulousain,https://top14.lnr.fr/feuille-de-match/2017-2018/j11/8182-lyon-toulouse,0
8183,2017-2018,12,Stade Marcel-Deflandre,Stade Rochelais,Montpellier Hérault Rugby,https://top14.lnr.fr/feuille-de-match/2017-2018/j12/8183-la-rochelle-montpellier,0
8184,2017-2018,12,Stade Amédée-Domenech,CA Brive,Oyonnax Rugby,https://top14.lnr.fr/feuille-de-match/2017-2018/j12/8184-brive-oyonnax,0
8185,2017-2018,12,Stade du Hameau,Section Paloise,Union Bordeaux-Bègles,https://top14.lnr.fr/feuille-de-match/2017-2018/j12/8185-pau-bordeaux-begles,0
8186,2017-2018,12,Stade Ernest-Wallon,Stade Toulousain,Castres Olympique,https://top14.lnr.fr/feuille-de-match/2017-2018/j12/8186-toulouse-castres,0
8187,2017-2018,12,Stade Mayol,RC Toulon,LOU Rugby,https://top14.lnr.fr/feuille-de-match/2017-2018/j12/8187-toulon-lyon,0
8188,2017-2018,12,Stade Marcel-Michelin,ASM Clermont,SU Agen,https://top14.lnr.fr/feuille-de-match/2017-2018/j12/8188-clermont-agen,0
8189,2017-2018,12,Stade Jean-Bouin,Stade Français Paris,Racing 92,https://top14.lnr.fr/feuille-de-match/2017-2018/j12/8189-paris-racing-92,0
8190,2017-2018,13,Paris La Défense Arena,Racing 92,Stade Toulousain,https://top14.lnr.fr/feuille-de-match/2017-2018/j13/8190-racing-92-toulouse,0
8191,2017-2018,13,Stade Armandie,SU Agen,CA Brive,https://top14.lnr.fr/feuille-de-match/2017-2018/j13/8191-agen-brive,0
8192,2017-2018,13,Stade Chaban-Delmas,Union Bordeaux-Bègles,Stade Rochelais,https://top14.lnr.fr/feuille-de-match/2017-2018/j13/8192-bordeaux-begles-la-rochelle,0
8193,2017-2018,13,GGL Stadium,Montpellier Hérault Rugby,LOU Rugby,https://top14.lnr.fr/feuille-de-match/2017-2018/j13/8193-montpellier-lyon,0
8194,2017-2018,13,Stade Pierre-Fabre,Castres Olympique,Stade Français Paris,https://top14.lnr.fr/feuille-de-match/2017-2018/j13/8194-castres-paris,0
8195,2017-2018,13,Stade Mayol,RC Toulon,Oyonnax Rugby,https://top14.lnr.fr/feuille-de-match/2017-2018/j13/8195-toulon-oyonnax,0
8196,2017-2018,13,Stade du Hameau,Section Paloise,ASM Clermont,https://top14.lnr.fr/feuille-de-match/2017-2018/j13/8196-pau-clermont,0
8197,2017-2018,14,Stade Marcel-Deflandre,Stade Rochelais,SU Agen,https://top14.lnr.fr/feuille-de-match/2017-2018/j14/8197-la-rochelle-agen,0
8198,2017-2018,14,Stade Jean-Bouin,Stade Français Paris,Union Bordeaux-Bègles,https://top14.lnr.fr/feuille-de-match/2017-2018/j14/8198-paris-bordeaux-begles,0
8199,2017-2018,14,Stade Amédée-Domenech,CA Brive,Montpellier Hérault Rugby,https://top14.lnr.fr/feuille-de-match/2017-2018/j14/8199-brive-montpellier,0
8200,2017-2018,14,Stade Charles-Mathon,Oyonnax Rugby,Racing 92,https://top14.lnr.fr/feuille-de-match/2017-2018/j14/8200-oyonnax-racing-92,0
8201,2017-2018,14,Stade Ernest-Wallon,Stade Toulousain,RC Toulon,https://top14.lnr.fr/feuille-de-match/2017-2018/j14/8201-toulouse-toulon,0
8202,2017-2018,14,Stade de Gerland,LOU Rugby,Section Paloise,https://top14.lnr.fr/feuille-de-match/2017-2018/j14/8202-lyon-pau,0
8203,2017-2018,14,Stade Marcel-Michelin,ASM Clermont,Castres Olympique,https://top14.lnr.fr/feuille-de-match/2017-2018/j14/8203-clermont-castres,0
8204,2017-2018,15,Stade Chaban-Delmas,Union Bordeaux-Bègles,LOU Rugby,https://top14.lnr.fr/feuille-de-match/2017-2018/j15/8204-bordeaux-begles-lyon,0
8205,2017-2018,15,Stade Amédée-Domenech,CA Brive,RC Toulon,https://top14.lnr.fr/feuille-de-match/2017-2018/j15/8205-brive-toulon,0
8206,2017-2018,15,Stade Charles-Mathon,Oyonnax Rugby,Stade Rochelais,https://top14.lnr.fr/feuille-de-match/2017-2018/j15/8206-oyonnax-la-rochelle,0
8207,2017-2018,15,Stade Armandie,SU Agen,Castres Olympique,https://top14.lnr.fr/feuille-de-match/2017-2018/j15/8207-agen-castres,0
8208,2017-2018,15,GGL Stadium,Montpellier Hérault Rugby,Stade Français Paris,https://top14.lnr.fr/feuille-de-match/2017-2018/j15/8208-montpellier-paris,0
8209,2017-2018,15,Stade du Hameau,Section Paloise,Stade Toulousain,https://top14.lnr.fr/feuille-de-match/2017-2018/j15/8209-pau-toulouse,0
8210,2017-2018,15,Paris La Défense Arena,Racing 92,ASM Clermont,https://top14.lnr.fr/feuille-de-match/2017-2018/j15/8210-racing-92-clermont,0
8211,2017-2018,16,Stade Mayol,RC Toulon,Union Bordeaux-Bègles,https://top14.lnr.fr/feuille-de-match/2017-2018/j16/8211-toulon-bordeaux-begles,0
8212,2017-2018,16,Stade de Gerland,LOU Rugby,SU Agen,https://top14.lnr.fr/feuille-de-match/2017-2018/j16/8212-lyon-agen,0
8213,2017-2018,16,Stade Marcel-Deflandre,Stade Rochelais,CA Brive,https://top14.lnr.fr/feuille-de-match/2017-2018/j16/8213-la-rochelle-brive,0
8214,2017-2018,16,Stade Ernest-Wallon,Stade Toulousain,Oyonnax Rugby,https://top14.lnr.fr/feuille-de-match/2017-2018/j16/8214-toulouse-oyonnax,0
8215,2017-2018,16,Stade Pierre-Fabre,Castres Olympique,Racing 92,https://top14.lnr.fr/feuille-de-match/2017-2018/j16/8215-castres-racing-92,0
8216,2017-2018,16,Stade Jean-Bouin,Stade Français Paris,Section Paloise,https://top14.lnr.fr/feuille-de-match/2017-2018/j16/8216-paris-pau,0
8217,2017-2018,16,Stade Marcel-Michelin,ASM Clermont,Montpellier Hérault Rugby,https://top14.lnr.fr/feuille-de-match/2017-2018/j16/8217-clermont-montpellier,0
8218,2017-2018,17,Stade Mayol,RC Toulon,Stade Français Paris,https://top14.lnr.fr/feuille-de-match/2017-2018/j17/8218-toulon-paris,0
8219,2017-2018,17,Stade Amédée-Domenech,CA Brive,Section Paloise,https://top14.lnr.fr/feuille-de-match/2017-2018/j17/8219-brive-pau,0
8220,2017-2018,17,Stade Charles-Mathon,Oyonnax Rugby,Montpellier Hérault Rugby,https://top14.lnr.fr/feuille-de-match/2017-2018/j17/8220-oyonnax-montpellier,0
8221,2017-2018,17,Stade Armandie,SU Agen,Stade Toulousain,https://top14.lnr.fr/feuille-de-match/2017-2018/j17/8221-agen-toulouse,0
8222,2017-2018,17,Stade de Gerland,LOU Rugby,ASM Clermont,https://top14.lnr.fr/feuille-de-match/2017-2018/j17/8222-lyon-clermont,0
8223,2017-2018,17,Stade Chaban-Delmas,Union Bordeaux-Bègles,Castres Olympique,https://top14.lnr.fr/feuille-de-match/2017-2018/j17/8223-bordeaux-begles-castres,0
8224,2017-2018,17,Paris La Défense Arena,Racing 92,Stade Rochelais,https://top14.lnr.fr/feuille-de-match/2017-2018/j17/8224-racing-92-la-rochelle,0
8225,2017-2018,18,GGL Stadium,Montpellier Hérault Rugby,Union Bordeaux-Bègles,https://top14.lnr.fr/feuille-de-match/2017-2018/j18/8225-montpellier-bordeaux-begles,0
8226,2017-2018,18,Stade Marcel-Michelin,ASM Clermont,Oyonnax Rugby,https://top14.lnr.fr/feuille-de-match/2017-2018/j18/8226-clermont-oyonnax,0
8227,2017-2018,18,Stade Pierre-Fabre,Castres Olympique,LOU Rugby,https://top14.lnr.fr/feuille-de-match/2017-2018/j18/8227-castres-lyon,0
8228,2017-2018,18,Stade Jean-Bouin,Stade Français Paris,SU Agen,https://top14.lnr.fr/feuille-de-match/2017-2018/j18/8228-paris-agen,0
8229,2017-2018,18,Stade du Hameau,Section Paloise,Racing 92,https://top14.lnr.fr/feuille-de-match/2017-2018/j18/8229-pau-racing-92,0
8230,2017-2018,18,Stade Ernest-Wallon,Stade Toulousain,CA Brive,https://top14.lnr.fr/feuille-de-match/2017-2018/j18/8230-toulouse-brive,0
8231,2017-2018,18,Stade Marcel-Deflandre,Stade Rochelais,RC Toulon,https://top14.lnr.fr/feuille-de-match/2017-2018/j18/8231-la-rochelle-toulon,0
8232,2017-2018,19,Stade de Gerland,LOU Rugby,RC Toulon,https://top14.lnr.fr/feuille-de-match/2017-2018/j19/8232-lyon-toulon,0
8233,2017-2018,19,Stade Pierre-Fabre,Castres Olympique,Section Paloise,https://top14.lnr.fr/feuille-de-match/2017-2018/j19/8233-castres-pau,0
8234,2017-2018,19,Paris La Défense Arena,Racing 92,CA Brive,https://top14.lnr.fr/feuille-de-match/2017-2018/j19/8234-racing-92-brive,0
8235,2017-2018,19,Stade Armandie,SU Agen,Montpellier Hérault Rugby,https://top14.lnr.fr/feuille-de-match/2017-2018/j19/8235-agen-montpellier,0
8236,2017-2018,19,Stade Chaban-Delmas,Union Bordeaux-Bègles,Stade Toulousain,https://top14.lnr.fr/feuille-de-match/2017-2018/j19/8236-bordeaux-begles-toulouse,0
8237,2017-2018,19,Stade Charles-Mathon,Oyonnax Rugby,Stade Français Paris,https://top14.lnr.fr/feuille-de-match/2017-2018/j19/8237-oyonnax-paris,0
8238,2017-2018,19,Stade Marcel-Michelin,ASM Clermont,Stade Rochelais,https://top14.lnr.fr/feuille-de-match/2017-2018/j19/8238-clermont-la-rochelle,0
8239,2017-2018,20,GGL Stadium,Montpellier Hérault Rugby,Racing 92,https://top14.lnr.fr/feuille-de-match/2017-2018/j20/8239-montpellier-racing-92,0
8240,2017-2018,20,Stade Mayol,RC Toulon,SU Agen,https://top14.lnr.fr/feuille-de-match/2017-2018/j20/8240-toulon-agen,0
8241,2017-2018,20,Stade du Hameau,Section Paloise,Stade Rochelais,https://top14.lnr.fr/feuille-de-match/2017-2018/j20/8241-pau-la-rochelle,0
8242,2017-2018,20,Stade Chaban-Delmas,Union Bordeaux-Bègles,Oyonnax Rugby,https://top14.lnr.fr/feuille-de-match/2017-2018/j20/8242-bordeaux-begles-oyonnax,0
8243,2017-2018,20,Stade Amédée-Domenech,CA Brive,ASM Clermont,https://top14.lnr.fr/feuille-de-match/2017-2018/j20/8243-brive-clermont,0
8244,2017-2018,20,Stade Jean-Bouin,Stade Français Paris,Castres Olympique,https://top14.lnr.fr/feuille-de-match/2017-2018/j20/8244-paris-castres,0
8245,2017-2018,20,Stade Ernest-Wallon,Stade Toulousain,LOU Rugby,https://top14.lnr.fr/feuille-de-match/2017-2018/j20/8245-toulouse-lyon,0
8246,2017-2018,21,Paris La Défense Arena,Racing 92,Stade Français Paris,https://top14.lnr.fr/feuille-de-match/2017-2018/j21/8246-racing-92-paris,0
8247,2017-2018,21,Stade Charles-Mathon,Oyonnax Rugby,RC Toulon,https://top14.lnr.fr/feuille-de-match/2017-2018/j21/8247-oyonnax-toulon,0
8248,2017-2018,21,Stade Marcel-Deflandre,Stade Rochelais,LOU Rugby,https://top14.lnr.fr/feuille-de-match/2017-2018/j21/8248-la-rochelle-lyon,0
8249,2017-2018,21,Stade Armandie,SU Agen,Union Bordeaux-Bègles,https://top14.lnr.fr/feuille-de-match/2017-2018/j21/8249-agen-bordeaux-begles,0
8250,2017-2018,21,Stade Marcel-Michelin,ASM Clermont,Section Paloise,https://top14.lnr.fr/feuille-de-match/2017-2018/j21/8250-clermont-pau,0
8251,2017-2018,21,Stade Pierre-Fabre,Castres Olympique,CA Brive,https://top14.lnr.fr/feuille-de-match/2017-2018/j21/8251-castres-brive,0
8252,2017-2018,21,Stade Ernest-Wallon,Stade Toulousain,Montpellier Hérault Rugby,https://top14.lnr.fr/feuille-de-match/2017-2018/j21/8252-toulouse-montpellier,0
8253,2017-2018,22,Stade Marcel-Deflandre,Stade Rochelais,Union Bordeaux-Bègles,https://top14.lnr.fr/feuille-de-match/2017-2018/j22/8253-la-rochelle-bordeaux-begles,0
8254,2017-2018,22,Stade Jean-Bouin,Stade Français Paris,Stade Toulousain,https://top14.lnr.fr/feuille-de-match/2017-2018/j22/8254-paris-toulouse,0
8255,2017-2018,22,Stade Amédée-Domenech,CA Brive,SU Agen,https://top14.lnr.fr/feuille-de-match/2017-2018/j22/8255-brive-agen,0
8256,2017-2018,22,Stade du Hameau,Section Paloise,Oyonnax Rugby,https://top14.lnr.fr/feuille-de-match/2017-2018/j22/8256-pau-oyonnax,0
8257,2017-2018,22,GGL Stadium,Montpellier Hérault Rugby,Castres Olympique,https://top14.lnr.fr/feuille-de-match/2017-2018/j22/8257-montpellier-castres,0
8258,2017-2018,22,Stade Mayol,RC Toulon,ASM Clermont,https://top14.lnr.fr/feuille-de-match/2017-2018/j22/8258-toulon-clermont,0
8259,2017-2018,22,Stade de Gerland,LOU Rugby,Racing 92,https://top14.lnr.fr/feuille-de-match/2017-2018/j22/8259-lyon-racing-92,0
8260,2017-2018,23,Stade Pierre-Fabre,Castres Olympique,Stade Toulousain,https://top14.lnr.fr/feuille-de-match/2017-2018/j23/8260-castres-toulouse,0
8261,2017-2018,23,Stade Amédée-Domenech,CA Brive,LOU Rugby,https://top14.lnr.fr/feuille-de-match/2017-2018/j23/8261-brive-lyon,0
8262,2017-2018,23,Stade Jean-Bouin,Stade Français Paris,ASM Clermont,https://top14.lnr.fr/feuille-de-match/2017-2018/j23/8262-paris-clermont,0
8263,2017-2018,23,Stade Chaban-Delmas,Union Bordeaux-Bègles,Section Paloise,https://top14.lnr.fr/feuille-de-match/2017-2018/j23/8263-bordeaux-begles-pau,0
8264,2017-2018,23,Stade Armandie,SU Agen,Oyonnax Rugby,https://top14.lnr.fr/feuille-de-match/2017-2018/j23/8264-agen-oyonnax,0
8265,2017-2018,23,GGL Stadium,Montpellier Hérault Rugby,Stade Rochelais,https://top14.lnr.fr/feuille-de-match/2017-2018/j23/8265-montpellier-la-rochelle,0
8266,2017-2018,23,Paris La Défense Arena,Racing 92,RC Toulon,https://top14.lnr.fr/feuille-de-match/2017-2018/j23/8266-racing-92-toulon,0
8267,2017-2018,24,Stade Mayol,RC Toulon,Montpellier Hérault Rugby,https://top14.lnr.fr/feuille-de-match/2017-2018/j24/8267-toulon-montpellier,0
8268,2017-2018,24,Stade Marcel-Michelin,ASM Clermont,Union Bordeaux-Bègles,https://top14.lnr.fr/feuille-de-match/2017-2018/j24/8268-clermont-bordeaux-begles,0
8269,2017-2018,24,Stade Charles-Mathon,Oyonnax Rugby,CA Brive,https://top14.lnr.fr/feuille-de-match/2017-2018/j24/8269-oyonnax-brive,0
8270,2017-2018,24,Stade du Hameau,Section Paloise,SU Agen,https://top14.lnr.fr/feuille-de-match/2017-2018/j24/8270-pau-agen,0
8271,2017-2018,24,Stade de Gerland,LOU Rugby,Stade Français Paris,https://top14.lnr.fr/feuille-de-match/2017-2018/j24/8271-lyon-paris,0
8272,2017-2018,24,Stade Marcel-Deflandre,Stade Rochelais,Castres Olympique,https://top14.lnr.fr/feuille-de-match/2017-2018/j24/8272-la-rochelle-castres,0
8273,2017-2018,24,Stade Ernest-Wallon,Stade Toulousain,Racing 92,https://top14.lnr.fr/feuille-de-match/2017-2018/j24/8273-toulouse-racing-92,0
8274,2017-2018,25,Stade Mayol,RC Toulon,Castres Olympique,https://top14.lnr.fr/feuille-de-match/2017-2018/j25/8274-toulon-castres,0
8275,2017-2018,25,GGL Stadium,Montpellier Hérault Rugby,Section Paloise,https://top14.lnr.fr/feuille-de-match/2017-2018/j25/8275-montpellier-pau,0
8276,2017-2018,25,Stade Charles-Mathon,Oyonnax Rugby,LOU Rugby,https://top14.lnr.fr/feuille-de-match/2017-2018/j25/8276-oyonnax-lyon,0
8277,2017-2018,25,Stade Jean-Bouin,Stade Français Paris,CA Brive,https://top14.lnr.fr/feuille-de-match/2017-2018/j25/8277-paris-brive,0
8278,2017-2018,25,Stade Armandie,SU Agen,ASM Clermont,https://top14.lnr.fr/feuille-de-match/2017-2018/j25/8278-agen-clermont,0
8279,2017-2018,25,Stade Chaban-Delmas,Union Bordeaux-Bègles,Racing 92,https://top14.lnr.fr/feuille-de-match/2017-2018/j25/8279-bordeaux-begles-racing-92,0
8280,2017-2018,25,Stade Ernest-Wallon,Stade Toulousain,Stade Rochelais,https://top14.lnr.fr/feuille-de-match/2017-2018/j25/8280-toulouse-la-rochelle,0
8281,2017-2018,26,Stade Marcel-Michelin,ASM Clermont,Stade Toulousain,https://top14.lnr.fr/feuille-de-match/2017-2018/j26/8281-clermont-toulouse,0
8282,2017-2018,26,Stade Amédée-Domenech,CA Brive,Union Bordeaux-Bègles,https://top14.lnr.fr/feuille-de-match/2017-2018/j26/8282-brive-bordeaux-begles,0
8283,2017-2018,26,Stade Pierre-Fabre,Castres Olympique,Oyonnax Rugby,https://top14.lnr.fr/feuille-de-match/2017-2018/j26/8283-castres-oyonnax,0
8284,2017-2018,26,Stade de Gerland,LOU Rugby,Montpellier Hérault Rugby,https://top14.lnr.fr/feuille-de-match/2017-2018/j26/8284-lyon-montpellier,0
8285,2017-2018,26,Paris La Défense Arena,Racing 92,SU Agen,https://top14.lnr.fr/feuille-de-match/2017-2018/j26/8285-racing-92-agen,0
8286,2017-2018,26,Stade du Hameau,Section Paloise,RC Toulon,https://top14.lnr.fr/feuille-de-match/2017-2018/j26/8286-pau-toulon,0
8287,2017-2018,26,Stade Marcel-Deflandre,Stade Rochelais,Stade Français Paris,https://top14.lnr.fr/feuille-de-match/2017-2018/j26/8287-la-rochelle-paris,0
8289,2017-2018,27,Stade Mayol,RC Toulon,LOU Rugby,https://top14.lnr.fr/feuille-de-match/2017-2018/barrages/8289-toulon-lyon,1
8290,2017-2018,27,Stade Ernest-Wallon,Stade Toulousain,Castres Olympique,https://top14.lnr.fr/feuille-de-match/2017-2018/barrages/8290-toulouse-castres,1
8291,2017-2018,28,Parc OL,Montpellier Hérault Rugby ,LOU Rugby,https://top14.lnr.fr/feuille-de-match/2017-2018/demi-finales/8291-montpellier-lyon,1
8292,2017-2018,28,Parc OL,Racing 92,Castres Olympique,https://top14.lnr.fr/feuille-de-match/2017-2018/demi-finales/8292-racing-92-castres,1
8293,2017-2018,29,Stade de France,Montpellier Hérault Rugby ,Castres Olympique,https://top14.lnr.fr/feuille-de-match/2017-2018/finale/8293-montpellier-castres,1
8288,2017-2018,30,Stade des Alpes,FC Grenoble Rugby,Oyonnax Rugby,https://top14.lnr.fr/feuille-de-match/2017-2018/match-daccession/8288-grenoble-oyonnax,1
8541,2018-2019,1,Stade Aimé-Giral,USA Perpignan,Stade Français Paris,https://top14.lnr.fr/feuille-de-match/2018-2019/j1/8541-perpignan-paris,0
8542,2018-2019,1,Stade Marcel-Michelin,ASM Clermont,SU Agen,https://top14.lnr.fr/feuille-de-match/2018-2019/j1/8542-clermont-agen,0
8543,2018-2019,1,Stade de Gerland,LOU Rugby,Stade Toulousain,https://top14.lnr.fr/feuille-de-match/2018-2019/j1/8543-lyon-toulouse,0
8544,2018-2019,1,Stade Marcel-Deflandre,Stade Rochelais,FC Grenoble Rugby,https://top14.lnr.fr/feuille-de-match/2018-2019/j1/8544-la-rochelle-grenoble,0
8545,2018-2019,1,Stade Chaban-Delmas,Union Bordeaux-Bègles,Section Paloise,https://top14.lnr.fr/feuille-de-match/2018-2019/j1/8545-bordeaux-begles-pau,0
8546,2018-2019,1,Stade Mayol,RC Toulon,Racing 92,https://top14.lnr.fr/feuille-de-match/2018-2019/j1/8546-toulon-racing-92,0
8547,2018-2019,1,GGL Stadium,Montpellier Hérault Rugby,Castres Olympique,https://top14.lnr.fr/feuille-de-match/2018-2019/j1/8547-montpellier-castres,0
8548,2018-2019,2,Stade du Hameau,Section Paloise,RC Toulon,https://top14.lnr.fr/feuille-de-match/2018-2019/j2/8548-pau-toulon,0
8549,2018-2019,2,Stade Pierre-Fabre,Castres Olympique,LOU Rugby,https://top14.lnr.fr/feuille-de-match/2018-2019/j2/8549-castres-lyon,0
8550,2018-2019,2,GGL Stadium,Montpellier Hérault Rugby,Stade Rochelais,https://top14.lnr.fr/feuille-de-match/2018-2019/j2/8550-montpellier-la-rochelle,0
8551,2018-2019,2,Stade Jean-Bouin,Stade Français Paris,Union Bordeaux-Bègles,https://top14.lnr.fr/feuille-de-match/2018-2019/j2/8551-paris-bordeaux-begles,0
8552,2018-2019,2,Stade des Alpes,FC Grenoble Rugby,Stade Toulousain,https://top14.lnr.fr/feuille-de-match/2018-2019/j2/8552-grenoble-toulouse,0
8553,2018-2019,2,Stade Armandie,SU Agen,USA Perpignan,https://top14.lnr.fr/feuille-de-match/2018-2019/j2/8553-agen-perpignan,0
8554,2018-2019,2,Paris La Défense Arena,Racing 92,ASM Clermont,https://top14.lnr.fr/feuille-de-match/2018-2019/j2/8554-racing-92-clermont,0
8555,2018-2019,3,Stade Chaban-Delmas,Union Bordeaux-Bègles,Montpellier Hérault Rugby,https://top14.lnr.fr/feuille-de-match/2018-2019/j3/8555-bordeaux-begles-montpellier,0
8556,2018-2019,3,Stade Ernest-Wallon,Stade Toulousain,Stade Rochelais,https://top14.lnr.fr/feuille-de-match/2018-2019/j3/8556-toulouse-la-rochelle,0
8557,2018-2019,3,Paris La Défense Arena,Racing 92,SU Agen,https://top14.lnr.fr/feuille-de-match/2018-2019/j3/8557-racing-92-agen,0
8558,2018-2019,3,Stade Aimé-Giral,USA Perpignan,LOU Rugby,https://top14.lnr.fr/feuille-de-match/2018-2019/j3/8558-perpignan-lyon,0
8559,2018-2019,3,Stade Marcel-Michelin,ASM Clermont,Stade Français Paris,https://top14.lnr.fr/feuille-de-match/2018-2019/j3/8559-clermont-paris,0
8560,2018-2019,3,Stade des Alpes,FC Grenoble Rugby,Section Paloise,https://top14.lnr.fr/feuille-de-match/2018-2019/j3/8560-grenoble-pau,0
8561,2018-2019,3,Stade Mayol,RC Toulon,Castres Olympique,https://top14.lnr.fr/feuille-de-match/2018-2019/j3/8561-toulon-castres,0
8562,2018-2019,4,Stade de Gerland,LOU Rugby,Montpellier Hérault Rugby,https://top14.lnr.fr/feuille-de-match/2018-2019/j4/8562-lyon-montpellier,0
8563,2018-2019,4,Stade Pierre-Fabre,Castres Olympique,FC Grenoble Rugby,https://top14.lnr.fr/feuille-de-match/2018-2019/j4/8563-castres-grenoble,0
8564,2018-2019,4,Stade du Hameau,Section Paloise,ASM Clermont,https://top14.lnr.fr/feuille-de-match/2018-2019/j4/8564-pau-clermont,0
8565,2018-2019,4,Stade Armandie,SU Agen,Union Bordeaux-Bègles,https://top14.lnr.fr/feuille-de-match/2018-2019/j4/8565-agen-bordeaux-begles,0
8566,2018-2019,4,Stade Ernest-Wallon,Stade Toulousain,Racing 92,https://top14.lnr.fr/feuille-de-match/2018-2019/j4/8566-toulouse-racing-92,0
8567,2018-2019,4,Stade Marcel-Deflandre,Stade Rochelais,USA Perpignan,https://top14.lnr.fr/feuille-de-match/2018-2019/j4/8567-la-rochelle-perpignan,0
8568,2018-2019,4,Stade Jean-Bouin,Stade Français Paris,RC Toulon,https://top14.lnr.fr/feuille-de-match/2018-2019/j4/8568-paris-toulon,0
8569,2018-2019,5,Stade Chaban-Delmas,Union Bordeaux-Bègles,ASM Clermont,https://top14.lnr.fr/feuille-de-match/2018-2019/j5/8569-bordeaux-begles-clermont,0
8570,2018-2019,5,Stade des Alpes,FC Grenoble Rugby,USA Perpignan,https://top14.lnr.fr/feuille-de-match/2018-2019/j5/8570-grenoble-perpignan,0
8571,2018-2019,5,Stade Mayol,RC Toulon,SU Agen,https://top14.lnr.fr/feuille-de-match/2018-2019/j5/8571-toulon-agen,0
8572,2018-2019,5,Stade Marcel-Deflandre,Stade Rochelais,LOU Rugby,https://top14.lnr.fr/feuille-de-match/2018-2019/j5/8572-la-rochelle-lyon,0
8573,2018-2019,5,Paris La Défense Arena,Racing 92,Castres Olympique,https://top14.lnr.fr/feuille-de-match/2018-2019/j5/8573-racing-92-castres,0
8574,2018-2019,5,Stade du Hameau,Section Paloise,Stade Français Paris,https://top14.lnr.fr/feuille-de-match/2018-2019/j5/8574-pau-paris,0
8575,2018-2019,5,GGL Stadium,Montpellier Hérault Rugby,Stade Toulousain,https://top14.lnr.fr/feuille-de-match/2018-2019/j5/8575-montpellier-toulouse,0
8576,2018-2019,6,Stade Ernest-Wallon,Stade Toulousain,Castres Olympique,https://top14.lnr.fr/feuille-de-match/2018-2019/j6/8576-toulouse-castres,0
8577,2018-2019,6,Stade de Gerland,LOU Rugby,FC Grenoble Rugby,https://top14.lnr.fr/feuille-de-match/2018-2019/j6/8577-lyon-grenoble,0
8578,2018-2019,6,Stade Armandie,SU Agen,Section Paloise,https://top14.lnr.fr/feuille-de-match/2018-2019/j6/8578-agen-pau,0
8579,2018-2019,6,Stade Chaban-Delmas,Union Bordeaux-Bègles,Stade Rochelais,https://top14.lnr.fr/feuille-de-match/2018-2019/j6/8579-bordeaux-begles-la-rochelle,0
8580,2018-2019,6,Stade Aimé-Giral,USA Perpignan,Montpellier Hérault Rugby,https://top14.lnr.fr/feuille-de-match/2018-2019/j6/8580-perpignan-montpellier,0
8581,2018-2019,6,Stade Marcel-Michelin,ASM Clermont,RC Toulon,https://top14.lnr.fr/feuille-de-match/2018-2019/j6/8581-clermont-toulon,0
8582,2018-2019,6,Stade Jean-Bouin,Stade Français Paris,Racing 92,https://top14.lnr.fr/feuille-de-match/2018-2019/j6/8582-paris-racing-92,0
8583,2018-2019,7,Stade Marcel-Deflandre,Stade Rochelais,ASM Clermont,https://top14.lnr.fr/feuille-de-match/2018-2019/j7/8583-la-rochelle-clermont,0
8584,2018-2019,7,Stade des Alpes,FC Grenoble Rugby,Union Bordeaux-Bègles,https://top14.lnr.fr/feuille-de-match/2018-2019/j7/8584-grenoble-bordeaux-begles,0
8585,2018-2019,7,Paris La Défense Arena,Racing 92,LOU Rugby,https://top14.lnr.fr/feuille-de-match/2018-2019/j7/8585-racing-92-lyon,0
8586,2018-2019,7,Stade du Hameau,Section Paloise,USA Perpignan,https://top14.lnr.fr/feuille-de-match/2018-2019/j7/8586-pau-perpignan,0
8587,2018-2019,7,Stade Ernest-Wallon,Stade Toulousain,SU Agen,https://top14.lnr.fr/feuille-de-match/2018-2019/j7/8587-toulouse-agen,0
8588,2018-2019,7,Stade Pierre-Fabre,Castres Olympique,Stade Français Paris,https://top14.lnr.fr/feuille-de-match/2018-2019/j7/8588-castres-paris,0
8589,2018-2019,7,GGL Stadium,Montpellier Hérault Rugby,RC Toulon,https://top14.lnr.fr/feuille-de-match/2018-2019/j7/8589-montpellier-toulon,0
8590,2018-2019,8,Stade Marcel-Michelin,ASM Clermont,Castres Olympique,https://top14.lnr.fr/feuille-de-match/2018-2019/j8/8590-clermont-castres,0
8591,2018-2019,8,Paris La Défense Arena,Racing 92,Section Paloise,https://top14.lnr.fr/feuille-de-match/2018-2019/j8/8591-racing-92-pau,0
8592,2018-2019,8,Stade Armandie,SU Agen,FC Grenoble Rugby,https://top14.lnr.fr/feuille-de-match/2018-2019/j8/8592-agen-grenoble,0
8593,2018-2019,8,Stade Aimé-Giral,USA Perpignan,Stade Toulousain,https://top14.lnr.fr/feuille-de-match/2018-2019/j8/8593-perpignan-toulouse,0
8594,2018-2019,8,Stade Jean-Bouin,Stade Français Paris,Montpellier Hérault Rugby,https://top14.lnr.fr/feuille-de-match/2018-2019/j8/8594-paris-montpellier,0
8595,2018-2019,8,Stade Chaban-Delmas,Union Bordeaux-Bègles,LOU Rugby,https://top14.lnr.fr/feuille-de-match/2018-2019/j8/8595-bordeaux-begles-lyon,0
8596,2018-2019,8,Stade Mayol,RC Toulon,Stade Rochelais,https://top14.lnr.fr/feuille-de-match/2018-2019/j8/8596-toulon-la-rochelle,0
8597,2018-2019,9,Stade des Alpes,FC Grenoble Rugby,ASM Clermont,https://top14.lnr.fr/feuille-de-match/2018-2019/j9/8597-grenoble-clermont,0
8598,2018-2019,9,Stade Pierre-Fabre,Castres Olympique,Section Paloise,https://top14.lnr.fr/feuille-de-match/2018-2019/j9/8598-castres-pau,0
8599,2018-2019,9,Stade Mayol,RC Toulon,USA Perpignan,https://top14.lnr.fr/feuille-de-match/2018-2019/j9/8599-toulon-perpignan,0
8600,2018-2019,9,Stade Marcel-Deflandre,Stade Rochelais,SU Agen,https://top14.lnr.fr/feuille-de-match/2018-2019/j9/8600-la-rochelle-agen,0
8601,2018-2019,9,Stade Ernest-Wallon,Stade Toulousain,Union Bordeaux-Bègles,https://top14.lnr.fr/feuille-de-match/2018-2019/j9/8601-toulouse-bordeaux-begles,0
8602,2018-2019,9,Stade de Gerland,LOU Rugby,Stade Français Paris,https://top14.lnr.fr/feuille-de-match/2018-2019/j9/8602-lyon-paris,0
8603,2018-2019,9,GGL Stadium,Montpellier Hérault Rugby,Racing 92,https://top14.lnr.fr/feuille-de-match/2018-2019/j9/8603-montpellier-racing-92,0
8604,2018-2019,10,Stade Chaban-Delmas,Union Bordeaux-Bègles,RC Toulon,https://top14.lnr.fr/feuille-de-match/2018-2019/j10/8604-bordeaux-begles-toulon,0
8605,2018-2019,10,Paris La Défense Arena,Racing 92,FC Grenoble Rugby,https://top14.lnr.fr/feuille-de-match/2018-2019/j10/8605-racing-92-grenoble,0
8606,2018-2019,10,Stade du Hameau,Section Paloise,Stade Toulousain,https://top14.lnr.fr/feuille-de-match/2018-2019/j10/8606-pau-toulouse,0
8607,2018-2019,10,Stade Armandie,SU Agen,Montpellier Hérault Rugby,https://top14.lnr.fr/feuille-de-match/2018-2019/j10/8607-agen-montpellier,0
8608,2018-2019,10,Stade Aimé-Giral,USA Perpignan,Castres Olympique,https://top14.lnr.fr/feuille-de-match/2018-2019/j10/8608-perpignan-castres,0
8609,2018-2019,10,Stade Jean-Bouin,Stade Français Paris,Stade Rochelais,https://top14.lnr.fr/feuille-de-match/2018-2019/j10/8609-paris-la-rochelle,0
8610,2018-2019,10,Stade Marcel-Michelin,ASM Clermont,LOU Rugby,https://top14.lnr.fr/feuille-de-match/2018-2019/j10/8610-clermont-lyon,0
8611,2018-2019,11,GGL Stadium,Montpellier Hérault Rugby,ASM Clermont,https://top14.lnr.fr/feuille-de-match/2018-2019/j11/8611-montpellier-clermont,0
8612,2018-2019,11,Stade Pierre-Fabre,Castres Olympique,SU Agen,https://top14.lnr.fr/feuille-de-match/2018-2019/j11/8612-castres-agen,0
8613,2018-2019,11,Stade de Gerland,LOU Rugby,Section Paloise,https://top14.lnr.fr/feuille-de-match/2018-2019/j11/8613-lyon-pau,0
8614,2018-2019,11,Stade Marcel-Deflandre,Stade Rochelais,Racing 92,https://top14.lnr.fr/feuille-de-match/2018-2019/j11/8614-la-rochelle-racing-92,0
8615,2018-2019,11,Stade Mayol,RC Toulon,FC Grenoble Rugby,https://top14.lnr.fr/feuille-de-match/2018-2019/j11/8615-toulon-grenoble,0
8616,2018-2019,11,Stade Aimé-Giral,USA Perpignan,Union Bordeaux-Bègles,https://top14.lnr.fr/feuille-de-match/2018-2019/j11/8616-perpignan-bordeaux-begles,0
8617,2018-2019,11,Stade Ernest-Wallon,Stade Toulousain,Stade Français Paris,https://top14.lnr.fr/feuille-de-match/2018-2019/j11/8617-toulouse-paris,0
8618,2018-2019,12,Stade Armandie,SU Agen,Stade Français Paris,https://top14.lnr.fr/feuille-de-match/2018-2019/j12/8618-agen-paris,0
8619,2018-2019,12,Stade Mayol,RC Toulon,LOU Rugby,https://top14.lnr.fr/feuille-de-match/2018-2019/j12/8619-toulon-lyon,0
8620,2018-2019,12,Stade des Alpes,FC Grenoble Rugby,Montpellier Hérault Rugby,https://top14.lnr.fr/feuille-de-match/2018-2019/j12/8620-grenoble-montpellier,0
8621,2018-2019,12,Paris La Défense Arena,Racing 92,USA Perpignan,https://top14.lnr.fr/feuille-de-match/2018-2019/j12/8621-racing-92-perpignan,0
8622,2018-2019,12,Stade du Hameau,Section Paloise,Stade Rochelais,https://top14.lnr.fr/feuille-de-match/2018-2019/j12/8622-pau-la-rochelle,0
8623,2018-2019,12,Stade Pierre-Fabre,Castres Olympique,Union Bordeaux-Bègles,https://top14.lnr.fr/feuille-de-match/2018-2019/j12/8623-castres-bordeaux-begles,0
8624,2018-2019,12,Stade Marcel-Michelin,ASM Clermont,Stade Toulousain,https://top14.lnr.fr/feuille-de-match/2018-2019/j12/8624-clermont-toulouse,0
8625,2018-2019,13,Stade de Gerland,LOU Rugby,SU Agen,https://top14.lnr.fr/feuille-de-match/2018-2019/j13/8625-lyon-agen,0
8626,2018-2019,13,Stade Jean-Bouin,Stade Français Paris,FC Grenoble Rugby,https://top14.lnr.fr/feuille-de-match/2018-2019/j13/8626-paris-grenoble,0
8627,2018-2019,13,Stade Marcel-Deflandre,Stade Rochelais,Castres Olympique,https://top14.lnr.fr/feuille-de-match/2018-2019/j13/8627-la-rochelle-castres,0
8628,2018-2019,13,Stade Aimé-Giral,USA Perpignan,ASM Clermont,https://top14.lnr.fr/feuille-de-match/2018-2019/j13/8628-perpignan-clermont,0
8629,2018-2019,13,GGL Stadium,Montpellier Hérault Rugby,Section Paloise,https://top14.lnr.fr/feuille-de-match/2018-2019/j13/8629-montpellier-pau,0
8630,2018-2019,13,Stade Chaban-Delmas,Union Bordeaux-Bègles,Racing 92,https://top14.lnr.fr/feuille-de-match/2018-2019/j13/8630-bordeaux-begles-racing-92,0
8631,2018-2019,13,Stade Ernest-Wallon,Stade Toulousain,RC Toulon,https://top14.lnr.fr/feuille-de-match/2018-2019/j13/8631-toulouse-toulon,0
8632,2018-2019,14,Stade Jean-Bouin,Stade Français Paris,USA Perpignan,https://top14.lnr.fr/feuille-de-match/2018-2019/j14/8632-paris-perpignan,0
8633,2018-2019,14,Stade des Alpes,FC Grenoble Rugby,Castres Olympique,https://top14.lnr.fr/feuille-de-match/2018-2019/j14/8633-grenoble-castres,0
8634,2018-2019,14,GGL Stadium,Montpellier Hérault Rugby,LOU Rugby,https://top14.lnr.fr/feuille-de-match/2018-2019/j14/8634-montpellier-lyon,0
8635,2018-2019,14,Stade du Hameau,Section Paloise,Union Bordeaux-Bègles,https://top14.lnr.fr/feuille-de-match/2018-2019/j14/8635-pau-bordeaux-begles,0
8636,2018-2019,14,Stade Armandie,SU Agen,Stade Toulousain,https://top14.lnr.fr/feuille-de-match/2018-2019/j14/8636-agen-toulouse,0
8637,2018-2019,14,Paris La Défense Arena,Racing 92,RC Toulon,https://top14.lnr.fr/feuille-de-match/2018-2019/j14/8637-racing-92-toulon,0
8638,2018-2019,14,Stade Marcel-Michelin,ASM Clermont,Stade Rochelais,https://top14.lnr.fr/feuille-de-match/2018-2019/j14/8638-clermont-la-rochelle,0
8639,2018-2019,15,Stade Pierre-Fabre,Castres Olympique,ASM Clermont,https://top14.lnr.fr/feuille-de-match/2018-2019/j15/8639-castres-clermont,0
8640,2018-2019,15,Stade Chaban-Delmas,Union Bordeaux-Bègles,SU Agen,https://top14.lnr.fr/feuille-de-match/2018-2019/j15/8640-bordeaux-begles-agen,0
8641,2018-2019,15,Stade Marcel-Deflandre,Stade Rochelais,Montpellier Hérault Rugby,https://top14.lnr.fr/feuille-de-match/2018-2019/j15/8641-la-rochelle-montpellier,0
8642,2018-2019,15,Stade Aimé-Giral,USA Perpignan,Section Paloise,https://top14.lnr.fr/feuille-de-match/2018-2019/j15/8642-perpignan-pau,0
8643,2018-2019,15,Stade de Gerland,LOU Rugby,Racing 92,https://top14.lnr.fr/feuille-de-match/2018-2019/j15/8643-lyon-racing-92,0
8644,2018-2019,15,Stade Ernest-Wallon,Stade Toulousain,FC Grenoble Rugby,https://top14.lnr.fr/feuille-de-match/2018-2019/j15/8644-toulouse-grenoble,0
8645,2018-2019,15,Stade Mayol,RC Toulon,Stade Français Paris,https://top14.lnr.fr/feuille-de-match/2018-2019/j15/8645-toulon-paris,0
8646,2018-2019,16,Stade Marcel-Michelin,ASM Clermont,Union Bordeaux-Bègles,https://top14.lnr.fr/feuille-de-match/2018-2019/j16/8646-clermont-bordeaux-begles,0
8647,2018-2019,16,GGL Stadium,Montpellier Hérault Rugby,USA Perpignan,https://top14.lnr.fr/feuille-de-match/2018-2019/j16/8647-montpellier-perpignan,0
8648,2018-2019,16,Stade du Hameau,Section Paloise,Castres Olympique,https://top14.lnr.fr/feuille-de-match/2018-2019/j16/8648-pau-castres,0
8649,2018-2019,16,Stade Jean-Bouin,Stade Français Paris,LOU Rugby,https://top14.lnr.fr/feuille-de-match/2018-2019/j16/8649-paris-lyon,0
8650,2018-2019,16,Stade Armandie,SU Agen,RC Toulon,https://top14.lnr.fr/feuille-de-match/2018-2019/j16/8650-agen-toulon,0
8651,2018-2019,16,Stade des Alpes,FC Grenoble Rugby,Stade Rochelais,https://top14.lnr.fr/feuille-de-match/2018-2019/j16/8651-grenoble-la-rochelle,0
8652,2018-2019,16,Paris La Défense Arena,Racing 92,Stade Toulousain,https://top14.lnr.fr/feuille-de-match/2018-2019/j16/8652-racing-92-toulouse,0
8653,2018-2019,17,Stade Mayol,RC Toulon,Section Paloise,https://top14.lnr.fr/feuille-de-match/2018-2019/j17/8653-toulon-pau,0
8654,2018-2019,17,Stade Ernest-Wallon,Stade Toulousain,Montpellier Hérault Rugby,https://top14.lnr.fr/feuille-de-match/2018-2019/j17/8654-toulouse-montpellier,0
8655,2018-2019,17,Stade Chaban-Delmas,Union Bordeaux-Bègles,FC Grenoble Rugby,https://top14.lnr.fr/feuille-de-match/2018-2019/j17/8655-bordeaux-begles-grenoble,0
8656,2018-2019,17,Stade Aimé-Giral,USA Perpignan,SU Agen,https://top14.lnr.fr/feuille-de-match/2018-2019/j17/8656-perpignan-agen,0
8657,2018-2019,17,Stade Marcel-Deflandre,Stade Rochelais,Stade Français Paris,https://top14.lnr.fr/feuille-de-match/2018-2019/j17/8657-la-rochelle-paris,0
8658,2018-2019,17,Stade Pierre-Fabre,Castres Olympique,Racing 92,https://top14.lnr.fr/feuille-de-match/2018-2019/j17/8658-castres-racing-92,0
8659,2018-2019,17,Stade de Gerland,LOU Rugby,ASM Clermont,https://top14.lnr.fr/feuille-de-match/2018-2019/j17/8659-lyon-clermont,0
8660,2018-2019,18,Paris La Défense Arena,Racing 92,Stade Rochelais,https://top14.lnr.fr/feuille-de-match/2018-2019/j18/8660-racing-92-la-rochelle,0
8661,2018-2019,18,Stade Marcel-Michelin,ASM Clermont,FC Grenoble Rugby,https://top14.lnr.fr/feuille-de-match/2018-2019/j18/8661-clermont-grenoble,0
8662,2018-2019,18,GGL Stadium,Montpellier Hérault Rugby,Union Bordeaux-Bègles,https://top14.lnr.fr/feuille-de-match/2018-2019/j18/8662-montpellier-bordeaux-begles,0
8663,2018-2019,18,Stade du Hameau,Section Paloise,SU Agen,https://top14.lnr.fr/feuille-de-match/2018-2019/j18/8663-pau-agen,0
8664,2018-2019,18,Stade de Gerland,LOU Rugby,Castres Olympique,https://top14.lnr.fr/feuille-de-match/2018-2019/j18/8664-lyon-castres,0
8665,2018-2019,18,Stade Aimé-Giral,USA Perpignan,RC Toulon,https://top14.lnr.fr/feuille-de-match/2018-2019/j18/8665-perpignan-toulon,0
8666,2018-2019,18,Stade Jean-Bouin,Stade Français Paris,Stade Toulousain,https://top14.lnr.fr/feuille-de-match/2018-2019/j18/8666-paris-toulouse,0
8667,2018-2019,19,Stade Mayol,RC Toulon,Montpellier Hérault Rugby,https://top14.lnr.fr/feuille-de-match/2018-2019/j19/8667-toulon-montpellier,0
8668,2018-2019,19,Stade Pierre-Fabre,Castres Olympique,USA Perpignan,https://top14.lnr.fr/feuille-de-match/2018-2019/j19/8668-castres-perpignan,0
8669,2018-2019,19,Stade des Alpes,FC Grenoble Rugby,Racing 92,https://top14.lnr.fr/feuille-de-match/2018-2019/j19/8669-grenoble-racing-92,0
8670,2018-2019,19,Stade Armandie,SU Agen,Stade Rochelais,https://top14.lnr.fr/feuille-de-match/2018-2019/j19/8670-agen-la-rochelle,0
8671,2018-2019,19,Stade Chaban-Delmas,Union Bordeaux-Bègles,Stade Français Paris,https://top14.lnr.fr/feuille-de-match/2018-2019/j19/8671-bordeaux-begles-paris,0
8672,2018-2019,19,Stade Marcel-Michelin,ASM Clermont,Section Paloise,https://top14.lnr.fr/feuille-de-match/2018-2019/j19/8672-clermont-pau,0
8673,2018-2019,19,Stade Ernest-Wallon,Stade Toulousain,LOU Rugby,https://top14.lnr.fr/feuille-de-match/2018-2019/j19/8673-toulouse-lyon,0
8674,2018-2019,20,Stade de Gerland,LOU Rugby,RC Toulon,https://top14.lnr.fr/feuille-de-match/2018-2019/j20/8674-lyon-toulon,0
8675,2018-2019,20,Stade Jean-Bouin,Stade Français Paris,Castres Olympique,https://top14.lnr.fr/feuille-de-match/2018-2019/j20/8675-paris-castres,0
8676,2018-2019,20,Stade du Hameau,Section Paloise,Montpellier Hérault Rugby,https://top14.lnr.fr/feuille-de-match/2018-2019/j20/8676-pau-montpellier,0
8677,2018-2019,20,Stade Aimé-Giral,USA Perpignan,FC Grenoble Rugby,https://top14.lnr.fr/feuille-de-match/2018-2019/j20/8677-perpignan-grenoble,0
8678,2018-2019,20,Stade Armandie,SU Agen,ASM Clermont,https://top14.lnr.fr/feuille-de-match/2018-2019/j20/8678-agen-clermont,0
8679,2018-2019,20,Paris La Défense Arena,Racing 92,Union Bordeaux-Bègles,https://top14.lnr.fr/feuille-de-match/2018-2019/j20/8679-racing-92-bordeaux-begles,0
8680,2018-2019,20,Stade Marcel-Deflandre,Stade Rochelais,Stade Toulousain,https://top14.lnr.fr/feuille-de-match/2018-2019/j20/8680-la-rochelle-toulouse,0
8681,2018-2019,21,Stade Mayol,RC Toulon,Stade Toulousain,https://top14.lnr.fr/feuille-de-match/2018-2019/j21/8681-toulon-toulouse,0
8682,2018-2019,21,Stade des Alpes,FC Grenoble Rugby,Stade Français Paris,https://top14.lnr.fr/feuille-de-match/2018-2019/j21/8682-grenoble-paris,0
8683,2018-2019,21,GGL Stadium,Montpellier Hérault Rugby,SU Agen,https://top14.lnr.fr/feuille-de-match/2018-2019/j21/8683-montpellier-agen,0
8684,2018-2019,21,Stade Chaban-Delmas,Union Bordeaux-Bègles,USA Perpignan,https://top14.lnr.fr/feuille-de-match/2018-2019/j21/8684-bordeaux-begles-perpignan,0
8685,2018-2019,21,Stade Pierre-Fabre,Castres Olympique,Stade Rochelais,https://top14.lnr.fr/feuille-de-match/2018-2019/j21/8685-castres-la-rochelle,0
8686,2018-2019,21,Stade du Hameau,Section Paloise,LOU Rugby,https://top14.lnr.fr/feuille-de-match/2018-2019/j21/8686-pau-lyon,0
8687,2018-2019,21,Stade Marcel-Michelin,ASM Clermont,Racing 92,https://top14.lnr.fr/feuille-de-match/2018-2019/j21/8687-clermont-racing-92,0
8688,2018-2019,22,Stade Chaban-Delmas,Union Bordeaux-Bègles,Castres Olympique,https://top14.lnr.fr/feuille-de-match/2018-2019/j22/8688-bordeaux-begles-castres,0
8689,2018-2019,22,Stade de Gerland,LOU Rugby,USA Perpignan,https://top14.lnr.fr/feuille-de-match/2018-2019/j22/8689-lyon-perpignan,0
8690,2018-2019,22,Stade Jean-Bouin,Stade Français Paris,SU Agen,https://top14.lnr.fr/feuille-de-match/2018-2019/j22/8690-paris-agen,0
8691,2018-2019,22,Stade Marcel-Deflandre,Stade Rochelais,Section Paloise,https://top14.lnr.fr/feuille-de-match/2018-2019/j22/8691-la-rochelle-pau,0
8692,2018-2019,22,Stade des Alpes,FC Grenoble Rugby,RC Toulon,https://top14.lnr.fr/feuille-de-match/2018-2019/j22/8692-grenoble-toulon,0
8693,2018-2019,22,Paris La Défense Arena,Racing 92,Montpellier Hérault Rugby,https://top14.lnr.fr/feuille-de-match/2018-2019/j22/8693-racing-92-montpellier,0
8694,2018-2019,22,Stade Ernest-Wallon,Stade Toulousain,ASM Clermont,https://top14.lnr.fr/feuille-de-match/2018-2019/j22/8694-toulouse-clermont,0
8695,2018-2019,23,Stade du Hameau,Section Paloise,Racing 92,https://top14.lnr.fr/feuille-de-match/2018-2019/j23/8695-pau-racing-92,0
8696,2018-2019,23,Stade Pierre-Fabre,Castres Olympique,Stade Toulousain,https://top14.lnr.fr/feuille-de-match/2018-2019/j23/8696-castres-toulouse,0
8697,2018-2019,23,GGL Stadium,Montpellier Hérault Rugby,FC Grenoble Rugby,https://top14.lnr.fr/feuille-de-match/2018-2019/j23/8697-montpellier-grenoble,0
8698,2018-2019,23,Stade Armandie,SU Agen,LOU Rugby,https://top14.lnr.fr/feuille-de-match/2018-2019/j23/8698-agen-lyon,0
8699,2018-2019,23,Stade Aimé-Giral,USA Perpignan,Stade Rochelais,https://top14.lnr.fr/feuille-de-match/2018-2019/j23/8699-perpignan-la-rochelle,0
8700,2018-2019,23,Stade Mayol,RC Toulon,Union Bordeaux-Bègles,https://top14.lnr.fr/feuille-de-match/2018-2019/j23/8700-toulon-bordeaux-begles,0
8701,2018-2019,23,Stade Jean-Bouin,Stade Français Paris,ASM Clermont,https://top14.lnr.fr/feuille-de-match/2018-2019/j23/8701-paris-clermont,0
8702,2018-2019,24,Stade Ernest-Wallon,Stade Toulousain,Section Paloise,https://top14.lnr.fr/feuille-de-match/2018-2019/j24/8702-toulouse-pau,0
8704,2018-2019,24,Stade Pierre-Fabre,Castres Olympique,Montpellier Hérault Rugby,https://top14.lnr.fr/feuille-de-match/2018-2019/j24/8704-castres-montpellier,0
8705,2018-2019,24,Stade des Alpes,FC Grenoble Rugby,SU Agen,https://top14.lnr.fr/feuille-de-match/2018-2019/j24/8705-grenoble-agen,0
8703,2018-2019,24,Stade Marcel-Michelin,ASM Clermont,USA Perpignan,https://top14.lnr.fr/feuille-de-match/2018-2019/j24/8703-clermont-perpignan,0
8706,2018-2019,24,Stade Marcel-Deflandre,Stade Rochelais,RC Toulon,https://top14.lnr.fr/feuille-de-match/2018-2019/j24/8706-la-rochelle-toulon,0
8707,2018-2019,24,Stade de Gerland,LOU Rugby,Union Bordeaux-Bègles,https://top14.lnr.fr/feuille-de-match/2018-2019/j24/8707-lyon-bordeaux-begles,0
8708,2018-2019,24,Paris La Défense Arena,Racing 92,Stade Français Paris,https://top14.lnr.fr/feuille-de-match/2018-2019/j24/8708-racing-92-paris,0
8709,2018-2019,25,Stade du Hameau,Section Paloise,FC Grenoble Rugby,https://top14.lnr.fr/feuille-de-match/2018-2019/j25/8709-pau-grenoble,0
8710,2018-2019,25,Stade Armandie,SU Agen,Castres Olympique,https://top14.lnr.fr/feuille-de-match/2018-2019/j25/8710-agen-castres,0
8711,2018-2019,25,Stade Aimé-Giral,USA Perpignan,Racing 92,https://top14.lnr.fr/feuille-de-match/2018-2019/j25/8711-perpignan-racing-92,0
8712,2018-2019,25,Stade de Gerland,LOU Rugby,Stade Rochelais,https://top14.lnr.fr/feuille-de-match/2018-2019/j25/8712-lyon-la-rochelle,0
8713,2018-2019,25,GGL Stadium,Montpellier Hérault Rugby,Stade Français Paris,https://top14.lnr.fr/feuille-de-match/2018-2019/j25/8713-montpellier-paris,0
8714,2018-2019,25,Stade Chaban-Delmas,Union Bordeaux-Bègles,Stade Toulousain,https://top14.lnr.fr/feuille-de-match/2018-2019/j25/8714-bordeaux-begles-toulouse,0
8715,2018-2019,25,Stade Mayol,RC Toulon,ASM Clermont,https://top14.lnr.fr/feuille-de-match/2018-2019/j25/8715-toulon-clermont,0
8716,2018-2019,26,Stade Marcel-Michelin,ASM Clermont,Montpellier Hérault Rugby,https://top14.lnr.fr/feuille-de-match/2018-2019/j26/8716-clermont-montpellier,0
8717,2018-2019,26,Stade Pierre-Fabre,Castres Olympique,RC Toulon,https://top14.lnr.fr/feuille-de-match/2018-2019/j26/8717-castres-toulon,0
8718,2018-2019,26,Stade des Alpes,FC Grenoble Rugby,LOU Rugby,https://top14.lnr.fr/feuille-de-match/2018-2019/j26/8718-grenoble-lyon,0
8719,2018-2019,26,Stade Jean-Bouin,Stade Français Paris,Section Paloise,https://top14.lnr.fr/feuille-de-match/2018-2019/j26/8719-paris-pau,0
8720,2018-2019,26,Stade Marcel-Deflandre,Stade Rochelais,Union Bordeaux-Bègles,https://top14.lnr.fr/feuille-de-match/2018-2019/j26/8720-la-rochelle-bordeaux-begles,0
8721,2018-2019,26,Stade Ernest-Wallon,Stade Toulousain,USA Perpignan,https://top14.lnr.fr/feuille-de-match/2018-2019/j26/8721-toulouse-perpignan,0
8722,2018-2019,26,Stade Armandie,SU Agen,Racing 92,https://top14.lnr.fr/feuille-de-match/2018-2019/j26/8722-agen-racing-92,0
8723,2018-2019,27,Paris La Défense Arena,Racing 92,Stade Rochelais,https://top14.lnr.fr/feuille-de-match/2018-2019/barrages/8723-racing-92-la-rochelle,1
8724,2018-2019,27,Stade de Gerland,LOU Rugby,Montpellier Hérault Rugby ,https://top14.lnr.fr/feuille-de-match/2018-2019/barrages/8724-lyon-montpellier,1
8726,2018-2019,28,Stade Matmut-Atlantique,Stade Toulousain,Stade Rochelais,https://top14.lnr.fr/feuille-de-match/2018-2019/demi-finales/8726-toulouse-la-rochelle,1
8727,2018-2019,28,Stade Matmut-Atlantique,ASM Clermont,LOU Rugby,https://top14.lnr.fr/feuille-de-match/2018-2019/demi-finales/8727-clermont-lyon,1
8728,2018-2019,29,Stade de France,Stade Toulousain,ASM Clermont,https://top14.lnr.fr/feuille-de-match/2018-2019/finale/8728-toulouse-clermont,1
8725,2018-2019,30,Stade Amédée-Domenech,CA Brive,FC Grenoble Rugby,https://top14.lnr.fr/feuille-de-match/2018-2019/match-daccession/8725-brive-grenoble,1
9740,2021-2022,1,Stade d'Aguiléra,Biarritz Olympique PB,Union Bordeaux-Bègles,https://top14.lnr.fr/feuille-de-match/2021-2022/j1/9740-biarritz-bordeaux-begles,0
9741,2021-2022,1,Stade Amédée-Domenech,CA Brive,USA Perpignan,https://top14.lnr.fr/feuille-de-match/2021-2022/j1/9741-brive-perpignan,0
9742,2021-2022,1,Stade Pierre-Fabre,Castres Olympique,Section Paloise,https://top14.lnr.fr/feuille-de-match/2021-2022/j1/9742-castres-pau,0
9743,2021-2022,1,Stade Jean-Bouin,Stade Français Paris,Racing 92,https://top14.lnr.fr/feuille-de-match/2021-2022/j1/9743-paris-racing-92,0
9744,2021-2022,1,Stade Mayol,RC Toulon,Montpellier Hérault Rugby,https://top14.lnr.fr/feuille-de-match/2021-2022/j1/9744-toulon-montpellier,0
9745,2021-2022,1,Stade de Gerland,LOU Rugby,ASM Clermont,https://top14.lnr.fr/feuille-de-match/2021-2022/j1/9745-lyon-clermont,0
9746,2021-2022,1,Stade Marcel-Deflandre,Stade Rochelais,Stade Toulousain,https://top14.lnr.fr/feuille-de-match/2021-2022/j1/9746-la-rochelle-toulouse,0
9747,2021-2022,2,Stade Marcel-Michelin,ASM Clermont,Castres Olympique,https://top14.lnr.fr/feuille-de-match/2021-2022/j2/9747-clermont-castres,0
9748,2021-2022,2,GGL Stadium,Montpellier Hérault Rugby,CA Brive,https://top14.lnr.fr/feuille-de-match/2021-2022/j2/9748-montpellier-brive,0
9749,2021-2022,2,Stade du Hameau,Section Paloise,LOU Rugby,https://top14.lnr.fr/feuille-de-match/2021-2022/j2/9749-pau-lyon,0
9750,2021-2022,2,Stade Aimé-Giral,USA Perpignan,Biarritz Olympique PB,https://top14.lnr.fr/feuille-de-match/2021-2022/j2/9750-perpignan-biarritz,0
9751,2021-2022,2,Stade Chaban-Delmas,Union Bordeaux-Bègles,Stade Français Paris,https://top14.lnr.fr/feuille-de-match/2021-2022/j2/9751-bordeaux-begles-paris,0
9752,2021-2022,2,Paris La Défense Arena,Racing 92,Stade Rochelais,https://top14.lnr.fr/feuille-de-match/2021-2022/j2/9752-racing-92-la-rochelle,0
9753,2021-2022,2,Stade Ernest-Wallon,Stade Toulousain,RC Toulon,https://top14.lnr.fr/feuille-de-match/2021-2022/j2/9753-toulouse-toulon,0
9754,2021-2022,3,Stade d'Aguiléra,Biarritz Olympique PB,Racing 92,https://top14.lnr.fr/feuille-de-match/2021-2022/j3/9754-biarritz-racing-92,0
9755,2021-2022,3,Stade Amédée-Domenech,CA Brive,Section Paloise,https://top14.lnr.fr/feuille-de-match/2021-2022/j3/9755-brive-pau,0
9756,2021-2022,3,Stade Pierre-Fabre,Castres Olympique,Union Bordeaux-Bègles,https://top14.lnr.fr/feuille-de-match/2021-2022/j3/9756-castres-bordeaux-begles,0
9757,2021-2022,3,Stade de Gerland,LOU Rugby,USA Perpignan,https://top14.lnr.fr/feuille-de-match/2021-2022/j3/9757-lyon-perpignan,0
9758,2021-2022,3,GGL Stadium,Montpellier Hérault Rugby,Stade Toulousain,https://top14.lnr.fr/feuille-de-match/2021-2022/j3/9758-montpellier-toulouse,0
9759,2021-2022,3,Stade Marcel-Michelin,ASM Clermont,Stade Rochelais,https://top14.lnr.fr/feuille-de-match/2021-2022/j3/9759-clermont-la-rochelle,0
9760,2021-2022,3,Stade Mayol,RC Toulon,Stade Français Paris,https://top14.lnr.fr/feuille-de-match/2021-2022/j3/9760-toulon-paris,0
9761,2021-2022,4,Stade Chaban-Delmas,Union Bordeaux-Bègles,CA Brive,https://top14.lnr.fr/feuille-de-match/2021-2022/j4/9761-bordeaux-begles-brive,0
9762,2021-2022,4,Stade du Hameau,Section Paloise,Montpellier Hérault Rugby,https://top14.lnr.fr/feuille-de-match/2021-2022/j4/9762-pau-montpellier,0
9763,2021-2022,4,Stade Jean-Bouin,Stade Français Paris,Castres Olympique,https://top14.lnr.fr/feuille-de-match/2021-2022/j4/9763-paris-castres,0
9764,2021-2022,4,Stade Marcel-Deflandre,Stade Rochelais,Biarritz Olympique PB,https://top14.lnr.fr/feuille-de-match/2021-2022/j4/9764-la-rochelle-biarritz,0
9765,2021-2022,4,Paris La Défense Arena,Racing 92,LOU Rugby,https://top14.lnr.fr/feuille-de-match/2021-2022/j4/9765-racing-92-lyon,0
9766,2021-2022,4,Stade Aimé-Giral,USA Perpignan,RC Toulon,https://top14.lnr.fr/feuille-de-match/2021-2022/j4/9766-perpignan-toulon,0
9767,2021-2022,4,Stade Ernest-Wallon,Stade Toulousain,ASM Clermont,https://top14.lnr.fr/feuille-de-match/2021-2022/j4/9767-toulouse-clermont,0
9768,2021-2022,5,Stade Amédée-Domenech,CA Brive,Stade Français Paris,https://top14.lnr.fr/feuille-de-match/2021-2022/j5/9768-brive-paris,0
9769,2021-2022,5,Stade de Gerland,LOU Rugby,Union Bordeaux-Bègles,https://top14.lnr.fr/feuille-de-match/2021-2022/j5/9769-lyon-bordeaux-begles,0
9770,2021-2022,5,GGL Stadium,Montpellier Hérault Rugby,Stade Rochelais,https://top14.lnr.fr/feuille-de-match/2021-2022/j5/9770-montpellier-la-rochelle,0
9771,2021-2022,5,Stade Aimé-Giral,USA Perpignan,Section Paloise,https://top14.lnr.fr/feuille-de-match/2021-2022/j5/9771-perpignan-pau,0
9772,2021-2022,5,Stade d'Aguiléra,Biarritz Olympique PB,Stade Toulousain,https://top14.lnr.fr/feuille-de-match/2021-2022/j5/9772-biarritz-toulouse,0
9773,2021-2022,5,Stade Pierre-Fabre,Castres Olympique,RC Toulon,https://top14.lnr.fr/feuille-de-match/2021-2022/j5/9773-castres-toulon,0
9774,2021-2022,5,Stade Marcel-Michelin,ASM Clermont,Racing 92,https://top14.lnr.fr/feuille-de-match/2021-2022/j5/9774-clermont-racing-92,0
9775,2021-2022,6,Stade d'Aguiléra,Biarritz Olympique PB,LOU Rugby,https://top14.lnr.fr/feuille-de-match/2021-2022/j6/9775-biarritz-lyon,0
9776,2021-2022,6,Stade Chaban-Delmas,Union Bordeaux-Bègles,Montpellier Hérault Rugby,https://top14.lnr.fr/feuille-de-match/2021-2022/j6/9776-bordeaux-begles-montpellier,0
9777,2021-2022,6,Paris La Défense Arena,Racing 92,USA Perpignan,https://top14.lnr.fr/feuille-de-match/2021-2022/j6/9777-racing-92-perpignan,0
9778,2021-2022,6,Stade Marcel-Deflandre,Stade Rochelais,Castres Olympique,https://top14.lnr.fr/feuille-de-match/2021-2022/j6/9778-la-rochelle-castres,0
9779,2021-2022,6,Stade Ernest-Wallon,Stade Toulousain,Section Paloise,https://top14.lnr.fr/feuille-de-match/2021-2022/j6/9779-toulouse-pau,0
9780,2021-2022,6,Stade Mayol,RC Toulon,CA Brive,https://top14.lnr.fr/feuille-de-match/2021-2022/j6/9780-toulon-brive,0
9781,2021-2022,6,Stade Jean-Bouin,Stade Français Paris,ASM Clermont,https://top14.lnr.fr/feuille-de-match/2021-2022/j6/9781-paris-clermont,0
9782,2021-2022,7,Stade Amédée-Domenech,CA Brive,Stade Rochelais,https://top14.lnr.fr/feuille-de-match/2021-2022/j7/9782-brive-la-rochelle,0
9783,2021-2022,7,Stade Pierre-Fabre,Castres Olympique,Biarritz Olympique PB,https://top14.lnr.fr/feuille-de-match/2021-2022/j7/9783-castres-biarritz,0
9784,2021-2022,7,Stade du Hameau,Section Paloise,Union Bordeaux-Bègles,https://top14.lnr.fr/feuille-de-match/2021-2022/j7/9784-pau-bordeaux-begles,0
9785,2021-2022,7,Stade Aimé-Giral,USA Perpignan,Stade Français Paris,https://top14.lnr.fr/feuille-de-match/2021-2022/j7/9785-perpignan-paris,0
9786,2021-2022,7,GGL Stadium,Montpellier Hérault Rugby,ASM Clermont,https://top14.lnr.fr/feuille-de-match/2021-2022/j7/9786-montpellier-clermont,0
9787,2021-2022,7,Stade Mayol,RC Toulon,Racing 92,https://top14.lnr.fr/feuille-de-match/2021-2022/j7/9787-toulon-racing-92,0
9788,2021-2022,7,Stade de Gerland,LOU Rugby,Stade Toulousain,https://top14.lnr.fr/feuille-de-match/2021-2022/j7/9788-lyon-toulouse,0
9789,2021-2022,8,Stade Marcel-Michelin,ASM Clermont,Section Paloise,https://top14.lnr.fr/feuille-de-match/2021-2022/j8/9789-clermont-pau,0
9790,2021-2022,8,Stade d'Aguiléra,Biarritz Olympique PB,CA Brive,https://top14.lnr.fr/feuille-de-match/2021-2022/j8/9790-biarritz-brive,0
9791,2021-2022,8,Stade Chaban-Delmas,Union Bordeaux-Bègles,USA Perpignan,https://top14.lnr.fr/feuille-de-match/2021-2022/j8/9791-bordeaux-begles-perpignan,0
9792,2021-2022,8,Stade Jean-Bouin,Stade Français Paris,LOU Rugby,https://top14.lnr.fr/feuille-de-match/2021-2022/j8/9792-paris-lyon,0
9793,2021-2022,8,Paris La Défense Arena,Racing 92,Montpellier Hérault Rugby,https://top14.lnr.fr/feuille-de-match/2021-2022/j8/9793-racing-92-montpellier,0
9794,2021-2022,8,Stade Ernest-Wallon,Stade Toulousain,Castres Olympique,https://top14.lnr.fr/feuille-de-match/2021-2022/j8/9794-toulouse-castres,0
9795,2021-2022,8,Stade Marcel-Deflandre,Stade Rochelais,RC Toulon,https://top14.lnr.fr/feuille-de-match/2021-2022/j8/9795-la-rochelle-toulon,0
9796,2021-2022,9,Stade Pierre-Fabre,Castres Olympique,CA Brive,https://top14.lnr.fr/feuille-de-match/2021-2022/j9/9796-castres-brive,0
9797,2021-2022,9,Stade Mayol,RC Toulon,Biarritz Olympique PB,https://top14.lnr.fr/feuille-de-match/2021-2022/j9/9797-toulon-biarritz,0
9798,2021-2022,9,Stade du Hameau,Section Paloise,Stade Français Paris,https://top14.lnr.fr/feuille-de-match/2021-2022/j9/9798-pau-paris,0
9799,2021-2022,9,Stade Aimé-Giral,USA Perpignan,Stade Rochelais,https://top14.lnr.fr/feuille-de-match/2021-2022/j9/9799-perpignan-la-rochelle,0
9800,2021-2022,9,GGL Stadium,Montpellier Hérault Rugby,LOU Rugby,https://top14.lnr.fr/feuille-de-match/2021-2022/j9/9800-montpellier-lyon,0
9801,2021-2022,9,Stade Chaban-Delmas,Union Bordeaux-Bègles,ASM Clermont,https://top14.lnr.fr/feuille-de-match/2021-2022/j9/9801-bordeaux-begles-clermont,0
9802,2021-2022,9,Paris La Défense Arena,Racing 92,Stade Toulousain,https://top14.lnr.fr/feuille-de-match/2021-2022/j9/9802-racing-92-toulouse,0
9803,2021-2022,10,Stade Marcel-Deflandre,Stade Rochelais,Union Bordeaux-Bègles,https://top14.lnr.fr/feuille-de-match/2021-2022/j10/9803-la-rochelle-bordeaux-begles,0
9804,2021-2022,10,Stade de Gerland,LOU Rugby,Castres Olympique,https://top14.lnr.fr/feuille-de-match/2021-2022/j10/9804-lyon-castres,0
9805,2021-2022,10,Stade du Hameau,Section Paloise,Biarritz Olympique PB,https://top14.lnr.fr/feuille-de-match/2021-2022/j10/9805-pau-biarritz,0
9806,2021-2022,10,Stade Jean-Bouin,Stade Français Paris,Montpellier Hérault Rugby,https://top14.lnr.fr/feuille-de-match/2021-2022/j10/9806-paris-montpellier,0
9807,2021-2022,10,Stade Ernest-Wallon,Stade Toulousain,USA Perpignan,https://top14.lnr.fr/feuille-de-match/2021-2022/j10/9807-toulouse-perpignan,0
9808,2021-2022,10,Stade Amédée-Domenech,CA Brive,Racing 92,https://top14.lnr.fr/feuille-de-match/2021-2022/j10/9808-brive-racing-92,0
9809,2021-2022,10,Stade Marcel-Michelin,ASM Clermont,RC Toulon,https://top14.lnr.fr/feuille-de-match/2021-2022/j10/9809-clermont-toulon,0
9810,2021-2022,11,Stade d'Aguiléra,Biarritz Olympique PB,Stade Français Paris,https://top14.lnr.fr/feuille-de-match/2021-2022/j11/9810-biarritz-paris,0
9811,2021-2022,11,GGL Stadium,Montpellier Hérault Rugby,Castres Olympique,https://top14.lnr.fr/feuille-de-match/2021-2022/j11/9811-montpellier-castres,0
9812,2021-2022,11,Stade Marcel-Deflandre,Stade Rochelais,Section Paloise,https://top14.lnr.fr/feuille-de-match/2021-2022/j11/9812-la-rochelle-pau,0
9813,2021-2022,11,Stade Aimé-Giral,USA Perpignan,ASM Clermont,https://top14.lnr.fr/feuille-de-match/2021-2022/j11/9813-perpignan-clermont,0
9814,2021-2022,11,Stade Mayol,RC Toulon,LOU Rugby,https://top14.lnr.fr/feuille-de-match/2021-2022/j11/9814-toulon-lyon,0
9815,2021-2022,11,Stade Ernest-Wallon,Stade Toulousain,CA Brive,https://top14.lnr.fr/feuille-de-match/2021-2022/j11/9815-toulouse-brive,0
9816,2021-2022,11,Paris La Défense Arena,Racing 92,Union Bordeaux-Bègles,https://top14.lnr.fr/feuille-de-match/2021-2022/j11/9816-racing-92-bordeaux-begles,0
9817,2021-2022,12,Stade Marcel-Michelin,ASM Clermont,Biarritz Olympique PB,https://top14.lnr.fr/feuille-de-match/2021-2022/j12/9817-clermont-biarritz,0
9818,2021-2022,12,Stade Pierre-Fabre,Castres Olympique,Racing 92,https://top14.lnr.fr/feuille-de-match/2021-2022/j12/9818-castres-racing-92,0
9819,2021-2022,12,Stade de Gerland,LOU Rugby,CA Brive,https://top14.lnr.fr/feuille-de-match/2021-2022/j12/9819-lyon-brive,0
9820,2021-2022,12,GGL Stadium,Montpellier Hérault Rugby,USA Perpignan,https://top14.lnr.fr/feuille-de-match/2021-2022/j12/9820-montpellier-perpignan,0
9821,2021-2022,12,Stade du Hameau,Section Paloise,RC Toulon,https://top14.lnr.fr/feuille-de-match/2021-2022/j12/9821-pau-toulon,0
9822,2021-2022,12,Stade Chaban-Delmas,Union Bordeaux-Bègles,Stade Toulousain,https://top14.lnr.fr/feuille-de-match/2021-2022/j12/9822-bordeaux-begles-toulouse,0
9823,2021-2022,12,Stade Jean-Bouin,Stade Français Paris,Stade Rochelais,https://top14.lnr.fr/feuille-de-match/2021-2022/j12/9823-paris-la-rochelle,0
9824,2021-2022,13,Stade Aimé-Giral,USA Perpignan,Castres Olympique,https://top14.lnr.fr/feuille-de-match/2021-2022/j13/9824-perpignan-castres,0
9825,2021-2022,13,Stade d'Aguiléra,Biarritz Olympique PB,Montpellier Hérault Rugby,https://top14.lnr.fr/feuille-de-match/2021-2022/j13/9825-biarritz-montpellier,0
9826,2021-2022,13,Stade Marcel-Deflandre,Stade Rochelais,LOU Rugby,https://top14.lnr.fr/feuille-de-match/2021-2022/j13/9826-la-rochelle-lyon,0
9827,2021-2022,13,Stade Ernest-Wallon,Stade Toulousain,Stade Français Paris,https://top14.lnr.fr/feuille-de-match/2021-2022/j13/9827-toulouse-paris,0
9828,2021-2022,13,Paris La Défense Arena,Racing 92,Section Paloise,https://top14.lnr.fr/feuille-de-match/2021-2022/j13/9828-racing-92-pau,0
9829,2021-2022,13,Stade Amédée-Domenech,CA Brive,ASM Clermont,https://top14.lnr.fr/feuille-de-match/2021-2022/j13/9829-brive-clermont,0
9830,2021-2022,13,Stade Mayol,RC Toulon,Union Bordeaux-Bègles,https://top14.lnr.fr/feuille-de-match/2021-2022/j13/9830-toulon-bordeaux-begles,0
9831,2021-2022,14,Stade Jean-Bouin,Stade Français Paris,USA Perpignan,https://top14.lnr.fr/feuille-de-match/2021-2022/j14/9831-paris-perpignan,0
9832,2021-2022,14,Stade Marcel-Michelin,ASM Clermont,Stade Toulousain,https://top14.lnr.fr/feuille-de-match/2021-2022/j14/9832-clermont-toulouse,0
9833,2021-2022,14,Stade du Hameau,Section Paloise,CA Brive,https://top14.lnr.fr/feuille-de-match/2021-2022/j14/9833-pau-brive,0
9834,2021-2022,14,Stade Chaban-Delmas,Union Bordeaux-Bègles,Biarritz Olympique PB,https://top14.lnr.fr/feuille-de-match/2021-2022/j14/9834-bordeaux-begles-biarritz,0
9835,2021-2022,14,Stade Pierre-Fabre,Castres Olympique,Stade Rochelais,https://top14.lnr.fr/feuille-de-match/2021-2022/j14/9835-castres-la-rochelle,0
9836,2021-2022,14,Stade de Gerland,LOU Rugby,Racing 92,https://top14.lnr.fr/feuille-de-match/2021-2022/j14/9836-lyon-racing-92,0
9837,2021-2022,14,GGL Stadium,Montpellier Hérault Rugby,RC Toulon,https://top14.lnr.fr/feuille-de-match/2021-2022/j14/9837-montpellier-toulon,0
9838,2021-2022,15,Stade Pierre-Fabre,Castres Olympique,Stade Français Paris,https://top14.lnr.fr/feuille-de-match/2021-2022/j15/9838-castres-paris,0
9839,2021-2022,15,Stade d'Aguiléra,Biarritz Olympique PB,USA Perpignan,https://top14.lnr.fr/feuille-de-match/2021-2022/j15/9839-biarritz-perpignan,0
9840,2021-2022,15,Stade Amédée-Domenech,CA Brive,Union Bordeaux-Bègles,https://top14.lnr.fr/feuille-de-match/2021-2022/j15/9840-brive-bordeaux-begles,0
9841,2021-2022,15,Stade de Gerland,LOU Rugby,Section Paloise,https://top14.lnr.fr/feuille-de-match/2021-2022/j15/9841-lyon-pau,0
9842,2021-2022,15,Paris La Défense Arena,Racing 92,ASM Clermont,https://top14.lnr.fr/feuille-de-match/2021-2022/j15/9842-racing-92-clermont,0
9843,2021-2022,15,Stade Mayol,RC Toulon,Stade Rochelais,https://top14.lnr.fr/feuille-de-match/2021-2022/j15/9843-toulon-la-rochelle,0
9844,2021-2022,15,Stade Ernest-Wallon,Stade Toulousain,Montpellier Hérault Rugby,https://top14.lnr.fr/feuille-de-match/2021-2022/j15/9844-toulouse-montpellier,0
9845,2021-2022,16,Stade Chaban-Delmas,Union Bordeaux-Bègles,Castres Olympique,https://top14.lnr.fr/feuille-de-match/2021-2022/j16/9845-bordeaux-begles-castres,0
9846,2021-2022,16,Stade Amédée-Domenech,CA Brive,Biarritz Olympique PB,https://top14.lnr.fr/feuille-de-match/2021-2022/j16/9846-brive-biarritz,0
9847,2021-2022,16,Stade Marcel-Deflandre,Stade Rochelais,Montpellier Hérault Rugby,https://top14.lnr.fr/feuille-de-match/2021-2022/j16/9847-la-rochelle-montpellier,0
9848,2021-2022,16,Stade Aimé-Giral,USA Perpignan,LOU Rugby,https://top14.lnr.fr/feuille-de-match/2021-2022/j16/9848-perpignan-lyon,0
9849,2021-2022,16,Stade Ernest-Wallon,Stade Toulousain,Racing 92,https://top14.lnr.fr/feuille-de-match/2021-2022/j16/9849-toulouse-racing-92,0
9850,2021-2022,16,Stade du Hameau,Section Paloise,ASM Clermont,https://top14.lnr.fr/feuille-de-match/2021-2022/j16/9850-pau-clermont,0
9851,2021-2022,16,Stade Jean-Bouin,Stade Français Paris,RC Toulon,https://top14.lnr.fr/feuille-de-match/2021-2022/j16/9851-paris-toulon,0
9852,2021-2022,17,Stade Aimé-Giral,USA Perpignan,Stade Toulousain,https://top14.lnr.fr/feuille-de-match/2021-2022/j17/9852-perpignan-toulouse,0
9853,2021-2022,17,Stade de Gerland,LOU Rugby,Stade Français Paris,https://top14.lnr.fr/feuille-de-match/2021-2022/j17/9853-lyon-paris,0
9854,2021-2022,17,GGL Stadium,Montpellier Hérault Rugby,Section Paloise,https://top14.lnr.fr/feuille-de-match/2021-2022/j17/9854-montpellier-pau,0
9855,2021-2022,17,Paris La Défense Arena,Racing 92,CA Brive,https://top14.lnr.fr/feuille-de-match/2021-2022/j17/9855-racing-92-brive,0
9856,2021-2022,17,Stade Mayol,RC Toulon,Castres Olympique,https://top14.lnr.fr/feuille-de-match/2021-2022/j17/9856-toulon-castres,0
9857,2021-2022,17,Stade d'Aguiléra,Biarritz Olympique PB,Stade Rochelais,https://top14.lnr.fr/feuille-de-match/2021-2022/j17/9857-biarritz-la-rochelle,0
9858,2021-2022,17,Stade Marcel-Michelin,ASM Clermont,Union Bordeaux-Bègles,https://top14.lnr.fr/feuille-de-match/2021-2022/j17/9858-clermont-bordeaux-begles,0
9859,2021-2022,18,Stade du Hameau,Section Paloise,Stade Toulousain,https://top14.lnr.fr/feuille-de-match/2021-2022/j18/9859-pau-toulouse,0
9860,2021-2022,18,Stade Amédée-Domenech,CA Brive,Montpellier Hérault Rugby,https://top14.lnr.fr/feuille-de-match/2021-2022/j18/9860-brive-montpellier,0
9861,2021-2022,18,Stade Pierre-Fabre,Castres Olympique,LOU Rugby,https://top14.lnr.fr/feuille-de-match/2021-2022/j18/9861-castres-lyon,0
9862,2021-2022,18,Stade Mayol,RC Toulon,USA Perpignan,https://top14.lnr.fr/feuille-de-match/2021-2022/j18/9862-toulon-perpignan,0
9863,2021-2022,18,Stade Jean-Bouin,Stade Français Paris,Biarritz Olympique PB,https://top14.lnr.fr/feuille-de-match/2021-2022/j18/9863-paris-biarritz,0
9864,2021-2022,18,Stade Marcel-Deflandre,Stade Rochelais,ASM Clermont,https://top14.lnr.fr/feuille-de-match/2021-2022/j18/9864-la-rochelle-clermont,0
9865,2021-2022,18,Stade Chaban-Delmas,Union Bordeaux-Bègles,Racing 92,https://top14.lnr.fr/feuille-de-match/2021-2022/j18/9865-bordeaux-begles-racing-92,0
9866,2021-2022,19,Stade Marcel-Michelin,ASM Clermont,USA Perpignan,https://top14.lnr.fr/feuille-de-match/2021-2022/j19/9866-clermont-perpignan,0
9867,2021-2022,19,Stade de Gerland,LOU Rugby,Biarritz Olympique PB,https://top14.lnr.fr/feuille-de-match/2021-2022/j19/9867-lyon-biarritz,0
9868,2021-2022,19,Paris La Défense Arena,Racing 92,Castres Olympique,https://top14.lnr.fr/feuille-de-match/2021-2022/j19/9868-racing-92-castres,0
9869,2021-2022,19,Stade du Hameau,Section Paloise,Stade Rochelais,https://top14.lnr.fr/feuille-de-match/2021-2022/j19/9869-pau-la-rochelle,0
9870,2021-2022,19,Stade Amédée-Domenech,CA Brive,RC Toulon,https://top14.lnr.fr/feuille-de-match/2021-2022/j19/9870-brive-toulon,0
9871,2021-2022,19,GGL Stadium,Montpellier Hérault Rugby,Stade Français Paris,https://top14.lnr.fr/feuille-de-match/2021-2022/j19/9871-montpellier-paris,0
9872,2021-2022,19,Stade Ernest-Wallon,Stade Toulousain,Union Bordeaux-Bègles,https://top14.lnr.fr/feuille-de-match/2021-2022/j19/9872-toulouse-bordeaux-begles,0
9873,2021-2022,20,Stade Pierre-Fabre,Castres Olympique,Montpellier Hérault Rugby,https://top14.lnr.fr/feuille-de-match/2021-2022/j20/9873-castres-montpellier,0
9874,2021-2022,20,Stade d'Aguiléra,Biarritz Olympique PB,RC Toulon,https://top14.lnr.fr/feuille-de-match/2021-2022/j20/9874-biarritz-toulon,0
9875,2021-2022,20,Stade Chaban-Delmas,Union Bordeaux-Bègles,Section Paloise,https://top14.lnr.fr/feuille-de-match/2021-2022/j20/9875-bordeaux-begles-pau,0
9876,2021-2022,20,Stade Marcel-Deflandre,Stade Rochelais,CA Brive,https://top14.lnr.fr/feuille-de-match/2021-2022/j20/9876-la-rochelle-brive,0
9877,2021-2022,20,Stade Aimé-Giral,USA Perpignan,Racing 92,https://top14.lnr.fr/feuille-de-match/2021-2022/j20/9877-perpignan-racing-92,0
9878,2021-2022,20,Stade Marcel-Michelin,ASM Clermont,LOU Rugby,https://top14.lnr.fr/feuille-de-match/2021-2022/j20/9878-clermont-lyon,0
9879,2021-2022,20,Stade Jean-Bouin,Stade Français Paris,Stade Toulousain,https://top14.lnr.fr/feuille-de-match/2021-2022/j20/9879-paris-toulouse,0
9880,2021-2022,21,Stade Mayol,RC Toulon,ASM Clermont,https://top14.lnr.fr/feuille-de-match/2021-2022/j21/9880-toulon-clermont,0
9881,2021-2022,21,Stade Amédée-Domenech,CA Brive,Castres Olympique,https://top14.lnr.fr/feuille-de-match/2021-2022/j21/9881-brive-castres,0
9882,2021-2022,21,GGL Stadium,Montpellier Hérault Rugby,Biarritz Olympique PB,https://top14.lnr.fr/feuille-de-match/2021-2022/j21/9882-montpellier-biarritz,0
9883,2021-2022,21,Stade du Hameau,Section Paloise,USA Perpignan,https://top14.lnr.fr/feuille-de-match/2021-2022/j21/9883-pau-perpignan,0
9884,2021-2022,21,Stade Marcel-Deflandre,Stade Rochelais,Racing 92,https://top14.lnr.fr/feuille-de-match/2021-2022/j21/9884-la-rochelle-racing-92,0
9885,2021-2022,21,Stade Jean-Bouin,Stade Français Paris,Union Bordeaux-Bègles,https://top14.lnr.fr/feuille-de-match/2021-2022/j21/9885-paris-bordeaux-begles,0
9886,2021-2022,21,Stade Ernest-Wallon,Stade Toulousain,LOU Rugby,https://top14.lnr.fr/feuille-de-match/2021-2022/j21/9886-toulouse-lyon,0
9887,2021-2022,22,Stade Pierre-Fabre,Castres Olympique,Stade Toulousain,https://top14.lnr.fr/feuille-de-match/2021-2022/j22/9887-castres-toulouse,0
9888,2021-2022,22,Stade Marcel-Michelin,ASM Clermont,CA Brive,https://top14.lnr.fr/feuille-de-match/2021-2022/j22/9888-clermont-brive,0
9889,2021-2022,22,Stade d'Aguiléra,Biarritz Olympique PB,Section Paloise,https://top14.lnr.fr/feuille-de-match/2021-2022/j22/9889-biarritz-pau,0
9890,2021-2022,22,Stade de Gerland,LOU Rugby,RC Toulon,https://top14.lnr.fr/feuille-de-match/2021-2022/j22/9890-lyon-toulon,0
9891,2021-2022,22,Stade Aimé-Giral,USA Perpignan,Montpellier Hérault Rugby,https://top14.lnr.fr/feuille-de-match/2021-2022/j22/9891-perpignan-montpellier,0
9892,2021-2022,22,Stade Chaban-Delmas,Union Bordeaux-Bègles,Stade Rochelais,https://top14.lnr.fr/feuille-de-match/2021-2022/j22/9892-bordeaux-begles-la-rochelle,0
9893,2021-2022,22,Paris La Défense Arena,Racing 92,Stade Français Paris,https://top14.lnr.fr/feuille-de-match/2021-2022/j22/9893-racing-92-paris,0
9894,2021-2022,23,Stade Pierre-Fabre,Castres Olympique,ASM Clermont,https://top14.lnr.fr/feuille-de-match/2021-2022/j23/9894-castres-clermont,0
9895,2021-2022,23,Stade Jean-Bouin,Stade Français Paris,Section Paloise,https://top14.lnr.fr/feuille-de-match/2021-2022/j23/9895-paris-pau,0
9896,2021-2022,23,Stade Amédée-Domenech,CA Brive,LOU Rugby,https://top14.lnr.fr/feuille-de-match/2021-2022/j23/9896-brive-lyon,0
9897,2021-2022,23,Paris La Défense Arena,Racing 92,Biarritz Olympique PB,https://top14.lnr.fr/feuille-de-match/2021-2022/j23/9897-racing-92-biarritz,0
9898,2021-2022,23,Stade Marcel-Deflandre,Stade Rochelais,USA Perpignan,https://top14.lnr.fr/feuille-de-match/2021-2022/j23/9898-la-rochelle-perpignan,0
9899,2021-2022,23,Stade Mayol,RC Toulon,Stade Toulousain,https://top14.lnr.fr/feuille-de-match/2021-2022/j23/9899-toulon-toulouse,0
9900,2021-2022,23,GGL Stadium,Montpellier Hérault Rugby,Union Bordeaux-Bègles,https://top14.lnr.fr/feuille-de-match/2021-2022/j23/9900-montpellier-bordeaux-begles,0
9901,2021-2022,24,Stade de Gerland,LOU Rugby,Montpellier Hérault Rugby,https://top14.lnr.fr/feuille-de-match/2021-2022/j24/9901-lyon-montpellier,0
9902,2021-2022,24,Stade Marcel-Michelin,ASM Clermont,Stade Français Paris,https://top14.lnr.fr/feuille-de-match/2021-2022/j24/9902-clermont-paris,0
9903,2021-2022,24,Stade d'Aguiléra,Biarritz Olympique PB,Castres Olympique,https://top14.lnr.fr/feuille-de-match/2021-2022/j24/9903-biarritz-castres,0
9904,2021-2022,24,Stade du Hameau,Section Paloise,Racing 92,https://top14.lnr.fr/feuille-de-match/2021-2022/j24/9904-pau-racing-92,0
9905,2021-2022,24,Stade Aimé-Giral,USA Perpignan,CA Brive,https://top14.lnr.fr/feuille-de-match/2021-2022/j24/9905-perpignan-brive,0
9906,2021-2022,24,Stade Ernest-Wallon,Stade Toulousain,Stade Rochelais,https://top14.lnr.fr/feuille-de-match/2021-2022/j24/9906-toulouse-la-rochelle,0
9907,2021-2022,24,Stade Chaban-Delmas,Union Bordeaux-Bègles,RC Toulon,https://top14.lnr.fr/feuille-de-match/2021-2022/j24/9907-bordeaux-begles-toulon,0
9908,2021-2022,25,Stade Chaban-Delmas,Union Bordeaux-Bègles,LOU Rugby,https://top14.lnr.fr/feuille-de-match/2021-2022/j25/9908-bordeaux-begles-lyon,0
9909,2021-2022,25,Stade d'Aguiléra,Biarritz Olympique PB,ASM Clermont,https://top14.lnr.fr/feuille-de-match/2021-2022/j25/9909-biarritz-clermont,0
9910,2021-2022,25,GGL Stadium,Montpellier Hérault Rugby,Racing 92,https://top14.lnr.fr/feuille-de-match/2021-2022/j25/9910-montpellier-racing-92,0
9911,2021-2022,25,Stade Mayol,RC Toulon,Section Paloise,https://top14.lnr.fr/feuille-de-match/2021-2022/j25/9911-toulon-pau,0
9912,2021-2022,25,Stade Marcel-Deflandre,Stade Rochelais,Stade Français Paris,https://top14.lnr.fr/feuille-de-match/2021-2022/j25/9912-la-rochelle-paris,0
9913,2021-2022,25,Stade Amédée-Domenech,CA Brive,Stade Toulousain,https://top14.lnr.fr/feuille-de-match/2021-2022/j25/9913-brive-toulouse,0
9914,2021-2022,25,Stade Pierre-Fabre,Castres Olympique,USA Perpignan,https://top14.lnr.fr/feuille-de-match/2021-2022/j25/9914-castres-perpignan,0
9915,2021-2022,26,Stade Marcel-Michelin,ASM Clermont,Montpellier Hérault Rugby,https://top14.lnr.fr/feuille-de-match/2021-2022/j26/9915-clermont-montpellier,0
9916,2021-2022,26,Stade de Gerland,LOU Rugby,Stade Rochelais,https://top14.lnr.fr/feuille-de-match/2021-2022/j26/9916-lyon-la-rochelle,0
9917,2021-2022,26,Paris La Défense Arena,Racing 92,RC Toulon,https://top14.lnr.fr/feuille-de-match/2021-2022/j26/9917-racing-92-toulon,0
9918,2021-2022,26,Stade du Hameau,Section Paloise,Castres Olympique,https://top14.lnr.fr/feuille-de-match/2021-2022/j26/9918-pau-castres,0
9919,2021-2022,26,Stade Jean-Bouin,Stade Français Paris,CA Brive,https://top14.lnr.fr/feuille-de-match/2021-2022/j26/9919-paris-brive,0
9920,2021-2022,26,Stade Ernest-Wallon,Stade Toulousain,Biarritz Olympique PB,https://top14.lnr.fr/feuille-de-match/2021-2022/j26/9920-toulouse-biarritz,0
9921,2021-2022,26,Stade Aimé-Giral,USA Perpignan,Union Bordeaux-Bègles,https://top14.lnr.fr/feuille-de-match/2021-2022/j26/9921-perpignan-bordeaux-begles,0
9923,2021-2022,27,Stade Ernest-Wallon,Stade Toulousain,Stade Rochelais,https://top14.lnr.fr/feuille-de-match/2021-2022/barrages/9923-toulouse-la-rochelle,1
9924,2021-2022,27,Stade Chaban-Delmas,Union Bordeaux-Bègles,Racing 92,https://top14.lnr.fr/feuille-de-match/2021-2022/barrages/9924-bordeaux-begles-racing-92,1
9925,2021-2022,28,Allianz Riviera,Castres Olympique,Stade Toulousain,https://top14.lnr.fr/feuille-de-match/2021-2022/demi-finales/9925-castres-toulouse,1
9926,2021-2022,28,Allianz Riviera,Montpellier Hérault Rugby ,Union Bordeaux-Bègles,https://top14.lnr.fr/feuille-de-match/2021-2022/demi-finales/9926-montpellier-bordeaux-begles,1
9927,2021-2022,29,Stade de France,Castres Olympique,Montpellier Hérault Rugby ,https://top14.lnr.fr/feuille-de-match/2021-2022/finale/9927-castres-montpellier,1
9922,2021-2022,30,Stade André et Guy Boniface,Stade Montois,USA Perpignan,https://top14.lnr.fr/feuille-de-match/2021-2022/match-daccession/9922-mont-de-marsan-perpignan,1
1,2022-2023,1,Paris La Défense Arena,Racing 92,Castres Olympique,https://top14.lnr.fr/feuille-de-match/2022-2023/j1/1-racing-92-castres,0
2,2022-2023,1,Stade Amédée-Domenech,CA Brive,LOU Rugby,https://top14.lnr.fr/feuille-de-match/2022-2023/j1/2-brive-lyon,0
3,2022-2023,1,Stade Mayol,RC Toulon,Aviron Bayonnais,https://top14.lnr.fr/feuille-de-match/2022-2023/j1/3-toulon-bayonne,0
4,2022-2023,1,Stade du Hameau,Section Paloise,USA Perpignan,https://top14.lnr.fr/feuille-de-match/2022-2023/j1/4-pau-perpignan,0
5,2022-2023,1,Stade Jean-Bouin,Stade Français Paris,ASM Clermont,https://top14.lnr.fr/feuille-de-match/2022-2023/j1/5-paris-clermont,0
6,2022-2023,1,Stade Marcel-Deflandre,Stade Rochelais,Montpellier Hérault Rugby,https://top14.lnr.fr/feuille-de-match/2022-2023/j1/6-la-rochelle-montpellier,0
7,2022-2023,1,Stade Chaban-Delmas,Union Bordeaux-Bègles,Stade Toulousain,https://top14.lnr.fr/feuille-de-match/2022-2023/j1/7-bordeaux-begles-toulouse,0
8,2022-2023,2,Stade de Gerland,LOU Rugby,Stade Rochelais,https://top14.lnr.fr/feuille-de-match/2022-2023/j2/8-lyon-la-rochelle,0
9,2022-2023,2,Stade Marcel-Michelin,ASM Clermont,Section Paloise,https://top14.lnr.fr/feuille-de-match/2022-2023/j2/9-clermont-pau,0
10,2022-2023,2,Stade Jean-Dauger,Aviron Bayonnais,Racing 92,https://top14.lnr.fr/feuille-de-match/2022-2023/j2/10-bayonne-racing-92,0
11,2022-2023,2,Stade Pierre-Fabre,Castres Olympique,Stade Français Paris,https://top14.lnr.fr/feuille-de-match/2022-2023/j2/11-castres-paris,0
12,2022-2023,2,Stade Aimé-Giral,USA Perpignan,CA Brive,https://top14.lnr.fr/feuille-de-match/2022-2023/j2/12-perpignan-brive,0
13,2022-2023,2,GGL Stadium,Montpellier Hérault Rugby,Union Bordeaux-Bègles,https://top14.lnr.fr/feuille-de-match/2022-2023/j2/13-montpellier-bordeaux-begles,0
14,2022-2023,2,Stade Ernest-Wallon,Stade Toulousain,RC Toulon,https://top14.lnr.fr/feuille-de-match/2022-2023/j2/14-toulouse-toulon,0
15,2022-2023,3,Stade Chaban-Delmas,Union Bordeaux-Bègles,Castres Olympique,https://top14.lnr.fr/feuille-de-match/2022-2023/j3/15-bordeaux-begles-castres,0
16,2022-2023,3,Stade Amédée-Domenech,CA Brive,Montpellier Hérault Rugby,https://top14.lnr.fr/feuille-de-match/2022-2023/j3/16-brive-montpellier,0
17,2022-2023,3,Paris La Défense Arena,Racing 92,LOU Rugby,https://top14.lnr.fr/feuille-de-match/2022-2023/j3/17-racing-92-lyon,0
18,2022-2023,3,Stade Jean-Bouin,Stade Français Paris,Aviron Bayonnais,https://top14.lnr.fr/feuille-de-match/2022-2023/j3/18-paris-bayonne,0
19,2022-2023,3,Stade Marcel-Deflandre,Stade Rochelais,USA Perpignan,https://top14.lnr.fr/feuille-de-match/2022-2023/j3/19-la-rochelle-perpignan,0
20,2022-2023,3,Stade du Hameau,Section Paloise,Stade Toulousain,https://top14.lnr.fr/feuille-de-match/2022-2023/j3/20-pau-toulouse,0
21,2022-2023,3,Stade Mayol,RC Toulon,ASM Clermont,https://top14.lnr.fr/feuille-de-match/2022-2023/j3/21-toulon-clermont,0
22,2022-2023,4,Stade Aimé-Giral,USA Perpignan,RC Toulon,https://top14.lnr.fr/feuille-de-match/2022-2023/j4/22-perpignan-toulon,0
23,2022-2023,4,Stade Jean-Dauger,Aviron Bayonnais,Union Bordeaux-Bègles,https://top14.lnr.fr/feuille-de-match/2022-2023/j4/23-bayonne-bordeaux-begles,0
24,2022-2023,4,Stade Pierre-Fabre,Castres Olympique,CA Brive,https://top14.lnr.fr/feuille-de-match/2022-2023/j4/24-castres-brive,0
25,2022-2023,4,Stade de Gerland,LOU Rugby,Stade Français Paris,https://top14.lnr.fr/feuille-de-match/2022-2023/j4/25-lyon-paris,0
26,2022-2023,4,GGL Stadium,Montpellier Hérault Rugby,Section Paloise,https://top14.lnr.fr/feuille-de-match/2022-2023/j4/26-montpellier-pau,0
27,2022-2023,4,Stade Ernest-Wallon,Stade Toulousain,Racing 92,https://top14.lnr.fr/feuille-de-match/2022-2023/j4/27-toulouse-racing-92,0
28,2022-2023,4,Stade Marcel-Michelin,ASM Clermont,Stade Rochelais,https://top14.lnr.fr/feuille-de-match/2022-2023/j4/28-clermont-la-rochelle,0
29,2022-2023,5,Stade Chaban-Delmas,Union Bordeaux-Bègles,Stade Français Paris,https://top14.lnr.fr/feuille-de-match/2022-2023/j5/29-bordeaux-begles-paris,0
30,2022-2023,5,Stade Marcel-Michelin,ASM Clermont,LOU Rugby,https://top14.lnr.fr/feuille-de-match/2022-2023/j5/30-clermont-lyon,0
31,2022-2023,5,Stade Amédée-Domenech,CA Brive,Aviron Bayonnais,https://top14.lnr.fr/feuille-de-match/2022-2023/j5/31-brive-bayonne,0
32,2022-2023,5,Stade du Hameau,Section Paloise,RC Toulon,https://top14.lnr.fr/feuille-de-match/2022-2023/j5/32-pau-toulon,0
33,2022-2023,5,Stade Aimé-Giral,USA Perpignan,Castres Olympique,https://top14.lnr.fr/feuille-de-match/2022-2023/j5/33-perpignan-castres,0
34,2022-2023,5,Stade Marcel-Deflandre,Stade Rochelais,Racing 92,https://top14.lnr.fr/feuille-de-match/2022-2023/j5/34-la-rochelle-racing-92,0
35,2022-2023,5,GGL Stadium,Montpellier Hérault Rugby,Stade Toulousain,https://top14.lnr.fr/feuille-de-match/2022-2023/j5/35-montpellier-toulouse,0
36,2022-2023,6,Stade Pierre-Fabre,Castres Olympique,Montpellier Hérault Rugby,https://top14.lnr.fr/feuille-de-match/2022-2023/j6/36-castres-montpellier,0
37,2022-2023,6,Stade Jean-Dauger,Aviron Bayonnais,Stade Rochelais,https://top14.lnr.fr/feuille-de-match/2022-2023/j6/37-bayonne-la-rochelle,0
38,2022-2023,6,Paris La Défense Arena,Racing 92,Section Paloise,https://top14.lnr.fr/feuille-de-match/2022-2023/j6/38-racing-92-pau,0
39,2022-2023,6,Stade Mayol,RC Toulon,CA Brive,https://top14.lnr.fr/feuille-de-match/2022-2023/j6/39-toulon-brive,0
40,2022-2023,6,Stade Jean-Bouin,Stade Français Paris,USA Perpignan,https://top14.lnr.fr/feuille-de-match/2022-2023/j6/40-paris-perpignan,0
41,2022-2023,6,Stade Ernest-Wallon,Stade Toulousain,ASM Clermont,https://top14.lnr.fr/feuille-de-match/2022-2023/j6/41-toulouse-clermont,0
42,2022-2023,6,Stade de Gerland,LOU Rugby,Union Bordeaux-Bègles,https://top14.lnr.fr/feuille-de-match/2022-2023/j6/42-lyon-bordeaux-begles,0
43,2022-2023,7,Stade Amédée-Domenech,CA Brive,Stade Toulousain,https://top14.lnr.fr/feuille-de-match/2022-2023/j7/43-brive-toulouse,0
44,2022-2023,7,Stade Pierre-Fabre,Castres Olympique,Aviron Bayonnais,https://top14.lnr.fr/feuille-de-match/2022-2023/j7/44-castres-bayonne,0
45,2022-2023,7,GGL Stadium,Montpellier Hérault Rugby,LOU Rugby,https://top14.lnr.fr/feuille-de-match/2022-2023/j7/45-montpellier-lyon,0
46,2022-2023,7,Stade du Hameau,Section Paloise,Stade Français Paris,https://top14.lnr.fr/feuille-de-match/2022-2023/j7/46-pau-paris,0
47,2022-2023,7,Stade Aimé-Giral,USA Perpignan,ASM Clermont,https://top14.lnr.fr/feuille-de-match/2022-2023/j7/47-perpignan-clermont,0
48,2022-2023,7,Stade Chaban-Delmas,Union Bordeaux-Bègles,Racing 92,https://top14.lnr.fr/feuille-de-match/2022-2023/j7/48-bordeaux-begles-racing-92,0
49,2022-2023,7,Stade Marcel-Deflandre,Stade Rochelais,RC Toulon,https://top14.lnr.fr/feuille-de-match/2022-2023/j7/49-la-rochelle-toulon,0
50,2022-2023,8,Paris La Défense Arena,Racing 92,Montpellier Hérault Rugby,https://top14.lnr.fr/feuille-de-match/2022-2023/j8/50-racing-92-montpellier,0
51,2022-2023,8,Stade Jean-Dauger,Aviron Bayonnais,USA Perpignan,https://top14.lnr.fr/feuille-de-match/2022-2023/j8/51-bayonne-perpignan,0
52,2022-2023,8,Stade de Gerland,LOU Rugby,Section Paloise,https://top14.lnr.fr/feuille-de-match/2022-2023/j8/52-lyon-pau,0
53,2022-2023,8,Stade Mayol,RC Toulon,Castres Olympique,https://top14.lnr.fr/feuille-de-match/2022-2023/j8/53-toulon-castres,0
54,2022-2023,8,Stade Jean-Bouin,Stade Français Paris,CA Brive,https://top14.lnr.fr/feuille-de-match/2022-2023/j8/54-paris-brive,0
55,2022-2023,8,Stade Marcel-Michelin,ASM Clermont,Union Bordeaux-Bègles,https://top14.lnr.fr/feuille-de-match/2022-2023/j8/55-clermont-bordeaux-begles,0
56,2022-2023,8,Stade Ernest-Wallon,Stade Toulousain,Stade Rochelais,https://top14.lnr.fr/feuille-de-match/2022-2023/j8/56-toulouse-la-rochelle,0
57,2022-2023,9,Stade Pierre-Fabre,Castres Olympique,ASM Clermont,https://top14.lnr.fr/feuille-de-match/2022-2023/j9/57-castres-clermont,0
58,2022-2023,9,Stade Amédée-Domenech,CA Brive,Racing 92,https://top14.lnr.fr/feuille-de-match/2022-2023/j9/58-brive-racing-92,0
59,2022-2023,9,GGL Stadium,Montpellier Hérault Rugby,Stade Français Paris,https://top14.lnr.fr/feuille-de-match/2022-2023/j9/59-montpellier-paris,0
60,2022-2023,9,Stade Marcel-Deflandre,Stade Rochelais,Section Paloise,https://top14.lnr.fr/feuille-de-match/2022-2023/j9/60-la-rochelle-pau,0
61,2022-2023,9,Stade Aimé-Giral,USA Perpignan,LOU Rugby,https://top14.lnr.fr/feuille-de-match/2022-2023/j9/61-perpignan-lyon,0
62,2022-2023,9,Stade Jean-Dauger,Aviron Bayonnais,Stade Toulousain,https://top14.lnr.fr/feuille-de-match/2022-2023/j9/62-bayonne-toulouse,0
63,2022-2023,9,Stade Chaban-Delmas,Union Bordeaux-Bègles,RC Toulon,https://top14.lnr.fr/feuille-de-match/2022-2023/j9/63-bordeaux-begles-toulon,0
64,2022-2023,10,Stade Ernest-Wallon,Stade Toulousain,Stade Français Paris,https://top14.lnr.fr/feuille-de-match/2022-2023/j10/64-toulouse-paris,0
65,2022-2023,10,Stade Marcel-Michelin,ASM Clermont,Aviron Bayonnais,https://top14.lnr.fr/feuille-de-match/2022-2023/j10/65-clermont-bayonne,0
66,2022-2023,10,Stade Amédée-Domenech,CA Brive,Stade Rochelais,https://top14.lnr.fr/feuille-de-match/2022-2023/j10/66-brive-la-rochelle,0
67,2022-2023,10,Stade de Gerland,LOU Rugby,Castres Olympique,https://top14.lnr.fr/feuille-de-match/2022-2023/j10/67-lyon-castres,0
68,2022-2023,10,Paris La Défense Arena,Racing 92,USA Perpignan,https://top14.lnr.fr/feuille-de-match/2022-2023/j10/68-racing-92-perpignan,0
69,2022-2023,10,Stade du Hameau,Section Paloise,Union Bordeaux-Bègles,https://top14.lnr.fr/feuille-de-match/2022-2023/j10/69-pau-bordeaux-begles,0
70,2022-2023,10,Stade Mayol,RC Toulon,Montpellier Hérault Rugby,https://top14.lnr.fr/feuille-de-match/2022-2023/j10/70-toulon-montpellier,0
71,2022-2023,11,GGL Stadium,Montpellier Hérault Rugby,Aviron Bayonnais,https://top14.lnr.fr/feuille-de-match/2022-2023/j11/71-montpellier-bayonne,0
72,2022-2023,11,Stade du Hameau,Section Paloise,CA Brive,https://top14.lnr.fr/feuille-de-match/2022-2023/j11/72-pau-brive,0
73,2022-2023,11,Stade Marcel-Deflandre,Stade Rochelais,Castres Olympique,https://top14.lnr.fr/feuille-de-match/2022-2023/j11/73-la-rochelle-castres,0
74,2022-2023,11,Stade Aimé-Giral,USA Perpignan,Union Bordeaux-Bègles,https://top14.lnr.fr/feuille-de-match/2022-2023/j11/74-perpignan-bordeaux-begles,0
75,2022-2023,11,Stade Jean-Bouin,Stade Français Paris,RC Toulon,https://top14.lnr.fr/feuille-de-match/2022-2023/j11/75-paris-toulon,0
76,2022-2023,11,Paris La Défense Arena,Racing 92,ASM Clermont,https://top14.lnr.fr/feuille-de-match/2022-2023/j11/76-racing-92-clermont,0
77,2022-2023,11,Stade de Gerland,LOU Rugby,Stade Toulousain,https://top14.lnr.fr/feuille-de-match/2022-2023/j11/77-lyon-toulouse,0
78,2022-2023,12,Stade Marcel-Michelin,ASM Clermont,Montpellier Hérault Rugby,https://top14.lnr.fr/feuille-de-match/2022-2023/j12/78-clermont-montpellier,0
79,2022-2023,12,Stade Jean-Dauger,Aviron Bayonnais,LOU Rugby,https://top14.lnr.fr/feuille-de-match/2022-2023/j12/79-bayonne-lyon,0
80,2022-2023,12,Stade Chaban-Delmas,Union Bordeaux-Bègles,CA Brive,https://top14.lnr.fr/feuille-de-match/2022-2023/j12/80-bordeaux-begles-brive,0
81,2022-2023,12,Stade Ernest-Wallon,Stade Toulousain,USA Perpignan,https://top14.lnr.fr/feuille-de-match/2022-2023/j12/81-toulouse-perpignan,0
82,2022-2023,12,Stade Jean-Bouin,Stade Français Paris,Stade Rochelais,https://top14.lnr.fr/feuille-de-match/2022-2023/j12/82-paris-la-rochelle,0
83,2022-2023,12,Stade Pierre-Fabre,Castres Olympique,Section Paloise,https://top14.lnr.fr/feuille-de-match/2022-2023/j12/83-castres-pau,0
84,2022-2023,12,Stade Mayol,RC Toulon,Racing 92,https://top14.lnr.fr/feuille-de-match/2022-2023/j12/84-toulon-racing-92,0
85,2022-2023,13,Stade Mayol,RC Toulon,LOU Rugby,https://top14.lnr.fr/feuille-de-match/2022-2023/j13/85-toulon-lyon,0
86,2022-2023,13,Stade Amédée-Domenech,CA Brive,ASM Clermont,https://top14.lnr.fr/feuille-de-match/2022-2023/j13/86-brive-clermont,0
87,2022-2023,13,GGL Stadium,Montpellier Hérault Rugby,USA Perpignan,https://top14.lnr.fr/feuille-de-match/2022-2023/j13/87-montpellier-perpignan,0
88,2022-2023,13,Stade du Hameau,Section Paloise,Aviron Bayonnais,https://top14.lnr.fr/feuille-de-match/2022-2023/j13/88-pau-bayonne,0
89,2022-2023,13,Stade Marcel-Deflandre,Stade Rochelais,Union Bordeaux-Bègles,https://top14.lnr.fr/feuille-de-match/2022-2023/j13/89-la-rochelle-bordeaux-begles,0
90,2022-2023,13,Stade Ernest-Wallon,Stade Toulousain,Castres Olympique,https://top14.lnr.fr/feuille-de-match/2022-2023/j13/90-toulouse-castres,0
91,2022-2023,13,Paris La Défense Arena,Racing 92,Stade Français Paris,https://top14.lnr.fr/feuille-de-match/2022-2023/j13/91-racing-92-paris,0
92,2022-2023,14,Stade Chaban-Delmas,Union Bordeaux-Bègles,Montpellier Hérault Rugby,https://top14.lnr.fr/feuille-de-match/2022-2023/j14/92-bordeaux-begles-montpellier,0
93,2022-2023,14,Stade Jean-Dauger,Aviron Bayonnais,RC Toulon,https://top14.lnr.fr/feuille-de-match/2022-2023/j14/93-bayonne-toulon,0
94,2022-2023,14,Stade Pierre-Fabre,Castres Olympique,Racing 92,https://top14.lnr.fr/feuille-de-match/2022-2023/j14/94-castres-racing-92,0
95,2022-2023,14,Stade de Gerland,LOU Rugby,CA Brive,https://top14.lnr.fr/feuille-de-match/2022-2023/j14/95-lyon-brive,0
96,2022-2023,14,Stade Jean-Bouin,Stade Français Paris,Section Paloise,https://top14.lnr.fr/feuille-de-match/2022-2023/j14/96-paris-pau,0
97,2022-2023,14,Stade Aimé-Giral,USA Perpignan,Stade Rochelais,https://top14.lnr.fr/feuille-de-match/2022-2023/j14/97-perpignan-la-rochelle,0
98,2022-2023,14,Stade Marcel-Michelin,ASM Clermont,Stade Toulousain,https://top14.lnr.fr/feuille-de-match/2022-2023/j14/98-clermont-toulouse,0
99,2022-2023,15,Stade Chaban-Delmas,Union Bordeaux-Bègles,Aviron Bayonnais,https://top14.lnr.fr/feuille-de-match/2022-2023/j15/99-bordeaux-begles-bayonne,0
100,2022-2023,15,Stade Marcel-Michelin,ASM Clermont,USA Perpignan,https://top14.lnr.fr/feuille-de-match/2022-2023/j15/100-clermont-perpignan,0
101,2022-2023,15,Stade Amédée-Domenech,CA Brive,RC Toulon,https://top14.lnr.fr/feuille-de-match/2022-2023/j15/101-brive-toulon,0
102,2022-2023,15,Stade du Hameau,Section Paloise,LOU Rugby,https://top14.lnr.fr/feuille-de-match/2022-2023/j15/102-pau-lyon,0
103,2022-2023,15,Stade Jean-Bouin,Stade Français Paris,Castres Olympique,https://top14.lnr.fr/feuille-de-match/2022-2023/j15/103-paris-castres,0
104,2022-2023,15,Stade Marcel-Deflandre,Stade Rochelais,Stade Toulousain,https://top14.lnr.fr/feuille-de-match/2022-2023/j15/104-la-rochelle-toulouse,0
105,2022-2023,15,GGL Stadium,Montpellier Hérault Rugby,Racing 92,https://top14.lnr.fr/feuille-de-match/2022-2023/j15/105-montpellier-racing-92,0
106,2022-2023,16,Stade de Gerland,LOU Rugby,ASM Clermont,https://top14.lnr.fr/feuille-de-match/2022-2023/j16/106-lyon-clermont,0
107,2022-2023,16,Stade Jean-Dauger,Aviron Bayonnais,CA Brive,https://top14.lnr.fr/feuille-de-match/2022-2023/j16/107-bayonne-brive,0
108,2022-2023,16,Stade Pierre-Fabre,Castres Olympique,Union Bordeaux-Bègles,https://top14.lnr.fr/feuille-de-match/2022-2023/j16/108-castres-bordeaux-begles,0
109,2022-2023,16,Stade Mayol,RC Toulon,Section Paloise,https://top14.lnr.fr/feuille-de-match/2022-2023/j16/109-toulon-pau,0
110,2022-2023,16,Stade Aimé-Giral,USA Perpignan,Stade Français Paris,https://top14.lnr.fr/feuille-de-match/2022-2023/j16/110-perpignan-paris,0
111,2022-2023,16,Paris La Défense Arena,Racing 92,Stade Rochelais,https://top14.lnr.fr/feuille-de-match/2022-2023/j16/111-racing-92-la-rochelle,0
112,2022-2023,16,Stade Ernest-Wallon,Stade Toulousain,Montpellier Hérault Rugby,https://top14.lnr.fr/feuille-de-match/2022-2023/j16/112-toulouse-montpellier,0
113,2022-2023,17,Stade Ernest-Wallon,Stade Toulousain,Aviron Bayonnais,https://top14.lnr.fr/feuille-de-match/2022-2023/j17/113-toulouse-bayonne,0
114,2022-2023,17,Stade Marcel-Michelin,ASM Clermont,Castres Olympique,https://top14.lnr.fr/feuille-de-match/2022-2023/j17/114-clermont-castres,0
115,2022-2023,17,Stade Amédée-Domenech,CA Brive,USA Perpignan,https://top14.lnr.fr/feuille-de-match/2022-2023/j17/115-brive-perpignan,0
116,2022-2023,17,Stade du Hameau,Section Paloise,Racing 92,https://top14.lnr.fr/feuille-de-match/2022-2023/j17/116-pau-racing-92,0
117,2022-2023,17,Stade Marcel-Deflandre,Stade Rochelais,LOU Rugby,https://top14.lnr.fr/feuille-de-match/2022-2023/j17/117-la-rochelle-lyon,0
118,2022-2023,17,GGL Stadium,Montpellier Hérault Rugby,RC Toulon,https://top14.lnr.fr/feuille-de-match/2022-2023/j17/118-montpellier-toulon,0
119,2022-2023,17,Stade Jean-Bouin,Stade Français Paris,Union Bordeaux-Bègles,https://top14.lnr.fr/feuille-de-match/2022-2023/j17/119-paris-bordeaux-begles,0
120,2022-2023,18,Stade Jean-Dauger,Aviron Bayonnais,Stade Français Paris,https://top14.lnr.fr/feuille-de-match/2022-2023/j18/120-bayonne-paris,0
121,2022-2023,18,Stade Pierre-Fabre,Castres Olympique,Stade Rochelais,https://top14.lnr.fr/feuille-de-match/2022-2023/j18/121-castres-la-rochelle,0
122,2022-2023,18,Stade de Gerland,LOU Rugby,Montpellier Hérault Rugby,https://top14.lnr.fr/feuille-de-match/2022-2023/j18/122-lyon-montpellier,0
123,2022-2023,18,Paris La Défense Arena,Racing 92,CA Brive,https://top14.lnr.fr/feuille-de-match/2022-2023/j18/123-racing-92-brive,0
124,2022-2023,18,Stade Aimé-Giral,USA Perpignan,Section Paloise,https://top14.lnr.fr/feuille-de-match/2022-2023/j18/124-perpignan-pau,0
125,2022-2023,18,Stade Mayol,RC Toulon,Stade Toulousain,https://top14.lnr.fr/feuille-de-match/2022-2023/j18/125-toulon-toulouse,0
126,2022-2023,18,Stade Chaban-Delmas,Union Bordeaux-Bègles,ASM Clermont,https://top14.lnr.fr/feuille-de-match/2022-2023/j18/126-bordeaux-begles-clermont,0
127,2022-2023,19,Stade Jean-Bouin,Stade Français Paris,Montpellier Hérault Rugby,https://top14.lnr.fr/feuille-de-match/2022-2023/j19/127-paris-montpellier,0
128,2022-2023,19,Stade Jean-Dauger,Aviron Bayonnais,Castres Olympique,https://top14.lnr.fr/feuille-de-match/2022-2023/j19/128-bayonne-castres,0
129,2022-2023,19,Stade Chaban-Delmas,Union Bordeaux-Bègles,USA Perpignan,https://top14.lnr.fr/feuille-de-match/2022-2023/j19/129-bordeaux-begles-perpignan,0
130,2022-2023,19,Stade de Gerland,LOU Rugby,Racing 92,https://top14.lnr.fr/feuille-de-match/2022-2023/j19/130-lyon-racing-92,0
131,2022-2023,19,Stade Marcel-Deflandre,Stade Rochelais,CA Brive,https://top14.lnr.fr/feuille-de-match/2022-2023/j19/131-la-rochelle-brive,0
132,2022-2023,19,Stade Ernest-Wallon,Stade Toulousain,Section Paloise,https://top14.lnr.fr/feuille-de-match/2022-2023/j19/132-toulouse-pau,0
133,2022-2023,19,Stade Marcel-Michelin,ASM Clermont,RC Toulon,https://top14.lnr.fr/feuille-de-match/2022-2023/j19/133-clermont-toulon,0
134,2022-2023,20,GGL Stadium,Montpellier Hérault Rugby,ASM Clermont,https://top14.lnr.fr/feuille-de-match/2022-2023/j20/134-montpellier-clermont,0
135,2022-2023,20,Stade Amédée-Domenech,CA Brive,Union Bordeaux-Bègles,https://top14.lnr.fr/feuille-de-match/2022-2023/j20/135-brive-bordeaux-begles,0
136,2022-2023,20,Stade Pierre-Fabre,Castres Olympique,LOU Rugby,https://top14.lnr.fr/feuille-de-match/2022-2023/j20/136-castres-lyon,0
137,2022-2023,20,Stade du Hameau,Section Paloise,Stade Rochelais,https://top14.lnr.fr/feuille-de-match/2022-2023/j20/137-pau-la-rochelle,0
138,2022-2023,20,Stade Aimé-Giral,USA Perpignan,Aviron Bayonnais,https://top14.lnr.fr/feuille-de-match/2022-2023/j20/138-perpignan-bayonne,0
139,2022-2023,20,Stade Mayol,RC Toulon,Stade Français Paris,https://top14.lnr.fr/feuille-de-match/2022-2023/j20/139-toulon-paris,0
140,2022-2023,20,Paris La Défense Arena,Racing 92,Stade Toulousain,https://top14.lnr.fr/feuille-de-match/2022-2023/j20/140-racing-92-toulouse,0
141,2022-2023,21,Stade Pierre-Fabre,Castres Olympique,Stade Toulousain,https://top14.lnr.fr/feuille-de-match/2022-2023/j21/141-castres-toulouse,0
142,2022-2023,21,Stade Marcel-Michelin,ASM Clermont,CA Brive,https://top14.lnr.fr/feuille-de-match/2022-2023/j21/142-clermont-brive,0
143,2022-2023,21,Stade Jean-Dauger,Aviron Bayonnais,Section Paloise,https://top14.lnr.fr/feuille-de-match/2022-2023/j21/143-bayonne-pau,0
144,2022-2023,21,Stade de Gerland,LOU Rugby,RC Toulon,https://top14.lnr.fr/feuille-de-match/2022-2023/j21/144-lyon-toulon,0
145,2022-2023,21,Stade Aimé-Giral,USA Perpignan,Montpellier Hérault Rugby,https://top14.lnr.fr/feuille-de-match/2022-2023/j21/145-perpignan-montpellier,0
146,2022-2023,21,Stade Chaban-Delmas,Union Bordeaux-Bègles,Stade Rochelais,https://top14.lnr.fr/feuille-de-match/2022-2023/j21/146-bordeaux-begles-la-rochelle,0
147,2022-2023,21,Stade Jean-Bouin,Stade Français Paris,Racing 92,https://top14.lnr.fr/feuille-de-match/2022-2023/j21/147-paris-racing-92,0
148,2022-2023,22,Paris La Défense Arena,Racing 92,Union Bordeaux-Bègles,https://top14.lnr.fr/feuille-de-match/2022-2023/j22/148-racing-92-bordeaux-begles,0
149,2022-2023,22,Stade Amédée-Domenech,CA Brive,Stade Français Paris,https://top14.lnr.fr/feuille-de-match/2022-2023/j22/149-brive-paris,0
150,2022-2023,22,GGL Stadium,Montpellier Hérault Rugby,Castres Olympique,https://top14.lnr.fr/feuille-de-match/2022-2023/j22/150-montpellier-castres,0
151,2022-2023,22,Stade Mayol,RC Toulon,USA Perpignan,https://top14.lnr.fr/feuille-de-match/2022-2023/j22/151-toulon-perpignan,0
152,2022-2023,22,Stade du Hameau,Section Paloise,ASM Clermont,https://top14.lnr.fr/feuille-de-match/2022-2023/j22/152-pau-clermont,0
153,2022-2023,22,Stade Marcel-Deflandre,Stade Rochelais,Aviron Bayonnais,https://top14.lnr.fr/feuille-de-match/2022-2023/j22/153-la-rochelle-bayonne,0
154,2022-2023,22,Stade Ernest-Wallon,Stade Toulousain,LOU Rugby,https://top14.lnr.fr/feuille-de-match/2022-2023/j22/154-toulouse-lyon,0
155,2022-2023,23,Stade Marcel-Deflandre,Stade Rochelais,ASM Clermont,https://top14.lnr.fr/feuille-de-match/2022-2023/j23/155-la-rochelle-clermont,0
156,2022-2023,23,Stade Jean-Dauger,Aviron Bayonnais,Montpellier Hérault Rugby,https://top14.lnr.fr/feuille-de-match/2022-2023/j23/156-bayonne-montpellier,0
157,2022-2023,23,Stade Amédée-Domenech,CA Brive,Section Paloise,https://top14.lnr.fr/feuille-de-match/2022-2023/j23/157-brive-pau,0
158,2022-2023,23,Stade Pierre-Fabre,Castres Olympique,RC Toulon,https://top14.lnr.fr/feuille-de-match/2022-2023/j23/158-castres-toulon,0
159,2022-2023,23,Stade Aimé-Giral,USA Perpignan,Racing 92,https://top14.lnr.fr/feuille-de-match/2022-2023/j23/159-perpignan-racing-92,0
160,2022-2023,23,Stade Jean-Bouin,Stade Français Paris,Stade Toulousain,https://top14.lnr.fr/feuille-de-match/2022-2023/j23/160-paris-toulouse,0
161,2022-2023,23,Stade Chaban-Delmas,Union Bordeaux-Bègles,LOU Rugby,https://top14.lnr.fr/feuille-de-match/2022-2023/j23/161-bordeaux-begles-lyon,0
162,2022-2023,24,Stade Marcel-Michelin,ASM Clermont,Stade Français Paris,https://top14.lnr.fr/feuille-de-match/2022-2023/j24/162-clermont-paris,0
163,2022-2023,24,Stade de Gerland,LOU Rugby,USA Perpignan,https://top14.lnr.fr/feuille-de-match/2022-2023/j24/163-lyon-perpignan,0
164,2022-2023,24,GGL Stadium,Montpellier Hérault Rugby,CA Brive,https://top14.lnr.fr/feuille-de-match/2022-2023/j24/164-montpellier-brive,0
165,2022-2023,24,Paris La Défense Arena,Racing 92,Aviron Bayonnais,https://top14.lnr.fr/feuille-de-match/2022-2023/j24/165-racing-92-bayonne,0
166,2022-2023,24,Stade du Hameau,Section Paloise,Castres Olympique,https://top14.lnr.fr/feuille-de-match/2022-2023/j24/166-pau-castres,0
167,2022-2023,24,Stade Mayol,RC Toulon,Stade Rochelais,https://top14.lnr.fr/feuille-de-match/2022-2023/j24/167-toulon-la-rochelle,0
168,2022-2023,24,Stade Ernest-Wallon,Stade Toulousain,Union Bordeaux-Bègles,https://top14.lnr.fr/feuille-de-match/2022-2023/j24/168-toulouse-bordeaux-begles,0
175,2022-2023,25,Stade Aimé-Giral,USA Perpignan,Stade Toulousain,https://top14.lnr.fr/feuille-de-match/2022-2023/j25/175-perpignan-toulouse,0
169,2022-2023,25,Stade Jean-Dauger,Aviron Bayonnais,ASM Clermont,https://top14.lnr.fr/feuille-de-match/2022-2023/j25/169-bayonne-clermont,0
170,2022-2023,25,Stade Chaban-Delmas,Union Bordeaux-Bègles,Section Paloise,https://top14.lnr.fr/feuille-de-match/2022-2023/j25/170-bordeaux-begles-pau,0
171,2022-2023,25,Stade Amédée-Domenech,CA Brive,Castres Olympique,https://top14.lnr.fr/feuille-de-match/2022-2023/j25/171-brive-castres,0
172,2022-2023,25,GGL Stadium,Montpellier Hérault Rugby,Stade Rochelais,https://top14.lnr.fr/feuille-de-match/2022-2023/j25/172-montpellier-la-rochelle,0
173,2022-2023,25,Paris La Défense Arena,Racing 92,RC Toulon,https://top14.lnr.fr/feuille-de-match/2022-2023/j25/173-racing-92-toulon,0
174,2022-2023,25,Stade Jean-Bouin,Stade Français Paris,LOU Rugby,https://top14.lnr.fr/feuille-de-match/2022-2023/j25/174-paris-lyon,0
176,2022-2023,26,Stade Marcel-Michelin,ASM Clermont,Racing 92,https://top14.lnr.fr/feuille-de-match/2022-2023/j26/176-clermont-racing-92,0
177,2022-2023,26,Stade Pierre-Fabre,Castres Olympique,USA Perpignan,https://top14.lnr.fr/feuille-de-match/2022-2023/j26/177-castres-perpignan,0
178,2022-2023,26,Stade de Gerland,LOU Rugby,Aviron Bayonnais,https://top14.lnr.fr/feuille-de-match/2022-2023/j26/178-lyon-bayonne,0
179,2022-2023,26,Stade Mayol,RC Toulon,Union Bordeaux-Bègles,https://top14.lnr.fr/feuille-de-match/2022-2023/j26/179-toulon-bordeaux-begles,0
180,2022-2023,26,Stade du Hameau,Section Paloise,Montpellier Hérault Rugby,https://top14.lnr.fr/feuille-de-match/2022-2023/j26/180-pau-montpellier,0
181,2022-2023,26,Stade Marcel-Deflandre,Stade Rochelais,Stade Français Paris,https://top14.lnr.fr/feuille-de-match/2022-2023/j26/181-la-rochelle-paris,0
182,2022-2023,26,Stade Ernest-Wallon,Stade Toulousain,CA Brive,https://top14.lnr.fr/feuille-de-match/2022-2023/j26/182-toulouse-brive,0
10244,2022-2023,27,Stade Jean-Bouin,Stade Français Paris,Racing 92,https://top14.lnr.fr/feuille-de-match/2022-2023/barrage/10244-paris-racing-92,1
10246,2022-2023,27,Stade de Gerland,LOU Rugby,Union Bordeaux-Bègles,https://top14.lnr.fr/feuille-de-match/2022-2023/barrage/10246-lyon-bordeaux-begles,1
10249,2022-2023,28,Reale Arena,Stade Toulousain,Racing 92,https://top14.lnr.fr/feuille-de-match/2022-2023/demi-finale/10249-toulouse-racing-92,1
10251,2022-2023,28,Reale Arena,Stade Rochelais,Union Bordeaux-Bègles,https://top14.lnr.fr/feuille-de-match/2022-2023/demi-finale/10251-la-rochelle-bordeaux-begles,1
10252,2022-2023,29,Stade de France,Stade Toulousain,Stade Rochelais,https://top14.lnr.fr/feuille-de-match/2022-2023/finale/10252-toulouse-la-rochelle,1
10253,2022-2023,30,Stade des Alpes,FC Grenoble Rugby,USA Perpignan,https://top14.lnr.fr/feuille-de-match/2022-2023/access/10253-grenoble-perpignan,1
10255,2023-2024,1,Stade Jean-Dauger,Aviron Bayonnais,Stade Toulousain,https://top14.lnr.fr/feuille-de-match/2023-2024/j1/10255-bayonne-toulouse,0
10261,2023-2024,1,Paris La Défense Arena,Racing 92,Union Bordeaux-Bègles,https://top14.lnr.fr/feuille-de-match/2023-2024/j1/10261-racing-92-bordeaux-begles,0
10256,2023-2024,1,Stade Aimé-Giral,USA Perpignan,Stade Français Paris,https://top14.lnr.fr/feuille-de-match/2023-2024/j1/10256-perpignan-paris,0
10257,2023-2024,1,Stade Charles-Mathon,Oyonnax Rugby,ASM Clermont,https://top14.lnr.fr/feuille-de-match/2023-2024/j1/10257-oyonnax-clermont,0
10258,2023-2024,1,Stade Pierre-Fabre,Castres Olympique,Section Paloise,https://top14.lnr.fr/feuille-de-match/2023-2024/j1/10258-castres-pau,0
10259,2023-2024,1,Stade de Gerland,LOU Rugby,RC Toulon,https://top14.lnr.fr/feuille-de-match/2023-2024/j1/10259-lyon-toulon,0
10260,2023-2024,1,GGL Stadium,Montpellier Hérault Rugby,Stade Rochelais,https://top14.lnr.fr/feuille-de-match/2023-2024/j1/10260-montpellier-la-rochelle,0
10265,2023-2024,2,Stade Jean-Bouin,Stade Français Paris,Oyonnax Rugby,https://top14.lnr.fr/feuille-de-match/2023-2024/j2/10265-paris-oyonnax,0
10264,2023-2024,2,Stade Marcel-Deflandre,Stade Rochelais,LOU Rugby,https://top14.lnr.fr/feuille-de-match/2023-2024/j2/10264-la-rochelle-lyon,0
10262,2023-2024,2,Stade Chaban-Delmas,Union Bordeaux-Bègles,Castres Olympique,https://top14.lnr.fr/feuille-de-match/2023-2024/j2/10262-bordeaux-begles-castres,0
10263,2023-2024,2,Stade Marcel-Michelin,ASM Clermont,USA Perpignan,https://top14.lnr.fr/feuille-de-match/2023-2024/j2/10263-clermont-perpignan,0
10266,2023-2024,2,Stade du Hameau,Section Paloise,Racing 92,https://top14.lnr.fr/feuille-de-match/2023-2024/j2/10266-pau-racing-92,0
10267,2023-2024,2,Stade Mayol,RC Toulon,Aviron Bayonnais,https://top14.lnr.fr/feuille-de-match/2023-2024/j2/10267-toulon-bayonne,0
10268,2023-2024,2,Stade Ernest-Wallon,Stade Toulousain,Montpellier Hérault Rugby,https://top14.lnr.fr/feuille-de-match/2023-2024/j2/10268-toulouse-montpellier,0
10270,2023-2024,3,Stade Charles-Mathon,Oyonnax Rugby,Stade Toulousain,https://top14.lnr.fr/feuille-de-match/2023-2024/j3/10270-oyonnax-toulouse,0
10271,2023-2024,3,Stade Pierre-Fabre,Castres Olympique,Aviron Bayonnais,https://top14.lnr.fr/feuille-de-match/2023-2024/j3/10271-castres-bayonne,0
10273,2023-2024,3,Stade Jean-Bouin,Stade Français Paris,Montpellier Hérault Rugby,https://top14.lnr.fr/feuille-de-match/2023-2024/j3/10273-paris-montpellier,0
10274,2023-2024,3,Stade du Hameau,Section Paloise,LOU Rugby,https://top14.lnr.fr/feuille-de-match/2023-2024/j3/10274-pau-lyon,0
10275,2023-2024,3,Paris La Défense Arena,Racing 92,USA Perpignan,https://top14.lnr.fr/feuille-de-match/2023-2024/j3/10275-racing-92-perpignan,0
10272,2023-2024,3,Stade Marcel-Michelin,ASM Clermont,Stade Rochelais,https://top14.lnr.fr/feuille-de-match/2023-2024/j3/10272-clermont-la-rochelle,0
10269,2023-2024,3,Stade Chaban-Delmas,Union Bordeaux-Bègles,RC Toulon,https://top14.lnr.fr/feuille-de-match/2023-2024/j3/10269-bordeaux-begles-toulon,0
10276,2023-2024,4,Stade Jean-Dauger,Aviron Bayonnais,Stade Français Paris,https://top14.lnr.fr/feuille-de-match/2023-2024/j4/10276-bayonne-paris,0
10277,2023-2024,4,Stade Aimé-Giral,USA Perpignan,Section Paloise,https://top14.lnr.fr/feuille-de-match/2023-2024/j4/10277-perpignan-pau,0
10279,2023-2024,4,Stade de Gerland,LOU Rugby,ASM Clermont,https://top14.lnr.fr/feuille-de-match/2023-2024/j4/10279-lyon-clermont,0
10280,2023-2024,4,GGL Stadium,Montpellier Hérault Rugby,Racing 92,https://top14.lnr.fr/feuille-de-match/2023-2024/j4/10280-montpellier-racing-92,0
10281,2023-2024,4,Stade Mayol,RC Toulon,Oyonnax Rugby,https://top14.lnr.fr/feuille-de-match/2023-2024/j4/10281-toulon-oyonnax,0
10278,2023-2024,4,Stade Marcel-Deflandre,Stade Rochelais,Castres Olympique,https://top14.lnr.fr/feuille-de-match/2023-2024/j4/10278-la-rochelle-castres,0
10282,2023-2024,4,Stade Ernest-Wallon,Stade Toulousain,Union Bordeaux-Bègles,https://top14.lnr.fr/feuille-de-match/2023-2024/j4/10282-toulouse-bordeaux-begles,0
10285,2023-2024,5,Stade Charles-Mathon,Oyonnax Rugby,Stade Rochelais,https://top14.lnr.fr/feuille-de-match/2023-2024/j5/10285-oyonnax-la-rochelle,0
10283,2023-2024,5,Stade Aimé-Giral,USA Perpignan,RC Toulon,https://top14.lnr.fr/feuille-de-match/2023-2024/j5/10283-perpignan-toulon,0
10284,2023-2024,5,Stade Chaban-Delmas,Union Bordeaux-Bègles,Montpellier Hérault Rugby,https://top14.lnr.fr/feuille-de-match/2023-2024/j5/10284-bordeaux-begles-montpellier,0
10286,2023-2024,5,Stade Marcel-Michelin,ASM Clermont,Aviron Bayonnais,https://top14.lnr.fr/feuille-de-match/2023-2024/j5/10286-clermont-bayonne,0
10287,2023-2024,5,Stade Jean-Bouin,Stade Français Paris,Castres Olympique,https://top14.lnr.fr/feuille-de-match/2023-2024/j5/10287-paris-castres,0
10289,2023-2024,5,Paris La Défense Arena,Racing 92,LOU Rugby,https://top14.lnr.fr/feuille-de-match/2023-2024/j5/10289-racing-92-lyon,0
10288,2023-2024,5,Stade du Hameau,Section Paloise,Stade Toulousain,https://top14.lnr.fr/feuille-de-match/2023-2024/j5/10288-pau-toulouse,0
10296,2023-2024,6,Stade Ernest-Wallon,Stade Toulousain,USA Perpignan,https://top14.lnr.fr/feuille-de-match/2023-2024/j6/10296-toulouse-perpignan,0
10290,2023-2024,6,Stade Pierre-Fabre,Castres Olympique,Oyonnax Rugby,https://top14.lnr.fr/feuille-de-match/2023-2024/j6/10290-castres-oyonnax,0
10292,2023-2024,6,Stade de Gerland,LOU Rugby,Stade Français Paris,https://top14.lnr.fr/feuille-de-match/2023-2024/j6/10292-lyon-paris,0
10293,2023-2024,6,GGL Stadium,Montpellier Hérault Rugby,ASM Clermont,https://top14.lnr.fr/feuille-de-match/2023-2024/j6/10293-montpellier-clermont,0
10294,2023-2024,6,Stade du Hameau,Section Paloise,Union Bordeaux-Bègles,https://top14.lnr.fr/feuille-de-match/2023-2024/j6/10294-pau-bordeaux-begles,0
10291,2023-2024,6,Stade Marcel-Deflandre,Stade Rochelais,Aviron Bayonnais,https://top14.lnr.fr/feuille-de-match/2023-2024/j6/10291-la-rochelle-bayonne,0
10295,2023-2024,6,Stade Mayol,RC Toulon,Racing 92,https://top14.lnr.fr/feuille-de-match/2023-2024/j6/10295-toulon-racing-92,0
10303,2023-2024,7,Stade Jean-Bouin,Stade Français Paris,Racing 92,https://top14.lnr.fr/feuille-de-match/2023-2024/j7/10303-paris-racing-92,0
10297,2023-2024,7,Stade Jean-Dauger,Aviron Bayonnais,Section Paloise,https://top14.lnr.fr/feuille-de-match/2023-2024/j7/10297-bayonne-pau,0
10298,2023-2024,7,Stade Aimé-Giral,USA Perpignan,Montpellier Hérault Rugby,https://top14.lnr.fr/feuille-de-match/2023-2024/j7/10298-perpignan-montpellier,0
10299,2023-2024,7,Stade Charles-Mathon,Oyonnax Rugby,LOU Rugby,https://top14.lnr.fr/feuille-de-match/2023-2024/j7/10299-oyonnax-lyon,0
10301,2023-2024,7,Stade Marcel-Michelin,ASM Clermont,RC Toulon,https://top14.lnr.fr/feuille-de-match/2023-2024/j7/10301-clermont-toulon,0
10300,2023-2024,7,Stade Pierre-Fabre,Castres Olympique,Stade Toulousain,https://top14.lnr.fr/feuille-de-match/2023-2024/j7/10300-castres-toulouse,0
10302,2023-2024,7,Stade Marcel-Deflandre,Stade Rochelais,Union Bordeaux-Bègles,https://top14.lnr.fr/feuille-de-match/2023-2024/j7/10302-la-rochelle-bordeaux-begles,0
10308,2023-2024,8,Stade Mayol,RC Toulon,Castres Olympique,https://top14.lnr.fr/feuille-de-match/2023-2024/j8/10308-toulon-castres,0
10304,2023-2024,8,Stade Chaban-Delmas,Union Bordeaux-Bègles,USA Perpignan,https://top14.lnr.fr/feuille-de-match/2023-2024/j8/10304-bordeaux-begles-perpignan,0
10305,2023-2024,8,Stade de Gerland,LOU Rugby,Aviron Bayonnais,https://top14.lnr.fr/feuille-de-match/2023-2024/j8/10305-lyon-bayonne,0
10306,2023-2024,8,GGL Stadium,Montpellier Hérault Rugby,Oyonnax Rugby,https://top14.lnr.fr/feuille-de-match/2023-2024/j8/10306-montpellier-oyonnax,0
10307,2023-2024,8,Stade du Hameau,Section Paloise,Stade Français Paris,https://top14.lnr.fr/feuille-de-match/2023-2024/j8/10307-pau-paris,0
10309,2023-2024,8,Stade Ernest-Wallon,Stade Toulousain,ASM Clermont,https://top14.lnr.fr/feuille-de-match/2023-2024/j8/10309-toulouse-clermont,0
10310,2023-2024,8,Paris La Défense Arena,Racing 92,Stade Rochelais,https://top14.lnr.fr/feuille-de-match/2023-2024/j8/10310-racing-92-la-rochelle,0
10317,2023-2024,9,Stade Mayol,RC Toulon,Section Paloise,https://top14.lnr.fr/feuille-de-match/2023-2024/j9/10317-toulon-pau,0
10311,2023-2024,9,Stade Jean-Dauger,Aviron Bayonnais,Montpellier Hérault Rugby,https://top14.lnr.fr/feuille-de-match/2023-2024/j9/10311-bayonne-montpellier,0
10312,2023-2024,9,Stade Charles-Mathon,Oyonnax Rugby,Union Bordeaux-Bègles,https://top14.lnr.fr/feuille-de-match/2023-2024/j9/10312-oyonnax-bordeaux-begles,0
10313,2023-2024,9,Stade Pierre-Fabre,Castres Olympique,LOU Rugby,https://top14.lnr.fr/feuille-de-match/2023-2024/j9/10313-castres-lyon,0
10315,2023-2024,9,Stade Marcel-Deflandre,Stade Rochelais,USA Perpignan,https://top14.lnr.fr/feuille-de-match/2023-2024/j9/10315-la-rochelle-perpignan,0
10314,2023-2024,9,Stade Marcel-Michelin,ASM Clermont,Racing 92,https://top14.lnr.fr/feuille-de-match/2023-2024/j9/10314-clermont-racing-92,0
10316,2023-2024,9,Stade Jean-Bouin,Stade Français Paris,Stade Toulousain,https://top14.lnr.fr/feuille-de-match/2023-2024/j9/10316-paris-toulouse,0
10318,2023-2024,10,Stade Aimé-Giral,USA Perpignan,Aviron Bayonnais,https://top14.lnr.fr/feuille-de-match/2023-2024/j10/10318-perpignan-bayonne,0
10319,2023-2024,10,Stade Chaban-Delmas,Union Bordeaux-Bègles,LOU Rugby,https://top14.lnr.fr/feuille-de-match/2023-2024/j10/10319-bordeaux-begles-lyon,0
10320,2023-2024,10,GGL Stadium,Montpellier Hérault Rugby,Castres Olympique,https://top14.lnr.fr/feuille-de-match/2023-2024/j10/10320-montpellier-castres,0
10323,2023-2024,10,Paris La Défense Arena,Racing 92,Oyonnax Rugby,https://top14.lnr.fr/feuille-de-match/2023-2024/j10/10323-racing-92-oyonnax,0
10322,2023-2024,10,Stade du Hameau,Section Paloise,ASM Clermont,https://top14.lnr.fr/feuille-de-match/2023-2024/j10/10322-pau-clermont,0
10321,2023-2024,10,Stade Jean-Bouin,Stade Français Paris,Stade Rochelais,https://top14.lnr.fr/feuille-de-match/2023-2024/j10/10321-paris-la-rochelle,0
10324,2023-2024,10,Stade Ernest-Wallon,Stade Toulousain,RC Toulon,https://top14.lnr.fr/feuille-de-match/2023-2024/j10/10324-toulouse-toulon,0
10326,2023-2024,11,Stade Charles-Mathon,Oyonnax Rugby,Section Paloise,https://top14.lnr.fr/feuille-de-match/2023-2024/j11/10326-oyonnax-pau,0
10328,2023-2024,11,Stade Marcel-Michelin,ASM Clermont,Union Bordeaux-Bègles,https://top14.lnr.fr/feuille-de-match/2023-2024/j11/10328-clermont-bordeaux-begles,0
10330,2023-2024,11,Stade de Gerland,LOU Rugby,Montpellier Hérault Rugby,https://top14.lnr.fr/feuille-de-match/2023-2024/j11/10330-lyon-montpellier,0
10325,2023-2024,11,Stade Jean-Dauger,Aviron Bayonnais,Racing 92,https://top14.lnr.fr/feuille-de-match/2023-2024/j11/10325-bayonne-racing-92,0
10331,2023-2024,11,Stade Mayol,RC Toulon,Stade Français Paris,https://top14.lnr.fr/feuille-de-match/2023-2024/j11/10331-toulon-paris,0
10329,2023-2024,11,Stade Marcel-Deflandre,Stade Rochelais,Stade Toulousain,https://top14.lnr.fr/feuille-de-match/2023-2024/j11/10329-la-rochelle-toulouse,0
10327,2023-2024,11,Stade Pierre-Fabre,Castres Olympique,USA Perpignan,https://top14.lnr.fr/feuille-de-match/2023-2024/j11/10327-castres-perpignan,0
10336,2023-2024,12,Stade du Hameau,Section Paloise,Stade Rochelais,https://top14.lnr.fr/feuille-de-match/2023-2024/j12/10336-pau-la-rochelle,0
10332,2023-2024,12,Stade Aimé-Giral,USA Perpignan,Oyonnax Rugby,https://top14.lnr.fr/feuille-de-match/2023-2024/j12/10332-perpignan-oyonnax,0
10333,2023-2024,12,Stade Chaban-Delmas,Union Bordeaux-Bègles,Aviron Bayonnais,https://top14.lnr.fr/feuille-de-match/2023-2024/j12/10333-bordeaux-begles-bayonne,0
10335,2023-2024,12,Stade Jean-Bouin,Stade Français Paris,ASM Clermont,https://top14.lnr.fr/feuille-de-match/2023-2024/j12/10335-paris-clermont,0
10337,2023-2024,12,Paris La Défense Arena,Racing 92,Castres Olympique,https://top14.lnr.fr/feuille-de-match/2023-2024/j12/10337-racing-92-castres,0
10338,2023-2024,12,Stade Ernest-Wallon,Stade Toulousain,LOU Rugby,https://top14.lnr.fr/feuille-de-match/2023-2024/j12/10338-toulouse-lyon,0
10334,2023-2024,12,GGL Stadium,Montpellier Hérault Rugby,RC Toulon,https://top14.lnr.fr/feuille-de-match/2023-2024/j12/10334-montpellier-toulon,0
10340,2023-2024,13,Stade Chaban-Delmas,Union Bordeaux-Bègles,Stade Français Paris,https://top14.lnr.fr/feuille-de-match/2023-2024/j13/10340-bordeaux-begles-paris,0
10339,2023-2024,13,Stade Jean-Dauger,Aviron Bayonnais,Oyonnax Rugby,https://top14.lnr.fr/feuille-de-match/2023-2024/j13/10339-bayonne-oyonnax,0
10341,2023-2024,13,Stade Pierre-Fabre,Castres Olympique,ASM Clermont,https://top14.lnr.fr/feuille-de-match/2023-2024/j13/10341-castres-clermont,0
10342,2023-2024,13,Stade de Gerland,LOU Rugby,USA Perpignan,https://top14.lnr.fr/feuille-de-match/2023-2024/j13/10342-lyon-perpignan,0
10343,2023-2024,13,GGL Stadium,Montpellier Hérault Rugby,Section Paloise,https://top14.lnr.fr/feuille-de-match/2023-2024/j13/10343-montpellier-pau,0
10345,2023-2024,13,Stade Mayol,RC Toulon,Stade Rochelais,https://top14.lnr.fr/feuille-de-match/2023-2024/j13/10345-toulon-la-rochelle,0
10344,2023-2024,13,Paris La Défense Arena,Racing 92,Stade Toulousain,https://top14.lnr.fr/feuille-de-match/2023-2024/j13/10344-racing-92-toulouse,0
10346,2023-2024,14,Stade Aimé-Giral,USA Perpignan,Racing 92,https://top14.lnr.fr/feuille-de-match/2023-2024/j14/10346-perpignan-racing-92,0
10347,2023-2024,14,Stade Charles-Mathon,Oyonnax Rugby,Stade Français Paris,https://top14.lnr.fr/feuille-de-match/2023-2024/j14/10347-oyonnax-paris,0
10348,2023-2024,14,Stade Marcel-Michelin,ASM Clermont,LOU Rugby,https://top14.lnr.fr/feuille-de-match/2023-2024/j14/10348-clermont-lyon,0
10349,2023-2024,14,Stade Marcel-Deflandre,Stade Rochelais,Montpellier Hérault Rugby,https://top14.lnr.fr/feuille-de-match/2023-2024/j14/10349-la-rochelle-montpellier,0
10350,2023-2024,14,Stade du Hameau,Section Paloise,Castres Olympique,https://top14.lnr.fr/feuille-de-match/2023-2024/j14/10350-pau-castres,0
10352,2023-2024,14,Stade Ernest-Wallon,Stade Toulousain,Aviron Bayonnais,https://top14.lnr.fr/feuille-de-match/2023-2024/j14/10352-toulouse-bayonne,0
10351,2023-2024,14,Stade Mayol,RC Toulon,Union Bordeaux-Bègles,https://top14.lnr.fr/feuille-de-match/2023-2024/j14/10351-toulon-bordeaux-begles,0
10356,2023-2024,15,Stade de Gerland,LOU Rugby,Stade Rochelais,https://top14.lnr.fr/feuille-de-match/2023-2024/j15/10356-lyon-la-rochelle,0
10354,2023-2024,15,Stade Chaban-Delmas,Union Bordeaux-Bègles,Section Paloise,https://top14.lnr.fr/feuille-de-match/2023-2024/j15/10354-bordeaux-begles-pau,0
10357,2023-2024,15,Stade Jean-Bouin,Stade Français Paris,USA Perpignan,https://top14.lnr.fr/feuille-de-match/2023-2024/j15/10357-paris-perpignan,0
10358,2023-2024,15,Paris La Défense Arena,Racing 92,Montpellier Hérault Rugby,https://top14.lnr.fr/feuille-de-match/2023-2024/j15/10358-racing-92-montpellier,0
10359,2023-2024,15,Stade Ernest-Wallon,Stade Toulousain,Oyonnax Rugby,https://top14.lnr.fr/feuille-de-match/2023-2024/j15/10359-toulouse-oyonnax,0
10353,2023-2024,15,Stade Jean-Dauger,Aviron Bayonnais,ASM Clermont,https://top14.lnr.fr/feuille-de-match/2023-2024/j15/10353-bayonne-clermont,0
10355,2023-2024,15,Stade Pierre-Fabre,Castres Olympique,RC Toulon,https://top14.lnr.fr/feuille-de-match/2023-2024/j15/10355-castres-toulon,0
10364,2023-2024,16,GGL Stadium,Montpellier Hérault Rugby,Aviron Bayonnais,https://top14.lnr.fr/feuille-de-match/2023-2024/j16/10364-montpellier-bayonne,0
10360,2023-2024,16,Stade Aimé-Giral,USA Perpignan,Stade Rochelais,https://top14.lnr.fr/feuille-de-match/2023-2024/j16/10360-perpignan-la-rochelle,0
10361,2023-2024,16,Stade Pierre-Fabre,Castres Olympique,Union Bordeaux-Bègles,https://top14.lnr.fr/feuille-de-match/2023-2024/j16/10361-castres-bordeaux-begles,0
10363,2023-2024,16,Stade de Gerland,LOU Rugby,Oyonnax Rugby,https://top14.lnr.fr/feuille-de-match/2023-2024/j16/10363-lyon-oyonnax,0
10365,2023-2024,16,Stade du Hameau,Section Paloise,RC Toulon,https://top14.lnr.fr/feuille-de-match/2023-2024/j16/10365-pau-toulon,0
10366,2023-2024,16,Paris La Défense Arena,Racing 92,Stade Français Paris,https://top14.lnr.fr/feuille-de-match/2023-2024/j16/10366-racing-92-paris,0
10362,2023-2024,16,Stade Marcel-Michelin,ASM Clermont,Stade Toulousain,https://top14.lnr.fr/feuille-de-match/2023-2024/j16/10362-clermont-toulouse,0
10373,2023-2024,17,Stade Ernest-Wallon,Stade Toulousain,Castres Olympique,https://top14.lnr.fr/feuille-de-match/2023-2024/j17/10373-toulouse-castres,0
10367,2023-2024,17,Stade Jean-Dauger,Aviron Bayonnais,LOU Rugby,https://top14.lnr.fr/feuille-de-match/2023-2024/j17/10367-bayonne-lyon,0
10369,2023-2024,17,Stade Charles-Mathon,Oyonnax Rugby,Montpellier Hérault Rugby,https://top14.lnr.fr/feuille-de-match/2023-2024/j17/10369-oyonnax-montpellier,0
10371,2023-2024,17,Stade Jean-Bouin,Stade Français Paris,Section Paloise,https://top14.lnr.fr/feuille-de-match/2023-2024/j17/10371-paris-pau,0
10372,2023-2024,17,Stade Mayol,RC Toulon,USA Perpignan,https://top14.lnr.fr/feuille-de-match/2023-2024/j17/10372-toulon-perpignan,0
10368,2023-2024,17,Stade Chaban-Delmas,Union Bordeaux-Bègles,Racing 92,https://top14.lnr.fr/feuille-de-match/2023-2024/j17/10368-bordeaux-begles-racing-92,0
10370,2023-2024,17,Stade Marcel-Deflandre,Stade Rochelais,ASM Clermont,https://top14.lnr.fr/feuille-de-match/2023-2024/j17/10370-la-rochelle-clermont,0
10376,2023-2024,18,Stade Marcel-Deflandre,Stade Rochelais,Stade Français Paris,https://top14.lnr.fr/feuille-de-match/2023-2024/j18/10376-la-rochelle-paris,0
10375,2023-2024,18,Stade Marcel-Michelin,ASM Clermont,Oyonnax Rugby,https://top14.lnr.fr/feuille-de-match/2023-2024/j18/10375-clermont-oyonnax,0
10377,2023-2024,18,Stade de Gerland,LOU Rugby,Castres Olympique,https://top14.lnr.fr/feuille-de-match/2023-2024/j18/10377-lyon-castres,0
10378,2023-2024,18,GGL Stadium,Montpellier Hérault Rugby,Union Bordeaux-Bègles,https://top14.lnr.fr/feuille-de-match/2023-2024/j18/10378-montpellier-bordeaux-begles,0
10379,2023-2024,18,Stade du Hameau,Section Paloise,Aviron Bayonnais,https://top14.lnr.fr/feuille-de-match/2023-2024/j18/10379-pau-bayonne,0
10374,2023-2024,18,Stade Aimé-Giral,USA Perpignan,Stade Toulousain,https://top14.lnr.fr/feuille-de-match/2023-2024/j18/10374-perpignan-toulouse,0
10380,2023-2024,18,Paris La Défense Arena,Racing 92,RC Toulon,https://top14.lnr.fr/feuille-de-match/2023-2024/j18/10380-racing-92-toulon,0
10387,2023-2024,19,Stade Mayol,RC Toulon,Montpellier Hérault Rugby,https://top14.lnr.fr/feuille-de-match/2023-2024/j19/10387-toulon-montpellier,0
10383,2023-2024,19,Stade Charles-Mathon,Oyonnax Rugby,USA Perpignan,https://top14.lnr.fr/feuille-de-match/2023-2024/j19/10383-oyonnax-perpignan,0
10384,2023-2024,19,Stade Pierre-Fabre,Castres Olympique,Racing 92,https://top14.lnr.fr/feuille-de-match/2023-2024/j19/10384-castres-racing-92,0
10385,2023-2024,19,Stade Marcel-Michelin,ASM Clermont,Section Paloise,https://top14.lnr.fr/feuille-de-match/2023-2024/j19/10385-clermont-pau,0
10386,2023-2024,19,Stade Jean-Bouin,Stade Français Paris,LOU Rugby,https://top14.lnr.fr/feuille-de-match/2023-2024/j19/10386-paris-lyon,0
10381,2023-2024,19,Stade Jean-Dauger,Aviron Bayonnais,Stade Rochelais,https://top14.lnr.fr/feuille-de-match/2023-2024/j19/10381-bayonne-la-rochelle,0
10382,2023-2024,19,Stade Chaban-Delmas,Union Bordeaux-Bègles,Stade Toulousain,https://top14.lnr.fr/feuille-de-match/2023-2024/j19/10382-bordeaux-begles-toulouse,0
10392,2023-2024,20,GGL Stadium,Montpellier Hérault Rugby,Stade Français Paris,https://top14.lnr.fr/feuille-de-match/2023-2024/j20/10392-montpellier-paris,0
10389,2023-2024,20,Stade Aimé-Giral,USA Perpignan,Castres Olympique,https://top14.lnr.fr/feuille-de-match/2023-2024/j20/10389-perpignan-castres,0
10390,2023-2024,20,Stade Marcel-Deflandre,Stade Rochelais,Oyonnax Rugby,https://top14.lnr.fr/feuille-de-match/2023-2024/j20/10390-la-rochelle-oyonnax,0
10391,2023-2024,20,Stade de Gerland,LOU Rugby,Union Bordeaux-Bègles,https://top14.lnr.fr/feuille-de-match/2023-2024/j20/10391-lyon-bordeaux-begles,0
10393,2023-2024,20,Paris La Défense Arena,Racing 92,ASM Clermont,https://top14.lnr.fr/feuille-de-match/2023-2024/j20/10393-racing-92-clermont,0
10394,2023-2024,20,Stade Ernest-Wallon,Stade Toulousain,Section Paloise,https://top14.lnr.fr/feuille-de-match/2023-2024/j20/10394-toulouse-pau,0
10388,2023-2024,20,Stade Jean-Dauger,Aviron Bayonnais,RC Toulon,https://top14.lnr.fr/feuille-de-match/2023-2024/j20/10388-bayonne-toulon,0
10401,2023-2024,21,Stade Pierre-Fabre,Castres Olympique,Stade Rochelais,https://top14.lnr.fr/feuille-de-match/2023-2024/j21/10401-castres-la-rochelle,0
10395,2023-2024,21,Stade Aimé-Giral,USA Perpignan,LOU Rugby,https://top14.lnr.fr/feuille-de-match/2023-2024/j21/10395-perpignan-lyon,0
10397,2023-2024,21,Stade Charles-Mathon,Oyonnax Rugby,Racing 92,https://top14.lnr.fr/feuille-de-match/2023-2024/j21/10397-oyonnax-racing-92,0
10398,2023-2024,21,Stade Jean-Bouin,Stade Français Paris,Aviron Bayonnais,https://top14.lnr.fr/feuille-de-match/2023-2024/j21/10398-paris-bayonne,0
10399,2023-2024,21,Stade du Hameau,Section Paloise,Montpellier Hérault Rugby,https://top14.lnr.fr/feuille-de-match/2023-2024/j21/10399-pau-montpellier,0
10400,2023-2024,21,Stade Mayol,RC Toulon,Stade Toulousain,https://top14.lnr.fr/feuille-de-match/2023-2024/j21/10400-toulon-toulouse,0
10396,2023-2024,21,Stade Chaban-Delmas,Union Bordeaux-Bègles,ASM Clermont,https://top14.lnr.fr/feuille-de-match/2023-2024/j21/10396-bordeaux-begles-clermont,0
10408,2023-2024,22,Stade Ernest-Wallon,Stade Toulousain,Racing 92,https://top14.lnr.fr/feuille-de-match/2023-2024/j22/10408-toulouse-racing-92,0
10402,2023-2024,22,Stade Jean-Dauger,Aviron Bayonnais,Union Bordeaux-Bègles,https://top14.lnr.fr/feuille-de-match/2023-2024/j22/10402-bayonne-bordeaux-begles,0
10403,2023-2024,22,Stade Charles-Mathon,Oyonnax Rugby,Castres Olympique,https://top14.lnr.fr/feuille-de-match/2023-2024/j22/10403-oyonnax-castres,0
10406,2023-2024,22,Stade de Gerland,LOU Rugby,Section Paloise,https://top14.lnr.fr/feuille-de-match/2023-2024/j22/10406-lyon-pau,0
10407,2023-2024,22,GGL Stadium,Montpellier Hérault Rugby,USA Perpignan,https://top14.lnr.fr/feuille-de-match/2023-2024/j22/10407-montpellier-perpignan,0
10404,2023-2024,22,Stade Marcel-Michelin,ASM Clermont,Stade Français Paris,https://top14.lnr.fr/feuille-de-match/2023-2024/j22/10404-clermont-paris,0
10405,2023-2024,22,Stade Marcel-Deflandre,Stade Rochelais,RC Toulon,https://top14.lnr.fr/feuille-de-match/2023-2024/j22/10405-la-rochelle-toulon,0
10409,2023-2024,23,Stade Aimé-Giral,USA Perpignan,ASM Clermont,https://top14.lnr.fr/feuille-de-match/2023-2024/j23/10409-perpignan-clermont,0
10411,2023-2024,23,Stade Pierre-Fabre,Castres Olympique,Montpellier Hérault Rugby,https://top14.lnr.fr/feuille-de-match/2023-2024/j23/10411-castres-montpellier,0
10412,2023-2024,23,Stade du Hameau,Section Paloise,Oyonnax Rugby,https://top14.lnr.fr/feuille-de-match/2023-2024/j23/10412-pau-oyonnax,0
10413,2023-2024,23,Paris La Défense Arena,Racing 92,Aviron Bayonnais,https://top14.lnr.fr/feuille-de-match/2023-2024/j23/10413-racing-92-bayonne,0
10414,2023-2024,23,Stade Mayol,RC Toulon,LOU Rugby,https://top14.lnr.fr/feuille-de-match/2023-2024/j23/10414-toulon-lyon,0
10410,2023-2024,23,Stade Chaban-Delmas,Union Bordeaux-Bègles,Stade Rochelais,https://top14.lnr.fr/feuille-de-match/2023-2024/j23/10410-bordeaux-begles-la-rochelle,0
10415,2023-2024,23,Stade Ernest-Wallon,Stade Toulousain,Stade Français Paris,https://top14.lnr.fr/feuille-de-match/2023-2024/j23/10415-toulouse-paris,0
10421,2023-2024,24,GGL Stadium,Montpellier Hérault Rugby,Stade Toulousain,https://top14.lnr.fr/feuille-de-match/2023-2024/j24/10421-montpellier-toulouse,0
10416,2023-2024,24,Stade Jean-Dauger,Aviron Bayonnais,USA Perpignan,https://top14.lnr.fr/feuille-de-match/2023-2024/j24/10416-bayonne-perpignan,0
10417,2023-2024,24,Stade Charles-Mathon,Oyonnax Rugby,RC Toulon,https://top14.lnr.fr/feuille-de-match/2023-2024/j24/10417-oyonnax-toulon,0
10418,2023-2024,24,Stade Marcel-Michelin,ASM Clermont,Castres Olympique,https://top14.lnr.fr/feuille-de-match/2023-2024/j24/10418-clermont-castres,0
10420,2023-2024,24,Stade de Gerland,LOU Rugby,Racing 92,https://top14.lnr.fr/feuille-de-match/2023-2024/j24/10420-lyon-racing-92,0
10419,2023-2024,24,Stade Marcel-Deflandre,Stade Rochelais,Section Paloise,https://top14.lnr.fr/feuille-de-match/2023-2024/j24/10419-la-rochelle-pau,0
10422,2023-2024,24,Stade Jean-Bouin,Stade Français Paris,Union Bordeaux-Bègles,https://top14.lnr.fr/feuille-de-match/2023-2024/j24/10422-paris-bordeaux-begles,0
10427,2023-2024,25,Paris La Défense Arena,Racing 92,Section Paloise,https://top14.lnr.fr/feuille-de-match/2023-2024/j25/10427-racing-92-pau,0
10423,2023-2024,25,Stade Aimé-Giral,USA Perpignan,Union Bordeaux-Bègles,https://top14.lnr.fr/feuille-de-match/2023-2024/j25/10423-perpignan-bordeaux-begles,0
10424,2023-2024,25,Stade Charles-Mathon,Oyonnax Rugby,Aviron Bayonnais,https://top14.lnr.fr/feuille-de-match/2023-2024/j25/10424-oyonnax-bayonne,0
10425,2023-2024,25,Stade Pierre-Fabre,Castres Olympique,Stade Français Paris,https://top14.lnr.fr/feuille-de-match/2023-2024/j25/10425-castres-paris,0
10426,2023-2024,25,GGL Stadium,Montpellier Hérault Rugby,LOU Rugby,https://top14.lnr.fr/feuille-de-match/2023-2024/j25/10426-montpellier-lyon,0
10428,2023-2024,25,Stade Mayol,RC Toulon,ASM Clermont,https://top14.lnr.fr/feuille-de-match/2023-2024/j25/10428-toulon-clermont,0
10429,2023-2024,25,Stade Ernest-Wallon,Stade Toulousain,Stade Rochelais,https://top14.lnr.fr/feuille-de-match/2023-2024/j25/10429-toulouse-la-rochelle,0
10430,2023-2024,26,Stade Jean-Dauger,Aviron Bayonnais,Castres Olympique,https://top14.lnr.fr/feuille-de-match/2023-2024/j26/10430-bayonne-castres,0
10431,2023-2024,26,Stade Chaban-Delmas,Union Bordeaux-Bègles,Oyonnax Rugby,https://top14.lnr.fr/feuille-de-match/2023-2024/j26/10431-bordeaux-begles-oyonnax,0
10432,2023-2024,26,Stade Marcel-Michelin,ASM Clermont,Montpellier Hérault Rugby,https://top14.lnr.fr/feuille-de-match/2023-2024/j26/10432-clermont-montpellier,0
10433,2023-2024,26,Stade Marcel-Deflandre,Stade Rochelais,Racing 92,https://top14.lnr.fr/feuille-de-match/2023-2024/j26/10433-la-rochelle-racing-92,0
10434,2023-2024,26,Stade de Gerland,LOU Rugby,Stade Toulousain,https://top14.lnr.fr/feuille-de-match/2023-2024/j26/10434-lyon-toulouse,0
10435,2023-2024,26,Stade Jean-Bouin,Stade Français Paris,RC Toulon,https://top14.lnr.fr/feuille-de-match/2023-2024/j26/10435-paris-toulon,0
10436,2023-2024,26,Stade du Hameau,Section Paloise,USA Perpignan,https://top14.lnr.fr/feuille-de-match/2023-2024/j26/10436-pau-perpignan,0
10779,2023-2024,27,Stade Mayol,RC Toulon,Stade Rochelais,https://top14.lnr.fr/feuille-de-match/2023-2024/barrage/10779-toulon-la-rochelle,1
10780,2023-2024,27,Stade Chaban-Delmas,Union Bordeaux-Bègles,Racing 92,https://top14.lnr.fr/feuille-de-match/2023-2024/barrage/10780-bordeaux-begles-racing-92,1
10781,2023-2024,28,Stade Matmut-Atlantique,Stade Toulousain,Stade Rochelais,https://top14.lnr.fr/feuille-de-match/2023-2024/demi-finale/10781-toulouse-la-rochelle,1
10783,2023-2024,28,Stade Matmut-Atlantique,Stade Français Paris,Union Bordeaux-Bègles,https://top14.lnr.fr/feuille-de-match/2023-2024/demi-finale/10783-paris-bordeaux-begles,1
10782,2023-2024,29,Orange Velodrome,Stade Toulousain,Union Bordeaux-Bègles,https://top14.lnr.fr/feuille-de-match/2023-2024/finale/10782-toulouse-bordeaux-begles,1
10254,2023-2024,30,Stade des Alpes,FC Grenoble Rugby,Montpellier Hérault Rugby ,https://top14.lnr.fr/feuille-de-match/2023-2024/access-top-14/10254-grenoble-montpellier,1
10871,2024-2025,1,Stade Jean-Dauger,Aviron Bayonnais,USA Perpignan,https://top14.lnr.fr/feuille-de-match/2024-2025/j1/10871-bayonne-perpignan,0
10870,2024-2025,1,Stade Marcel-Michelin,ASM Clermont,Section Paloise,https://top14.lnr.fr/feuille-de-match/2024-2025/j1/10870-clermont-pau,0
10872,2024-2025,1,Stade Pierre-Fabre,Castres Olympique,Racing 92,https://top14.lnr.fr/feuille-de-match/2024-2025/j1/10872-castres-racing-92,0
10873,2024-2025,1,GGL Stadium,Montpellier Hérault Rugby,LOU Rugby,https://top14.lnr.fr/feuille-de-match/2024-2025/j1/10873-montpellier-lyon,0
10876,2024-2025,1,Stade Chaban-Delmas,Union Bordeaux-Bègles,Stade Français Paris,https://top14.lnr.fr/feuille-de-match/2024-2025/j1/10876-bordeaux-begles-paris,0
10875,2024-2025,1,Stade Marcel-Deflandre,Stade Rochelais,RC Toulon,https://top14.lnr.fr/feuille-de-match/2024-2025/j1/10875-la-rochelle-toulon,0
10874,2024-2025,1,Stade de la Rabine,RC Vannes,Stade Toulousain,https://top14.lnr.fr/feuille-de-match/2024-2025/j1/10874-vannes-toulouse,0
10879,2024-2025,2,Stade Mayol,RC Toulon,Castres Olympique,https://top14.lnr.fr/feuille-de-match/2024-2025/j2/10879-toulon-castres,0
10881,2024-2025,2,Stade Jean-Bouin,Stade Français Paris,RC Vannes,https://top14.lnr.fr/feuille-de-match/2024-2025/j2/10881-paris-vannes,0
10878,2024-2025,2,Paris La Défense Arena,Racing 92,ASM Clermont,https://top14.lnr.fr/feuille-de-match/2024-2025/j2/10878-racing-92-clermont,0
10880,2024-2025,2,Stade du Hameau,Section Paloise,Aviron Bayonnais,https://top14.lnr.fr/feuille-de-match/2024-2025/j2/10880-pau-bayonne,0
10883,2024-2025,2,Stade Aimé-Giral,USA Perpignan,Montpellier Hérault Rugby,https://top14.lnr.fr/feuille-de-match/2024-2025/j2/10883-perpignan-montpellier,0
10877,2024-2025,2,Stade de Gerland,LOU Rugby,Union Bordeaux-Bègles,https://top14.lnr.fr/feuille-de-match/2024-2025/j2/10877-lyon-bordeaux-begles,0
10882,2024-2025,2,Stade Ernest-Wallon,Stade Toulousain,Stade Rochelais,https://top14.lnr.fr/feuille-de-match/2024-2025/j2/10882-toulouse-la-rochelle,0
10886,2024-2025,3,GGL Stadium,Montpellier Hérault Rugby,Stade Toulousain,https://top14.lnr.fr/feuille-de-match/2024-2025/j3/10886-montpellier-toulouse,0
10884,2024-2025,3,Stade Marcel-Michelin,ASM Clermont,Aviron Bayonnais,https://top14.lnr.fr/feuille-de-match/2024-2025/j3/10884-clermont-bayonne,0
10885,2024-2025,3,Stade Pierre-Fabre,Castres Olympique,USA Perpignan,https://top14.lnr.fr/feuille-de-match/2024-2025/j3/10885-castres-perpignan,0
10887,2024-2025,3,Stade de la Rabine,RC Vannes,LOU Rugby,https://top14.lnr.fr/feuille-de-match/2024-2025/j3/10887-vannes-lyon,0
10889,2024-2025,3,Stade Marcel-Deflandre,Stade Rochelais,Section Paloise,https://top14.lnr.fr/feuille-de-match/2024-2025/j3/10889-la-rochelle-pau,0
10890,2024-2025,3,Stade Chaban-Delmas,Union Bordeaux-Bègles,Racing 92,https://top14.lnr.fr/feuille-de-match/2024-2025/j3/10890-bordeaux-begles-racing-92,0
10888,2024-2025,3,Stade Jean-Bouin,Stade Français Paris,RC Toulon,https://top14.lnr.fr/feuille-de-match/2024-2025/j3/10888-paris-toulon,0
10897,2024-2025,4,Stade Aimé-Giral,USA Perpignan,ASM Clermont,https://top14.lnr.fr/feuille-de-match/2024-2025/j4/10897-perpignan-clermont,0
10891,2024-2025,4,Stade Jean-Dauger,Aviron Bayonnais,Montpellier Hérault Rugby,https://top14.lnr.fr/feuille-de-match/2024-2025/j4/10891-bayonne-montpellier,0
10892,2024-2025,4,Stade de Gerland,LOU Rugby,Castres Olympique,https://top14.lnr.fr/feuille-de-match/2024-2025/j4/10892-lyon-castres,0
10893,2024-2025,4,Paris La Défense Arena,Racing 92,Stade Rochelais,https://top14.lnr.fr/feuille-de-match/2024-2025/j4/10893-racing-92-la-rochelle,0
10894,2024-2025,4,Stade Mayol,RC Toulon,RC Vannes,https://top14.lnr.fr/feuille-de-match/2024-2025/j4/10894-toulon-vannes,0
10895,2024-2025,4,Stade du Hameau,Section Paloise,Stade Français Paris,https://top14.lnr.fr/feuille-de-match/2024-2025/j4/10895-pau-paris,0
10896,2024-2025,4,Stade Ernest-Wallon,Stade Toulousain,Union Bordeaux-Bègles,https://top14.lnr.fr/feuille-de-match/2024-2025/j4/10896-toulouse-bordeaux-begles,0
10900,2024-2025,5,Stade de la Rabine,RC Vannes,Racing 92,https://top14.lnr.fr/feuille-de-match/2024-2025/j5/10900-vannes-racing-92,0
10901,2024-2025,5,Stade Jean-Bouin,Stade Français Paris,Montpellier Hérault Rugby,https://top14.lnr.fr/feuille-de-match/2024-2025/j5/10901-paris-montpellier,0
10902,2024-2025,5,Stade Marcel-Deflandre,Stade Rochelais,LOU Rugby,https://top14.lnr.fr/feuille-de-match/2024-2025/j5/10902-la-rochelle-lyon,0
10903,2024-2025,5,Stade Chaban-Delmas,Union Bordeaux-Bègles,Aviron Bayonnais,https://top14.lnr.fr/feuille-de-match/2024-2025/j5/10903-bordeaux-begles-bayonne,0
10904,2024-2025,5,Stade Aimé-Giral,USA Perpignan,Section Paloise,https://top14.lnr.fr/feuille-de-match/2024-2025/j5/10904-perpignan-pau,0
10899,2024-2025,5,Stade Pierre-Fabre,Castres Olympique,Stade Toulousain,https://top14.lnr.fr/feuille-de-match/2024-2025/j5/10899-castres-toulouse,0
10898,2024-2025,5,Stade Marcel-Michelin,ASM Clermont,RC Toulon,https://top14.lnr.fr/feuille-de-match/2024-2025/j5/10898-clermont-toulon,0
10908,2024-2025,6,Paris La Défense Arena,Racing 92,RC Toulon,https://top14.lnr.fr/feuille-de-match/2024-2025/j6/10908-racing-92-toulon,0
10905,2024-2025,6,Stade Jean-Dauger,Aviron Bayonnais,Stade Rochelais,https://top14.lnr.fr/feuille-de-match/2024-2025/j6/10905-bayonne-la-rochelle,0
10907,2024-2025,6,GGL Stadium,Montpellier Hérault Rugby,RC Vannes,https://top14.lnr.fr/feuille-de-match/2024-2025/j6/10907-montpellier-vannes,0
10909,2024-2025,6,Stade du Hameau,Section Paloise,Castres Olympique,https://top14.lnr.fr/feuille-de-match/2024-2025/j6/10909-pau-castres,0
10911,2024-2025,6,Stade Chaban-Delmas,Union Bordeaux-Bègles,USA Perpignan,https://top14.lnr.fr/feuille-de-match/2024-2025/j6/10911-bordeaux-begles-perpignan,0
10910,2024-2025,6,Stade Ernest-Wallon,Stade Toulousain,ASM Clermont,https://top14.lnr.fr/feuille-de-match/2024-2025/j6/10910-toulouse-clermont,0
10906,2024-2025,6,Stade de Gerland,LOU Rugby,Stade Français Paris,https://top14.lnr.fr/feuille-de-match/2024-2025/j6/10906-lyon-paris,0
10914,2024-2025,7,Stade Jean-Dauger,Aviron Bayonnais,Racing 92,https://top14.lnr.fr/feuille-de-match/2024-2025/j7/10914-bayonne-racing-92,0
10913,2024-2025,7,Stade Marcel-Michelin,ASM Clermont,RC Vannes,https://top14.lnr.fr/feuille-de-match/2024-2025/j7/10913-clermont-vannes,0
10915,2024-2025,7,Stade Pierre-Fabre,Castres Olympique,Stade Français Paris,https://top14.lnr.fr/feuille-de-match/2024-2025/j7/10915-castres-paris,0
10916,2024-2025,7,Stade Mayol,RC Toulon,Montpellier Hérault Rugby,https://top14.lnr.fr/feuille-de-match/2024-2025/j7/10916-toulon-montpellier,0
10920,2024-2025,7,Stade Aimé-Giral,USA Perpignan,LOU Rugby,https://top14.lnr.fr/feuille-de-match/2024-2025/j7/10920-perpignan-lyon,0
10918,2024-2025,7,Stade du Hameau,Section Paloise,Stade Toulousain,https://top14.lnr.fr/feuille-de-match/2024-2025/j7/10918-pau-toulouse,0
10919,2024-2025,7,Stade Marcel-Deflandre,Stade Rochelais,Union Bordeaux-Bègles,https://top14.lnr.fr/feuille-de-match/2024-2025/j7/10919-la-rochelle-bordeaux-begles,0
10927,2024-2025,8,Stade Chaban-Delmas,Union Bordeaux-Bègles,Section Paloise,https://top14.lnr.fr/feuille-de-match/2024-2025/j8/10927-bordeaux-begles-pau,0
10921,2024-2025,8,Stade de Gerland,LOU Rugby,Aviron Bayonnais,https://top14.lnr.fr/feuille-de-match/2024-2025/j8/10921-lyon-bayonne,0
10922,2024-2025,8,GGL Stadium,Montpellier Hérault Rugby,Stade Rochelais,https://top14.lnr.fr/feuille-de-match/2024-2025/j8/10922-montpellier-la-rochelle,0
10923,2024-2025,8,Paris La Défense Arena,Racing 92,USA Perpignan,https://top14.lnr.fr/feuille-de-match/2024-2025/j8/10923-racing-92-perpignan,0
10924,2024-2025,8,Stade de la Rabine,RC Vannes,Castres Olympique,https://top14.lnr.fr/feuille-de-match/2024-2025/j8/10924-vannes-castres,0
10925,2024-2025,8,Stade Jean-Bouin,Stade Français Paris,ASM Clermont,https://top14.lnr.fr/feuille-de-match/2024-2025/j8/10925-paris-clermont,0
10926,2024-2025,8,Stade Ernest-Wallon,Stade Toulousain,RC Toulon,https://top14.lnr.fr/feuille-de-match/2024-2025/j8/10926-toulouse-toulon,0
10928,2024-2025,9,Stade Marcel-Michelin,ASM Clermont,Union Bordeaux-Bègles,https://top14.lnr.fr/feuille-de-match/2024-2025/j9/10928-clermont-bordeaux-begles,0
10930,2024-2025,9,Stade Pierre-Fabre,Castres Olympique,Montpellier Hérault Rugby,https://top14.lnr.fr/feuille-de-match/2024-2025/j9/10930-castres-montpellier,0
10931,2024-2025,9,Stade Mayol,RC Toulon,LOU Rugby,https://top14.lnr.fr/feuille-de-match/2024-2025/j9/10931-toulon-lyon,0
10932,2024-2025,9,Stade du Hameau,Section Paloise,Racing 92,https://top14.lnr.fr/feuille-de-match/2024-2025/j9/10932-pau-racing-92,0
10934,2024-2025,9,Stade Aimé-Giral,USA Perpignan,RC Vannes,https://top14.lnr.fr/feuille-de-match/2024-2025/j9/10934-perpignan-vannes,0
10933,2024-2025,9,Stade Marcel-Deflandre,Stade Rochelais,Stade Français Paris,https://top14.lnr.fr/feuille-de-match/2024-2025/j9/10933-la-rochelle-paris,0
10929,2024-2025,9,Stade Jean-Dauger,Aviron Bayonnais,Stade Toulousain,https://top14.lnr.fr/feuille-de-match/2024-2025/j9/10929-bayonne-toulouse,0
10938,2024-2025,10,Stade Mayol,RC Toulon,Aviron Bayonnais,https://top14.lnr.fr/feuille-de-match/2024-2025/j10/10938-toulon-bayonne,0
10935,2024-2025,10,Stade Pierre-Fabre,Castres Olympique,Stade Rochelais,https://top14.lnr.fr/feuille-de-match/2024-2025/j10/10935-castres-la-rochelle,0
10936,2024-2025,10,Stade de Gerland,LOU Rugby,ASM Clermont,https://top14.lnr.fr/feuille-de-match/2024-2025/j10/10936-lyon-clermont,0
10937,2024-2025,10,GGL Stadium,Montpellier Hérault Rugby,Section Paloise,https://top14.lnr.fr/feuille-de-match/2024-2025/j10/10937-montpellier-pau,0
10941,2024-2025,10,Stade Ernest-Wallon,Stade Toulousain,USA Perpignan,https://top14.lnr.fr/feuille-de-match/2024-2025/j10/10941-toulouse-perpignan,0
10939,2024-2025,10,Stade de la Rabine,RC Vannes,Union Bordeaux-Bègles,https://top14.lnr.fr/feuille-de-match/2024-2025/j10/10939-vannes-bordeaux-begles,0
10940,2024-2025,10,Stade Jean-Bouin,Stade Français Paris,Racing 92,https://top14.lnr.fr/feuille-de-match/2024-2025/j10/10940-paris-racing-92,0
10944,2024-2025,11,Paris La Défense Arena,Racing 92,Stade Toulousain,https://top14.lnr.fr/feuille-de-match/2024-2025/j11/10944-racing-92-toulouse,0
10942,2024-2025,11,Stade Marcel-Michelin,ASM Clermont,Castres Olympique,https://top14.lnr.fr/feuille-de-match/2024-2025/j11/10942-clermont-castres,0
10945,2024-2025,11,Stade du Hameau,Section Paloise,LOU Rugby,https://top14.lnr.fr/feuille-de-match/2024-2025/j11/10945-pau-lyon,0
10946,2024-2025,11,Stade Marcel-Deflandre,Stade Rochelais,RC Vannes,https://top14.lnr.fr/feuille-de-match/2024-2025/j11/10946-la-rochelle-vannes,0
10947,2024-2025,11,Stade Chaban-Delmas,Union Bordeaux-Bègles,Montpellier Hérault Rugby,https://top14.lnr.fr/feuille-de-match/2024-2025/j11/10947-bordeaux-begles-montpellier,0
10948,2024-2025,11,Stade Aimé-Giral,USA Perpignan,RC Toulon,https://top14.lnr.fr/feuille-de-match/2024-2025/j11/10948-perpignan-toulon,0
10943,2024-2025,11,Stade Jean-Dauger,Aviron Bayonnais,Stade Français Paris,https://top14.lnr.fr/feuille-de-match/2024-2025/j11/10943-bayonne-paris,0
10955,2024-2025,12,Stade Marcel-Deflandre,Stade Rochelais,ASM Clermont,https://top14.lnr.fr/feuille-de-match/2024-2025/j12/10955-la-rochelle-clermont,0
10951,2024-2025,12,GGL Stadium,Montpellier Hérault Rugby,Racing 92,https://top14.lnr.fr/feuille-de-match/2024-2025/j12/10951-montpellier-racing-92,0
10952,2024-2025,12,Stade Mayol,RC Toulon,Section Paloise,https://top14.lnr.fr/feuille-de-match/2024-2025/j12/10952-toulon-pau,0
10953,2024-2025,12,Stade de la Rabine,RC Vannes,Aviron Bayonnais,https://top14.lnr.fr/feuille-de-match/2024-2025/j12/10953-vannes-bayonne,0
10954,2024-2025,12,Stade Jean-Bouin,Stade Français Paris,USA Perpignan,https://top14.lnr.fr/feuille-de-match/2024-2025/j12/10954-paris-perpignan,0
10949,2024-2025,12,Stade Pierre-Fabre,Castres Olympique,Union Bordeaux-Bègles,https://top14.lnr.fr/feuille-de-match/2024-2025/j12/10949-castres-bordeaux-begles,0
10950,2024-2025,12,Stade de Gerland,LOU Rugby,Stade Toulousain,https://top14.lnr.fr/feuille-de-match/2024-2025/j12/10950-lyon-toulouse,0
10959,2024-2025,13,Stade du Hameau,Section Paloise,RC Vannes,https://top14.lnr.fr/feuille-de-match/2024-2025/j13/10959-pau-vannes,0
10957,2024-2025,13,Stade Jean-Dauger,Aviron Bayonnais,Castres Olympique,https://top14.lnr.fr/feuille-de-match/2024-2025/j13/10957-bayonne-castres,0
10956,2024-2025,13,Stade Marcel-Michelin,ASM Clermont,Montpellier Hérault Rugby,https://top14.lnr.fr/feuille-de-match/2024-2025/j13/10956-clermont-montpellier,0
10961,2024-2025,13,Stade Chaban-Delmas,Union Bordeaux-Bègles,RC Toulon,https://top14.lnr.fr/feuille-de-match/2024-2025/j13/10961-bordeaux-begles-toulon,0
10958,2024-2025,13,Paris La Défense Arena,Racing 92,LOU Rugby,https://top14.lnr.fr/feuille-de-match/2024-2025/j13/10958-racing-92-lyon,0
10962,2024-2025,13,Stade Aimé-Giral,USA Perpignan,Stade Rochelais,https://top14.lnr.fr/feuille-de-match/2024-2025/j13/10962-perpignan-la-rochelle,0
10960,2024-2025,13,Stade Ernest-Wallon,Stade Toulousain,Stade Français Paris,https://top14.lnr.fr/feuille-de-match/2024-2025/j13/10960-toulouse-paris,0
10966,2024-2025,14,Stade Mayol,RC Toulon,Racing 92,https://top14.lnr.fr/feuille-de-match/2024-2025/j14/10966-toulon-racing-92,0
10963,2024-2025,14,Stade Pierre-Fabre,Castres Olympique,Section Paloise,https://top14.lnr.fr/feuille-de-match/2024-2025/j14/10963-castres-pau,0
10964,2024-2025,14,Stade de Gerland,LOU Rugby,USA Perpignan,https://top14.lnr.fr/feuille-de-match/2024-2025/j14/10964-lyon-perpignan,0
10965,2024-2025,14,GGL Stadium,Montpellier Hérault Rugby,Aviron Bayonnais,https://top14.lnr.fr/feuille-de-match/2024-2025/j14/10965-montpellier-bayonne,0
10968,2024-2025,14,Stade Jean-Bouin,Stade Français Paris,Union Bordeaux-Bègles,https://top14.lnr.fr/feuille-de-match/2024-2025/j14/10968-paris-bordeaux-begles,0
10969,2024-2025,14,Stade Marcel-Deflandre,Stade Rochelais,Stade Toulousain,https://top14.lnr.fr/feuille-de-match/2024-2025/j14/10969-la-rochelle-toulouse,0
10967,2024-2025,14,Stade de la Rabine,RC Vannes,ASM Clermont,https://top14.lnr.fr/feuille-de-match/2024-2025/j14/10967-vannes-clermont,0
10974,2024-2025,15,Stade Ernest-Wallon,Stade Toulousain,Montpellier Hérault Rugby,https://top14.lnr.fr/feuille-de-match/2024-2025/j15/10974-toulouse-montpellier,0
10970,2024-2025,15,Paris La Défense Arena,Racing 92,Castres Olympique,https://top14.lnr.fr/feuille-de-match/2024-2025/j15/10970-racing-92-castres,0
10972,2024-2025,15,Stade de la Rabine,RC Vannes,Stade Français Paris,https://top14.lnr.fr/feuille-de-match/2024-2025/j15/10972-vannes-paris,0
10973,2024-2025,15,Stade du Hameau,Section Paloise,ASM Clermont,https://top14.lnr.fr/feuille-de-match/2024-2025/j15/10973-pau-clermont,0
10976,2024-2025,15,Stade Aimé-Giral,USA Perpignan,Aviron Bayonnais,https://top14.lnr.fr/feuille-de-match/2024-2025/j15/10976-perpignan-bayonne,0
10975,2024-2025,15,Stade Chaban-Delmas,Union Bordeaux-Bègles,LOU Rugby,https://top14.lnr.fr/feuille-de-match/2024-2025/j15/10975-bordeaux-begles-lyon,0
10971,2024-2025,15,Stade Mayol,RC Toulon,Stade Rochelais,https://top14.lnr.fr/feuille-de-match/2024-2025/j15/10971-toulon-la-rochelle,0
10978,2024-2025,16,Stade Jean-Dauger,Aviron Bayonnais,Union Bordeaux-Bègles,https://top14.lnr.fr/feuille-de-match/2024-2025/j16/10978-bayonne-bordeaux-begles,0
10979,2024-2025,16,Stade de Gerland,LOU Rugby,Stade Rochelais,https://top14.lnr.fr/feuille-de-match/2024-2025/j16/10979-lyon-la-rochelle,0
10981,2024-2025,16,Paris La Défense Arena,Racing 92,RC Vannes,https://top14.lnr.fr/feuille-de-match/2024-2025/j16/10981-racing-92-vannes,0
10982,2024-2025,16,Stade Jean-Bouin,Stade Français Paris,Section Paloise,https://top14.lnr.fr/feuille-de-match/2024-2025/j16/10982-paris-pau,0
10983,2024-2025,16,Stade Aimé-Giral,USA Perpignan,Castres Olympique,https://top14.lnr.fr/feuille-de-match/2024-2025/j16/10983-perpignan-castres,0
10980,2024-2025,16,GGL Stadium,Montpellier Hérault Rugby,RC Toulon,https://top14.lnr.fr/feuille-de-match/2024-2025/j16/10980-montpellier-toulon,0
10977,2024-2025,16,Stade Marcel-Michelin,ASM Clermont,Stade Toulousain,https://top14.lnr.fr/feuille-de-match/2024-2025/j16/10977-clermont-toulouse,0
10984,2024-2025,17,Stade Pierre-Fabre,Castres Olympique,LOU Rugby,https://top14.lnr.fr/feuille-de-match/2024-2025/j17/10984-castres-lyon,0
10985,2024-2025,17,Stade Mayol,RC Toulon,Stade Français Paris,https://top14.lnr.fr/feuille-de-match/2024-2025/j17/10985-toulon-paris,0
10986,2024-2025,17,Stade de la Rabine,RC Vannes,Montpellier Hérault Rugby,https://top14.lnr.fr/feuille-de-match/2024-2025/j17/10986-vannes-montpellier,0
10987,2024-2025,17,Stade du Hameau,Section Paloise,USA Perpignan,https://top14.lnr.fr/feuille-de-match/2024-2025/j17/10987-pau-perpignan,0
10988,2024-2025,17,Stade Marcel-Deflandre,Stade Rochelais,Racing 92,https://top14.lnr.fr/feuille-de-match/2024-2025/j17/10988-la-rochelle-racing-92,0
10989,2024-2025,17,Stade Ernest-Wallon,Stade Toulousain,Aviron Bayonnais,https://top14.lnr.fr/feuille-de-match/2024-2025/j17/10989-toulouse-bayonne,0
10990,2024-2025,17,Stade Chaban-Delmas,Union Bordeaux-Bègles,ASM Clermont,https://top14.lnr.fr/feuille-de-match/2024-2025/j17/10990-bordeaux-begles-clermont,0
10995,2024-2025,18,Stade Jean-Bouin,Stade Français Paris,Stade Rochelais,https://top14.lnr.fr/feuille-de-match/2024-2025/j18/10995-paris-la-rochelle,0
10992,2024-2025,18,Stade de Gerland,LOU Rugby,RC Toulon,https://top14.lnr.fr/feuille-de-match/2024-2025/j18/10992-lyon-toulon,0
10993,2024-2025,18,GGL Stadium,Montpellier Hérault Rugby,Castres Olympique,https://top14.lnr.fr/feuille-de-match/2024-2025/j18/10993-montpellier-castres,0
10994,2024-2025,18,Paris La Défense Arena,Racing 92,Section Paloise,https://top14.lnr.fr/feuille-de-match/2024-2025/j18/10994-racing-92-pau,0
10996,2024-2025,18,Stade Ernest-Wallon,Stade Toulousain,RC Vannes,https://top14.lnr.fr/feuille-de-match/2024-2025/j18/10996-toulouse-vannes,0
10997,2024-2025,18,Stade Aimé-Giral,USA Perpignan,Union Bordeaux-Bègles,https://top14.lnr.fr/feuille-de-match/2024-2025/j18/10997-perpignan-bordeaux-begles,0
10991,2024-2025,18,Stade Jean-Dauger,Aviron Bayonnais,ASM Clermont,https://top14.lnr.fr/feuille-de-match/2024-2025/j18/10991-bayonne-clermont,0
11003,2024-2025,19,Stade Marcel-Deflandre,Stade Rochelais,Castres Olympique,https://top14.lnr.fr/feuille-de-match/2024-2025/j19/11003-la-rochelle-castres,0
10998,2024-2025,19,Stade Marcel-Michelin,ASM Clermont,Racing 92,https://top14.lnr.fr/feuille-de-match/2024-2025/j19/10998-clermont-racing-92,0
10999,2024-2025,19,Stade de Gerland,LOU Rugby,RC Vannes,https://top14.lnr.fr/feuille-de-match/2024-2025/j19/10999-lyon-vannes,0
11001,2024-2025,19,Stade du Hameau,Section Paloise,Montpellier Hérault Rugby,https://top14.lnr.fr/feuille-de-match/2024-2025/j19/11001-pau-montpellier,0
11002,2024-2025,19,Stade Jean-Bouin,Stade Français Paris,Aviron Bayonnais,https://top14.lnr.fr/feuille-de-match/2024-2025/j19/11002-paris-bayonne,0
11000,2024-2025,19,Stade Mayol,RC Toulon,USA Perpignan,https://top14.lnr.fr/feuille-de-match/2024-2025/j19/11000-toulon-perpignan,0
11004,2024-2025,19,Stade Chaban-Delmas,Union Bordeaux-Bègles,Stade Toulousain,https://top14.lnr.fr/feuille-de-match/2024-2025/j19/11004-bordeaux-begles-toulouse,0
11011,2024-2025,20,Stade Ernest-Wallon,Stade Toulousain,Section Paloise,https://top14.lnr.fr/feuille-de-match/2024-2025/j20/11011-toulouse-pau,0
11008,2024-2025,20,GGL Stadium,Montpellier Hérault Rugby,Stade Français Paris,https://top14.lnr.fr/feuille-de-match/2024-2025/j20/11008-montpellier-paris,0
11010,2024-2025,20,Stade de la Rabine,RC Vannes,USA Perpignan,https://top14.lnr.fr/feuille-de-match/2024-2025/j20/11010-vannes-perpignan,0
11005,2024-2025,20,Stade Marcel-Michelin,ASM Clermont,Stade Rochelais,https://top14.lnr.fr/feuille-de-match/2024-2025/j20/11005-clermont-la-rochelle,0
11006,2024-2025,20,Stade Jean-Dauger,Aviron Bayonnais,LOU Rugby,https://top14.lnr.fr/feuille-de-match/2024-2025/j20/11006-bayonne-lyon,0
11007,2024-2025,20,Stade Pierre-Fabre,Castres Olympique,RC Toulon,https://top14.lnr.fr/feuille-de-match/2024-2025/j20/11007-castres-toulon,0
11009,2024-2025,20,Paris La Défense Arena,Racing 92,Union Bordeaux-Bègles,https://top14.lnr.fr/feuille-de-match/2024-2025/j20/11009-racing-92-bordeaux-begles,0
11015,2024-2025,21,Stade du Hameau,Section Paloise,Union Bordeaux-Bègles,https://top14.lnr.fr/feuille-de-match/2024-2025/j21/11015-pau-bordeaux-begles,0
11012,2024-2025,21,Stade Pierre-Fabre,Castres Olympique,RC Vannes,https://top14.lnr.fr/feuille-de-match/2024-2025/j21/11012-castres-vannes,0
11013,2024-2025,21,Stade de Gerland,LOU Rugby,Montpellier Hérault Rugby,https://top14.lnr.fr/feuille-de-match/2024-2025/j21/11013-lyon-montpellier,0
11017,2024-2025,21,Stade Marcel-Deflandre,Stade Rochelais,Aviron Bayonnais,https://top14.lnr.fr/feuille-de-match/2024-2025/j21/11017-la-rochelle-bayonne,0
11018,2024-2025,21,Stade Aimé-Giral,USA Perpignan,Racing 92,https://top14.lnr.fr/feuille-de-match/2024-2025/j21/11018-perpignan-racing-92,0
11014,2024-2025,21,Stade Mayol,RC Toulon,ASM Clermont,https://top14.lnr.fr/feuille-de-match/2024-2025/j21/11014-toulon-clermont,0
11016,2024-2025,21,Stade Jean-Bouin,Stade Français Paris,Stade Toulousain,https://top14.lnr.fr/feuille-de-match/2024-2025/j21/11016-paris-toulouse,0
11024,2024-2025,22,Stade Ernest-Wallon,Stade Toulousain,Castres Olympique,https://top14.lnr.fr/feuille-de-match/2024-2025/j22/11024-toulouse-castres,0
11019,2024-2025,22,Stade Marcel-Michelin,ASM Clermont,LOU Rugby,https://top14.lnr.fr/feuille-de-match/2024-2025/j22/11019-clermont-lyon,0
11020,2024-2025,22,Stade Jean-Dauger,Aviron Bayonnais,Section Paloise,https://top14.lnr.fr/feuille-de-match/2024-2025/j22/11020-bayonne-pau,0
11021,2024-2025,22,GGL Stadium,Montpellier Hérault Rugby,USA Perpignan,https://top14.lnr.fr/feuille-de-match/2024-2025/j22/11021-montpellier-perpignan,0
11023,2024-2025,22,Stade de la Rabine,RC Vannes,RC Toulon,https://top14.lnr.fr/feuille-de-match/2024-2025/j22/11023-vannes-toulon,0
11025,2024-2025,22,Stade Chaban-Delmas,Union Bordeaux-Bègles,Stade Rochelais,https://top14.lnr.fr/feuille-de-match/2024-2025/j22/11025-bordeaux-begles-la-rochelle,0
11022,2024-2025,22,Paris La Défense Arena,Racing 92,Stade Français Paris,https://top14.lnr.fr/feuille-de-match/2024-2025/j22/11022-racing-92-paris,0
11027,2024-2025,23,Stade de Gerland,LOU Rugby,Section Paloise,https://top14.lnr.fr/feuille-de-match/2024-2025/j23/11027-lyon-pau,0
11029,2024-2025,23,Paris La Défense Arena,Racing 92,Aviron Bayonnais,https://top14.lnr.fr/feuille-de-match/2024-2025/j23/11029-racing-92-bayonne,0
11031,2024-2025,23,Stade de la Rabine,RC Vannes,Stade Rochelais,https://top14.lnr.fr/feuille-de-match/2024-2025/j23/11031-vannes-la-rochelle,0
11032,2024-2025,23,Stade Aimé-Giral,USA Perpignan,Stade Français Paris,https://top14.lnr.fr/feuille-de-match/2024-2025/j23/11032-perpignan-paris,0
11030,2024-2025,23,Stade Mayol,RC Toulon,Stade Toulousain,https://top14.lnr.fr/feuille-de-match/2024-2025/j23/11030-toulon-toulouse,0
11028,2024-2025,23,GGL Stadium,Montpellier Hérault Rugby,Union Bordeaux-Bègles,https://top14.lnr.fr/feuille-de-match/2024-2025/j23/11028-montpellier-bordeaux-begles,0
11306,2024-2025,23,Stade Pierre-Fabre,Castres Olympique,ASM Clermont,https://top14.lnr.fr/feuille-de-match/2024-2025/j23/11306-castres-clermont,0
11039,2024-2025,24,Stade Chaban-Delmas,Union Bordeaux-Bègles,Castres Olympique,https://top14.lnr.fr/feuille-de-match/2024-2025/j24/11039-bordeaux-begles-castres,0
11033,2024-2025,24,Stade Marcel-Michelin,ASM Clermont,USA Perpignan,https://top14.lnr.fr/feuille-de-match/2024-2025/j24/11033-clermont-perpignan,0
11034,2024-2025,24,Stade Jean-Dauger,Aviron Bayonnais,RC Vannes,https://top14.lnr.fr/feuille-de-match/2024-2025/j24/11034-bayonne-vannes,0
11035,2024-2025,24,Stade du Hameau,Section Paloise,RC Toulon,https://top14.lnr.fr/feuille-de-match/2024-2025/j24/11035-pau-toulon,0
11036,2024-2025,24,Stade Jean-Bouin,Stade Français Paris,LOU Rugby,https://top14.lnr.fr/feuille-de-match/2024-2025/j24/11036-paris-lyon,0
11038,2024-2025,24,Stade Ernest-Wallon,Stade Toulousain,Racing 92,https://top14.lnr.fr/feuille-de-match/2024-2025/j24/11038-toulouse-racing-92,0
11037,2024-2025,24,Stade Marcel-Deflandre,Stade Rochelais,Montpellier Hérault Rugby,https://top14.lnr.fr/feuille-de-match/2024-2025/j24/11037-la-rochelle-montpellier,0
11040,2024-2025,25,Stade Marcel-Michelin,ASM Clermont,Stade Français Paris,https://top14.lnr.fr/feuille-de-match/2024-2025/j25/11040-clermont-paris,0
11041,2024-2025,25,Stade Pierre-Fabre,Castres Olympique,Aviron Bayonnais,https://top14.lnr.fr/feuille-de-match/2024-2025/j25/11041-castres-bayonne,0
11042,2024-2025,25,Paris La Défense Arena,Racing 92,Montpellier Hérault Rugby,https://top14.lnr.fr/feuille-de-match/2024-2025/j25/11042-racing-92-montpellier,0
11044,2024-2025,25,Stade de la Rabine,RC Vannes,Section Paloise,https://top14.lnr.fr/feuille-de-match/2024-2025/j25/11044-vannes-pau,0
11045,2024-2025,25,Stade Marcel-Deflandre,Stade Rochelais,USA Perpignan,https://top14.lnr.fr/feuille-de-match/2024-2025/j25/11045-la-rochelle-perpignan,0
11046,2024-2025,25,Stade Ernest-Wallon,Stade Toulousain,LOU Rugby,https://top14.lnr.fr/feuille-de-match/2024-2025/j25/11046-toulouse-lyon,0
11043,2024-2025,25,Stade Mayol,RC Toulon,Union Bordeaux-Bègles,https://top14.lnr.fr/feuille-de-match/2024-2025/j25/11043-toulon-bordeaux-begles,0
11047,2024-2025,26,Stade Jean-Dauger,Aviron Bayonnais,RC Toulon,https://top14.lnr.fr/feuille-de-match/2024-2025/j26/11047-bayonne-toulon,0
11048,2024-2025,26,Stade de Gerland,LOU Rugby,Racing 92,https://top14.lnr.fr/feuille-de-match/2024-2025/j26/11048-lyon-racing-92,0
11049,2024-2025,26,GGL Stadium,Montpellier Hérault Rugby,ASM Clermont,https://top14.lnr.fr/feuille-de-match/2024-2025/j26/11049-montpellier-clermont,0
11050,2024-2025,26,Stade du Hameau,Section Paloise,Stade Rochelais,https://top14.lnr.fr/feuille-de-match/2024-2025/j26/11050-pau-la-rochelle,0
11051,2024-2025,26,Stade Jean-Bouin,Stade Français Paris,Castres Olympique,https://top14.lnr.fr/feuille-de-match/2024-2025/j26/11051-paris-castres,0
11052,2024-2025,26,Stade Chaban-Delmas,Union Bordeaux-Bègles,RC Vannes,https://top14.lnr.fr/feuille-de-match/2024-2025/j26/11052-bordeaux-begles-vannes,0
11053,2024-2025,26,Stade Aimé-Giral,USA Perpignan,Stade Toulousain,https://top14.lnr.fr/feuille-de-match/2024-2025/j26/11053-perpignan-toulouse,0
10912,2024-2025,27,Stade Jean-Dauger,Aviron Bayonnais,ASM Clermont,https://top14.lnr.fr/feuille-de-match/2024-2025/barrage/10912-bayonne-clermont,1
10917,2024-2025,27,Stade Mayol,RC Toulon,Castres Olympique,https://top14.lnr.fr/feuille-de-match/2024-2025/barrage/10917-toulon-castres,1
11054,2024-2025,28,Parc OL,Stade Toulousain,Aviron Bayonnais,https://top14.lnr.fr/feuille-de-match/2024-2025/demi-finale/11054-toulouse-bayonne,1
11055,2024-2025,28,Parc OL,Union Bordeaux-Bègles,RC Toulon,https://top14.lnr.fr/feuille-de-match/2024-2025/demi-finale/11055-bordeaux-begles-toulon,1
11056,2024-2025,29,Stade de France,Stade Toulousain,Union Bordeaux-Bègles,https://top14.lnr.fr/feuille-de-match/2024-2025/finale/11056-toulouse-bordeaux-begles,1
11057,2024-2025,30,Stade des Alpes,FC Grenoble Rugby,USA Perpignan,https://top14.lnr.fr/feuille-de-match/2024-2025/access-top-14/11057-grenoble-perpignan,1
