player_name,int_window_id,season,competition
Martín Landajo,RC17,2017-2018,Rugby Championship
Israel Folau,RC17,2017-2018,Rugby Championship
Sonny Bill Williams,RC17,2017-2018,Rugby Championship
Courtnall Skosan,RC17,2017-2018,Rugby Championship
Matías Orlando,RC17,2017-2018,Rugby Championship
Jaco Kriel,RC17,2017-2018,Rugby Championship
Pieter-Steph du Toit,RC17,2017-2018,Rugby Championship
Leonardo Senatore,RC17,2017-2018,Rugby Championship
Siya Kolisi,RC17,2017-2018,Rugby Championship
Damian de Allende,RC17,2017-2018,Rugby Championship
Andries Coetzee,RC17,2017-2018,Rugby Championship
Nahuel Tetaz Chaparro,RC17,2017-2018,Rugby Championship
Trevor Nyakane,RC17,2017-2018,Rugby Championship
Israel Dagg,RC17,2017-2018,Rugby Championship
Santiago Cordero,RC17,2017-2018,Rugby Championship
Jack Dempsey,RC17,2017-2018,Rugby Championship
Marika Koroibete,RC17,2017-2018,Rugby Championship
Santiago García Botta,RC17,2017-2018,Rugby Championship
Samu Kerevi,RC17,2017-2018,Rugby Championship
Ruan Dreyer,RC17,2017-2018,Rugby Championship
Nehe Milner-Skudder,RC17,2017-2018,Rugby Championship
Nick Phipps,RC17,2017-2018,Rugby Championship
Vaea Fifita,RC17,2017-2018,Rugby Championship
Lima Sopoaga,RC17,2017-2018,Rugby Championship
Jerónimo de la Fuente,RC17,2017-2018,Rugby Championship
Scott Barrett,RC17,2017-2018,Rugby Championship
Jan Serfontein,RC17,2017-2018,Rugby Championship
Jean-Luc du Preez,RC17,2017-2018,Rugby Championship
Reece Hodge,RC17,2017-2018,Rugby Championship
Patrick Tuipulotu,RC17,2017-2018,Rugby Championship
Sekope Kepu,RC17,2017-2018,Rugby Championship
Julián Montoya,RC17,2017-2018,Rugby Championship
Lood de Jager,RC17,2017-2018,Rugby Championship
Nathan Harris,RC17,2017-2018,Rugby Championship
Joe Moody,RC17,2017-2018,Rugby Championship
Ramiro Moyano,RC17,2017-2018,Rugby Championship
Tatafu Polota-Nau,RC17,2017-2018,Rugby Championship
Malcolm Marx,RC17,2017-2018,Rugby Championship
Raymond Rhule,RC17,2017-2018,Rugby Championship
Rob Simmons,RC17,2017-2018,Rugby Championship
Lukhan Tui,RC17,2017-2018,Rugby Championship
Bernard Foley,RC17,2017-2018,Rugby Championship
Will Genia,RC17,2017-2018,Rugby Championship
Scott Sio,RC17,2017-2018,Rugby Championship
Javier Ortega Desio,RC17,2017-2018,Rugby Championship
Ross Cronjé,RC17,2017-2018,Rugby Championship
Stephen Moore,RC17,2017-2018,Rugby Championship
Izack Rodda,RC17,2017-2018,Rugby Championship
Tetera Faulkner,RC17,2017-2018,Rugby Championship
Damian McKenzie,RC17,2017-2018,Rugby Championship
Lucas Noguera Paz,RC17,2017-2018,Rugby Championship
Ngani Laumape,RC17,2017-2018,Rugby Championship
Waisake Naholo,RC17,2017-2018,Rugby Championship
Michael Hooper,RC17,2017-2018,Rugby Championship
Matías Moroni,RC17,2017-2018,Rugby Championship
Uzair Cassiem,RC17,2017-2018,Rugby Championship
Pablo Matera,RC17,2017-2018,Rugby Championship
Juan Manuel Leguizamón,RC17,2017-2018,Rugby Championship
Tomás Lezana,RC17,2017-2018,Rugby Championship
Anton Lienert-Brown,RC17,2017-2018,Rugby Championship
Francois Hougaard,RC17,2017-2018,Rugby Championship
Sam Cane,RC17,2017-2018,Rugby Championship
Dillyn Leyds,RC17,2017-2018,Rugby Championship
Santiago González Iglesias,RC17,2017-2018,Rugby Championship
Handré Pollard,RC17,2017-2018,Rugby Championship
Kurtley Beale,RC17,2017-2018,Rugby Championship
Nepo Laulala,RC17,2017-2018,Rugby Championship
Marcos Kremer,RC17,2017-2018,Rugby Championship
Tomás Lavanini,RC17,2017-2018,Rugby Championship
Brodie Retallick,RC17,2017-2018,Rugby Championship
Enrique Pieretto,RC17,2017-2018,Rugby Championship
Matt Todd,RC17,2017-2018,Rugby Championship
Luke Romano,RC17,2017-2018,Rugby Championship
Agustín Creevy,RC17,2017-2018,Rugby Championship
Tom Robertson,RC17,2017-2018,Rugby Championship
Jesse Kriel,RC17,2017-2018,Rugby Championship
Beauden Barrett,RC17,2017-2018,Rugby Championship
Ardie Savea,RC17,2017-2018,Rugby Championship
David Havili,RC17,2017-2018,Rugby Championship
Rieko Ioane,RC17,2017-2018,Rugby Championship
Guido Petti,RC17,2017-2018,Rugby Championship
Matías Alemanno,RC17,2017-2018,Rugby Championship
Codie Taylor,RC17,2017-2018,Rugby Championship
Tomás Cubelli,RC17,2017-2018,Rugby Championship
Ryan Crotty,RC17,2017-2018,Rugby Championship
TJ Perenara,RC17,2017-2018,Rugby Championship
Curtis Rona,RC17,2017-2018,Rugby Championship
Jordan Uelese,RC17,2017-2018,Rugby Championship
Lopeti Timani,RC17,2017-2018,Rugby Championship
Adam Coleman,RC17,2017-2018,Rugby Championship
Bongi Mbonambi,RC17,2017-2018,Rugby Championship
Elton Jantjies,RC17,2017-2018,Rugby Championship
Nicolás Sánchez,RC17,2017-2018,Rugby Championship
Kane Hames,RC17,2017-2018,Rugby Championship
Chiliboy Ralepelle,RC17,2017-2018,Rugby Championship
Ned Hanigan,RC17,2017-2018,Rugby Championship
Owen Franks,RC17,2017-2018,Rugby Championship
Joaquín Tuculet,RC17,2017-2018,Rugby Championship
Juan Martín Hernández,RC17,2017-2018,Rugby Championship
Emiliano Boffelli,RC17,2017-2018,Rugby Championship
Kieran Read,RC17,2017-2018,Rugby Championship
Liam Squire,RC17,2017-2018,Rugby Championship
Rudy Paige,RC17,2017-2018,Rugby Championship
Ofa Tu'ungafasi,RC17,2017-2018,Rugby Championship
Sean McMahon,RC17,2017-2018,Rugby Championship
Dane Coles,RC17,2017-2018,Rugby Championship
Henry Speight,RC17,2017-2018,Rugby Championship
Coenie Oosthuizen,RC17,2017-2018,Rugby Championship
Benjamín Macome,RC17,2017-2018,Rugby Championship
Tevita Kuridrani,RC17,2017-2018,Rugby Championship
Wilco Louw,RC17,2017-2018,Rugby Championship
Ben Smith,RC17,2017-2018,Rugby Championship
Manuel Montero,RC17,2017-2018,Rugby Championship
Allan Alaalatoa,RC17,2017-2018,Rugby Championship
Steven Kitshoff,RC17,2017-2018,Rugby Championship
Rory Arnold,RC17,2017-2018,Rugby Championship
Sam Whitelock,RC17,2017-2018,Rugby Championship
Franco Mostert,RC17,2017-2018,Rugby Championship
Eben Etzebeth,RC17,2017-2018,Rugby Championship
Tendai Mtawarira,RC17,2017-2018,Rugby Championship
Tawera Kerr-Barlow,RC17,2017-2018,Rugby Championship
Gonzalo Bertranou,RC17,2017-2018,Rugby Championship
Dane Haylett-Petty,RC17,2017-2018,Rugby Championship
Aaron Smith,RC17,2017-2018,Rugby Championship
Wyatt Crockett,RC17,2017-2018,Rugby Championship
Francois Louw,RC17,2017-2018,Rugby Championship
Curwin Bosch,RC17,2017-2018,Rugby Championship
Ramiro Herrera,RC17,2017-2018,Rugby Championship
Josua Tuisova,EOY17,2017-2018,End of Year Internationals
Yoann Huget,EOY17,2017-2018,End of Year Internationals
Romain Taofifénua,EOY17,2017-2018,End of Year Internationals
Endy Willian,EOY17,2017-2018,End of Year Internationals
Sonny Bill Williams,EOY17,2017-2018,End of Year Internationals
Lucas Muller,EOY17,2017-2018,End of Year Internationals
Jale Vatubua,EOY17,2017-2018,End of Year Internationals
Tudorel Bratu,EOY17,2017-2018,End of Year Internationals
Kuselo Moyake,EOY17,2017-2018,End of Year Internationals
Peter Malcolm,EOY17,2017-2018,End of Year Internationals
Andrew Porter,EOY17,2017-2018,End of Year Internationals
Marcel Coetzee,EOY17,2017-2018,End of Year Internationals
Mateo Sanguinetti,EOY17,2017-2018,End of Year Internationals
Ruan Ludick,EOY17,2017-2018,End of Year Internationals
Tim Swinson,EOY17,2017-2018,End of Year Internationals
Karmichael Hunt,EOY17,2017-2018,End of Year Internationals
Courtnall Skosan,EOY17,2017-2018,End of Year Internationals
Bryce Campbell,EOY17,2017-2018,End of Year Internationals
Fotu Lokotui,EOY17,2017-2018,End of Year Internationals
Hallam Amos,EOY17,2017-2018,End of Year Internationals
Vereniki Goneva,EOY17,2017-2018,End of Year Internationals
Sione Faka'osilea,EOY17,2017-2018,End of Year Internationals
Nick Isiekwe,EOY17,2017-2018,End of Year Internationals
Luke Whitelock,EOY17,2017-2018,End of Year Internationals
Nate Augspurger,EOY17,2017-2018,End of Year Internationals
Huluholo Moungaloa,EOY17,2017-2018,End of Year Internationals
Marco Lazzaroni,EOY17,2017-2018,End of Year Internationals
Romain Pinte,EOY17,2017-2018,End of Year Internationals
Ruan Dreyer,EOY17,2017-2018,End of Year Internationals
Konstantin Mikautadze,EOY17,2017-2018,End of Year Internationals
Merab Sharikadze,EOY17,2017-2018,End of Year Internationals
Nick Phipps,EOY17,2017-2018,End of Year Internationals
Beka Bitsadze,EOY17,2017-2018,End of Year Internationals
Damian Stevens,EOY17,2017-2018,End of Year Internationals
Erik Marks,EOY17,2017-2018,End of Year Internationals
Levani Botia,EOY17,2017-2018,End of Year Internationals
Nathan Hughes,EOY17,2017-2018,End of Year Internationals
Nicolás Freitas,EOY17,2017-2018,End of Year Internationals
Jerónimo de la Fuente,EOY17,2017-2018,End of Year Internationals
Diego Magno,EOY17,2017-2018,End of Year Internationals
Gastón Mieres,EOY17,2017-2018,End of Year Internationals
Franco Velarde,EOY17,2017-2018,End of Year Internationals
Simon Berghan,EOY17,2017-2018,End of Year Internationals
Shalva Mamukashvili,EOY17,2017-2018,End of Year Internationals
David Barrera Howarth,EOY17,2017-2018,End of Year Internationals
Sekope Kepu,EOY17,2017-2018,End of Year Internationals
Sonatane Takulua,EOY17,2017-2018,End of Year Internationals
Gela Aprasidze,EOY17,2017-2018,End of Year Internationals
Paul Weiss,EOY17,2017-2018,End of Year Internationals
Anthony Luca,EOY17,2017-2018,End of Year Internationals
Giorgi Tkhilaishvili,EOY17,2017-2018,End of Year Internationals
Scott Spedding,EOY17,2017-2018,End of Year Internationals
Maama Vaipulu,EOY17,2017-2018,End of Year Internationals
Pele Cowley,EOY17,2017-2018,End of Year Internationals
Henry Seniloli,EOY17,2017-2018,End of Year Internationals
Tetera Faulkner,EOY17,2017-2018,End of Year Internationals
Michael Leitch,EOY17,2017-2018,End of Year Internationals
Elliot Daly,EOY17,2017-2018,End of Year Internationals
Pat Parfrey,EOY17,2017-2018,End of Year Internationals
Alvar Gimeno,EOY17,2017-2018,End of Year Internationals
Damian McKenzie,EOY17,2017-2018,End of Year Internationals
Michael Hooper,EOY17,2017-2018,End of Year Internationals
Andrew Ferguson,EOY17,2017-2018,End of Year Internationals
Theuns Kotzé,EOY17,2017-2018,End of Year Internationals
Yoshikazu Fujita,EOY17,2017-2018,End of Year Internationals
Fili Lomani,EOY17,2017-2018,End of Year Internationals
Gauthier Gibouin,EOY17,2017-2018,End of Year Internationals
Paul Jedrasiak,EOY17,2017-2018,End of Year Internationals
Fernando Martin López Perez,EOY17,2017-2018,End of Year Internationals
André Arruda,EOY17,2017-2018,End of Year Internationals
Adriaan Booysen,EOY17,2017-2018,End of Year Internationals
Edoardo Gori,EOY17,2017-2018,End of Year Internationals
Lucas Guillaume,EOY17,2017-2018,End of Year Internationals
Giorgi Koshadze,EOY17,2017-2018,End of Year Internationals
Huw Jones,EOY17,2017-2018,End of Year Internationals
Daniel Koch,EOY17,2017-2018,End of Year Internationals
Byron McGuigan,EOY17,2017-2018,End of Year Internationals
Mako Vunipola,EOY17,2017-2018,End of Year Internationals
Anton Lienert-Brown,EOY17,2017-2018,End of Year Internationals
Luca Bigi,EOY17,2017-2018,End of Year Internationals
Leone Nakarawa,EOY17,2017-2018,End of Year Internationals
Ray Barkwill,EOY17,2017-2018,End of Year Internationals
Semesa Rokoduguni,EOY17,2017-2018,End of Year Internationals
Nemani Nagusa,EOY17,2017-2018,End of Year Internationals
Alexandre Alves,EOY17,2017-2018,End of Year Internationals
Dillyn Leyds,EOY17,2017-2018,End of Year Internationals
Luke McGrath,EOY17,2017-2018,End of Year Internationals
Nepo Laulala,EOY17,2017-2018,End of Year Internationals
Mosese Voka,EOY17,2017-2018,End of Year Internationals
Josh Tyrell,EOY17,2017-2018,End of Year Internationals
Alex Gordaș,EOY17,2017-2018,End of Year Internationals
Jamie Murphy,EOY17,2017-2018,End of Year Internationals
Michel Gomes,EOY17,2017-2018,End of Year Internationals
Jaime Nava de Olano,EOY17,2017-2018,End of Year Internationals
Dan Lydiate,EOY17,2017-2018,End of Year Internationals
Ben Landry,EOY17,2017-2018,End of Year Internationals
Nicky Smith,EOY17,2017-2018,End of Year Internationals
Lasha Khmaladze,EOY17,2017-2018,End of Year Internationals
Mihai Lazăr,EOY17,2017-2018,End of Year Internationals
Steff Evans,EOY17,2017-2018,End of Year Internationals
Giorgi Begadze,EOY17,2017-2018,End of Year Internationals
Alun Wyn Jones,EOY17,2017-2018,End of Year Internationals
Guillaume Piron,EOY17,2017-2018,End of Year Internationals
Elliot Dee,EOY17,2017-2018,End of Year Internationals
Duane Vermeulen,EOY17,2017-2018,End of Year Internationals
Sébastien Ascarat,EOY17,2017-2018,End of Year Internationals
Sep de Backer,EOY17,2017-2018,End of Year Internationals
Anton Petrowitsch,EOY17,2017-2018,End of Year Internationals
Ian Keatley,EOY17,2017-2018,End of Year Internationals
Matt Philip,EOY17,2017-2018,End of Year Internationals
Pierre Mathurin,EOY17,2017-2018,End of Year Internationals
Peter O'Mahony,EOY17,2017-2018,End of Year Internationals
Sebastián Cancelliere,EOY17,2017-2018,End of Year Internationals
Atsushi Sakate,EOY17,2017-2018,End of Year Internationals
Marcello Violi,EOY17,2017-2018,End of Year Internationals
Jaco Otto,EOY17,2017-2018,End of Year Internationals
Alejandro Nieto,EOY17,2017-2018,End of Year Internationals
Pedro Bengaló,EOY17,2017-2018,End of Year Internationals
Marcel Brache,EOY17,2017-2018,End of Year Internationals
Lesley Klim,EOY17,2017-2018,End of Year Internationals
Sergio Parisse,EOY17,2017-2018,End of Year Internationals
Dan Biggar,EOY17,2017-2018,End of Year Internationals
Jamie-Jerry Taulagi,EOY17,2017-2018,End of Year Internationals
Gareth Davies,EOY17,2017-2018,End of Year Internationals
Nicolás Sánchez,EOY17,2017-2018,End of Year Internationals
Wyn Jones,EOY17,2017-2018,End of Year Internationals
Will Magie,EOY17,2017-2018,End of Year Internationals
Mike Brown,EOY17,2017-2018,End of Year Internationals
Juan Pablo Perrotta,EOY17,2017-2018,End of Year Internationals
Ned Hanigan,EOY17,2017-2018,End of Year Internationals
Moisés Duque,EOY17,2017-2018,End of Year Internationals
Matteo Minozzi,EOY17,2017-2018,End of Year Internationals
Ovidiu Cojocaru,EOY17,2017-2018,End of Year Internationals
Fabian Heimpel,EOY17,2017-2018,End of Year Internationals
Juan Martín Hernández,EOY17,2017-2018,End of Year Internationals
Michael Poppmeier,EOY17,2017-2018,End of Year Internationals
Gastón Gibernau,EOY17,2017-2018,End of Year Internationals
Davit Kacharava,EOY17,2017-2018,End of Year Internationals
Harry Williams,EOY17,2017-2018,End of Year Internationals
Benjamín Soto,EOY17,2017-2018,End of Year Internationals
George Ford,EOY17,2017-2018,End of Year Internationals
Ben McCalman,EOY17,2017-2018,End of Year Internationals
Blake Enever,EOY17,2017-2018,End of Year Internationals
Jayden Hayward,EOY17,2017-2018,End of Year Internationals
Fabien Perrin,EOY17,2017-2018,End of Year Internationals
Scott Andrews,EOY17,2017-2018,End of Year Internationals
Gilles Valette,EOY17,2017-2018,End of Year Internationals
Phil Mack,EOY17,2017-2018,End of Year Internationals
Leonardo Ghiraldini,EOY17,2017-2018,End of Year Internationals
Greg Peterson,EOY17,2017-2018,End of Year Internationals
Lukhanyo Am,EOY17,2017-2018,End of Year Internationals
Takuma Asahara,EOY17,2017-2018,End of Year Internationals
Shinnosuke Tu'umoto'oa,EOY17,2017-2018,End of Year Internationals
Max Reinhard,EOY17,2017-2018,End of Year Internationals
Rhys Webb,EOY17,2017-2018,End of Year Internationals
Henry Speight,EOY17,2017-2018,End of Year Internationals
Matias Balbontin,EOY17,2017-2018,End of Year Internationals
François Trinh-Duc,EOY17,2017-2018,End of Year Internationals
Paul Perez,EOY17,2017-2018,End of Year Internationals
Revaz Jinchvelashvili,EOY17,2017-2018,End of Year Internationals
Vasil Lobzhanidze,EOY17,2017-2018,End of Year Internationals
Geoffrey Doumayrou,EOY17,2017-2018,End of Year Internationals
Latu Talakai,EOY17,2017-2018,End of Year Internationals
Senzo Ngubane,EOY17,2017-2018,End of Year Internationals
Wilco Louw,EOY17,2017-2018,End of Year Internationals
Maxime Temmerman,EOY17,2017-2018,End of Year Internationals
Sione Lolohea,EOY17,2017-2018,End of Year Internationals
Taylor Paris,EOY17,2017-2018,End of Year Internationals
Vittoria Lastra,EOY17,2017-2018,End of Year Internationals
Chris Vui,EOY17,2017-2018,End of Year Internationals
Ryan Wilson,EOY17,2017-2018,End of Year Internationals
Kotaro Matsushima,EOY17,2017-2018,End of Year Internationals
Justin Tipuric,EOY17,2017-2018,End of Year Internationals
Jamie Bhatti,EOY17,2017-2018,End of Year Internationals
Marcus Bender,EOY17,2017-2018,End of Year Internationals
Taniela Tupou,EOY17,2017-2018,End of Year Internationals
Jonathan Davies,EOY17,2017-2018,End of Year Internationals
Donald Brighouse,EOY17,2017-2018,End of Year Internationals
Eben Etzebeth,EOY17,2017-2018,End of Year Internationals
Franco Mostert,EOY17,2017-2018,End of Year Internationals
Ratunaisa Navuma,EOY17,2017-2018,End of Year Internationals
Cristi Chirica,EOY17,2017-2018,End of Year Internationals
Dasch Barber,EOY17,2017-2018,End of Year Internationals
George Turner,EOY17,2017-2018,End of Year Internationals
Kainoa Lloyd,EOY17,2017-2018,End of Year Internationals
Caíque Silva,EOY17,2017-2018,End of Year Internationals
Jacob Stockdale,EOY17,2017-2018,End of Year Internationals
Francois Louw,EOY17,2017-2018,End of Year Internationals
Jamie Roberts,EOY17,2017-2018,End of Year Internationals
James Tracy,EOY17,2017-2018,End of Year Internationals
Ofisa Treviranus,EOY17,2017-2018,End of Year Internationals
Lasha Lomidze,EOY17,2017-2018,End of Year Internationals
Joan Losada,EOY17,2017-2018,End of Year Internationals
Rhys Ruddock,EOY17,2017-2018,End of Year Internationals
Mathieu Peluchon,EOY17,2017-2018,End of Year Internationals
Lucas Rumball,EOY17,2017-2018,End of Year Internationals
Zander Fagerson,EOY17,2017-2018,End of Year Internationals
Giovanni Licata,EOY17,2017-2018,End of Year Internationals
Rey Lee-Lo,EOY17,2017-2018,End of Year Internationals
Collen Smith,EOY17,2017-2018,End of Year Internationals
Gonzalo Soto,EOY17,2017-2018,End of Year Internationals
Tommy Seymour,EOY17,2017-2018,End of Year Internationals
Franco Lamanna,EOY17,2017-2018,End of Year Internationals
Guillaume Rouet,EOY17,2017-2018,End of Year Internationals
James Lay,EOY17,2017-2018,End of Year Internationals
Leonardo Senatore,EOY17,2017-2018,End of Year Internationals
Damian de Allende,EOY17,2017-2018,End of Year Internationals
Andries Coetzee,EOY17,2017-2018,End of Year Internationals
Marcel Becker,EOY17,2017-2018,End of Year Internationals
Andrea Lovotti,EOY17,2017-2018,End of Year Internationals
Koo Ji-won,EOY17,2017-2018,End of Year Internationals
Koki Yamamoto,EOY17,2017-2018,End of Year Internationals
Wimpie van der Walt,EOY17,2017-2018,End of Year Internationals
Samu Kerevi,EOY17,2017-2018,End of Year Internationals
Warrick Gelant,EOY17,2017-2018,End of Year Internationals
Carlos Pombo,EOY17,2017-2018,End of Year Internationals
Vaea Fifita,EOY17,2017-2018,End of Year Internationals
Daniel Faleafa,EOY17,2017-2018,End of Year Internationals
Anibal Bonan,EOY17,2017-2018,End of Year Internationals
Joe Marler,EOY17,2017-2018,End of Year Internationals
Lima Sopoaga,EOY17,2017-2018,End of Year Internationals
Sam Simmonds,EOY17,2017-2018,End of Year Internationals
Luke Haynes,EOY17,2017-2018,End of Year Internationals
Kali Hala,EOY17,2017-2018,End of Year Internationals
Scott Barrett,EOY17,2017-2018,End of Year Internationals
Anthony Watson,EOY17,2017-2018,End of Year Internationals
Prince ǃGaoseb,EOY17,2017-2018,End of Year Internationals
Peceli Yato,EOY17,2017-2018,End of Year Internationals
Agustín Ormaechea,EOY17,2017-2018,End of Year Internationals
Oupa Mohojé,EOY17,2017-2018,End of Year Internationals
Jonathan Garcia,EOY17,2017-2018,End of Year Internationals
Hamish Watson,EOY17,2017-2018,End of Year Internationals
Kevin Gourdon,EOY17,2017-2018,End of Year Internationals
Matías Benítez,EOY17,2017-2018,End of Year Internationals
Hubert Buydens,EOY17,2017-2018,End of Year Internationals
Ionuț Dumitru,EOY17,2017-2018,End of Year Internationals
Lucas Abud,EOY17,2017-2018,End of Year Internationals
Andrew Conway,EOY17,2017-2018,End of Year Internationals
Nathan Harris,EOY17,2017-2018,End of Year Internationals
Wynston Cameron-Dow,EOY17,2017-2018,End of Year Internationals
Jonny May,EOY17,2017-2018,End of Year Internationals
Mathieu Bélie,EOY17,2017-2018,End of Year Internationals
Jack Lam,EOY17,2017-2018,End of Year Internationals
Ali Price,EOY17,2017-2018,End of Year Internationals
Sébastien Vahaamahina,EOY17,2017-2018,End of Year Internationals
Sam Underhill,EOY17,2017-2018,End of Year Internationals
Malcolm Marx,EOY17,2017-2018,End of Year Internationals
Felipe Sancery,EOY17,2017-2018,End of Year Internationals
David Philander,EOY17,2017-2018,End of Year Internationals
Rob Simmons,EOY17,2017-2018,End of Year Internationals
Lukhan Tui,EOY17,2017-2018,End of Year Internationals
Sven D’Hooghe,EOY17,2017-2018,End of Year Internationals
Ross Cronjé,EOY17,2017-2018,End of Year Internationals
Rhodri Jones,EOY17,2017-2018,End of Year Internationals
Josh Navidi,EOY17,2017-2018,End of Year Internationals
Cian Healy,EOY17,2017-2018,End of Year Internationals
Sébastien Taofifénua,EOY17,2017-2018,End of Year Internationals
Dario Chistolini,EOY17,2017-2018,End of Year Internationals
Matías Moroni,EOY17,2017-2018,End of Year Internationals
Dwayne Polataivao,EOY17,2017-2018,End of Year Internationals
Pablo Matera,EOY17,2017-2018,End of Year Internationals
Rhys Priestland,EOY17,2017-2018,End of Year Internationals
Raphaël Chaume,EOY17,2017-2018,End of Year Internationals
Andrei Rădoi,EOY17,2017-2018,End of Year Internationals
Juan Manuel Leguizamón,EOY17,2017-2018,End of Year Internationals
Lucas Piero,EOY17,2017-2018,End of Year Internationals
Juan Anaya Lazaro,EOY17,2017-2018,End of Year Internationals
Judicaël Cancoriet,EOY17,2017-2018,End of Year Internationals
Fraser Brown,EOY17,2017-2018,End of Year Internationals
Mauricio Canterle,EOY17,2017-2018,End of Year Internationals
Florin Bărdașu,EOY17,2017-2018,End of Year Internationals
TJ Ioane,EOY17,2017-2018,End of Year Internationals
Benoît Piffero,EOY17,2017-2018,End of Year Internationals
Yan Rosetti,EOY17,2017-2018,End of Year Internationals
Santiago González Iglesias,EOY17,2017-2018,End of Year Internationals
Kurtley Beale,EOY17,2017-2018,End of Year Internationals
Cléber Dias,EOY17,2017-2018,End of Year Internationals
Diego Ayala,EOY17,2017-2018,End of Year Internationals
Douglas Rauth,EOY17,2017-2018,End of Year Internationals
Matt Heaton,EOY17,2017-2018,End of Year Internationals
Daniel Snee,EOY17,2017-2018,End of Year Internationals
Agustín Creevy,EOY17,2017-2018,End of Year Internationals
Halani Aulika,EOY17,2017-2018,End of Year Internationals
Mirian Modebadze,EOY17,2017-2018,End of Year Internationals
Stefan Mau,EOY17,2017-2018,End of Year Internationals
Gillian Benoy,EOY17,2017-2018,End of Year Internationals
Brock Staller,EOY17,2017-2018,End of Year Internationals
Florin Surugiu,EOY17,2017-2018,End of Year Internationals
Ciaran Hearn,EOY17,2017-2018,End of Year Internationals
Ben Youngs,EOY17,2017-2018,End of Year Internationals
Rafael Dutta,EOY17,2017-2018,End of Year Internationals
Christo van der Merwe,EOY17,2017-2018,End of Year Internationals
Melani Matavao,EOY17,2017-2018,End of Year Internationals
Benjamin Pizarro,EOY17,2017-2018,End of Year Internationals
Seb Davies,EOY17,2017-2018,End of Year Internationals
Federico Zani,EOY17,2017-2018,End of Year Internationals
Giorgi Nemsadze,EOY17,2017-2018,End of Year Internationals
Kini Murimurivalu,EOY17,2017-2018,End of Year Internationals
Brad Linklater,EOY17,2017-2018,End of Year Internationals
Ryuji Noguchi,EOY17,2017-2018,End of Year Internationals
Ionel Badiu,EOY17,2017-2018,End of Year Internationals
Francesco Minto,EOY17,2017-2018,End of Year Internationals
Federico Ruzza,EOY17,2017-2018,End of Year Internationals
Henry Pyrgos,EOY17,2017-2018,End of Year Internationals
Andrew Durutalo,EOY17,2017-2018,End of Year Internationals
Ryan Matyas,EOY17,2017-2018,End of Year Internationals
Giuseppe du Toit,EOY17,2017-2018,End of Year Internationals
Robert Lehmann,EOY17,2017-2018,End of Year Internationals
Claudio Zamorano,EOY17,2017-2018,End of Year Internationals
Kane Hames,EOY17,2017-2018,End of Year Internationals
Evan Olmstead,EOY17,2017-2018,End of Year Internationals
Camille Chat,EOY17,2017-2018,End of Year Internationals
Paul Gabrillagues,EOY17,2017-2018,End of Year Internationals
Dave Kearney,EOY17,2017-2018,End of Year Internationals
Tim Lichtenberg,EOY17,2017-2018,End of Year Internationals
Joaquín Tuculet,EOY17,2017-2018,End of Year Internationals
Ben Volavola,EOY17,2017-2018,End of Year Internationals
Bertrand Billi,EOY17,2017-2018,End of Year Internationals
Emiliano Boffelli,EOY17,2017-2018,End of Year Internationals
Keita Inagaki,EOY17,2017-2018,End of Year Internationals
Marco Fuser,EOY17,2017-2018,End of Year Internationals
Ayron Schramm,EOY17,2017-2018,End of Year Internationals
Kieran Read,EOY17,2017-2018,End of Year Internationals
JC Greyling,EOY17,2017-2018,End of Year Internationals
Sione Teaupa,EOY17,2017-2018,End of Year Internationals
Thomas Dienst,EOY17,2017-2018,End of Year Internationals
Cornell du Preez,EOY17,2017-2018,End of Year Internationals
Rudy Paige,EOY17,2017-2018,End of Year Internationals
Ropate Rinakama,EOY17,2017-2018,End of Year Internationals
Dane Coles,EOY17,2017-2018,End of Year Internationals
Beñat Auzqui,EOY17,2017-2018,End of Year Internationals
Robbie Henshaw,EOY17,2017-2018,End of Year Internationals
Gabriel Lacroix,EOY17,2017-2018,End of Year Internationals
Hugo Bonneval,EOY17,2017-2018,End of Year Internationals
Levan Chilachava,EOY17,2017-2018,End of Year Internationals
Matheus Daniel,EOY17,2017-2018,End of Year Internationals
Dylan Hartley,EOY17,2017-2018,End of Year Internationals
Johannes van Heerden,EOY17,2017-2018,End of Year Internationals
Coenie Oosthuizen,EOY17,2017-2018,End of Year Internationals
Benjamín Macome,EOY17,2017-2018,End of Year Internationals
Tony Lamborn,EOY17,2017-2018,End of Year Internationals
Renato Giammarioli,EOY17,2017-2018,End of Year Internationals
Jens Torfs,EOY17,2017-2018,End of Year Internationals
Dean Budd,EOY17,2017-2018,End of Year Internationals
CJ Stander,EOY17,2017-2018,End of Year Internationals
Nikola Bursic,EOY17,2017-2018,End of Year Internationals
Raimundo Piwonka,EOY17,2017-2018,End of Year Internationals
Felix Martel,EOY17,2017-2018,End of Year Internationals
Marius Antonescu,EOY17,2017-2018,End of Year Internationals
Ellis Genge,EOY17,2017-2018,End of Year Internationals
Tito Tebaldi,EOY17,2017-2018,End of Year Internationals
Penikolo Latu,EOY17,2017-2018,End of Year Internationals
Uwe Helu,EOY17,2017-2018,End of Year Internationals
Cliven Loubser,EOY17,2017-2018,End of Year Internationals
Javier Richard,EOY17,2017-2018,End of Year Internationals
Tendai Mtawarira,EOY17,2017-2018,End of Year Internationals
Tiziano Pasquali,EOY17,2017-2018,End of Year Internationals
Lee Jones,EOY17,2017-2018,End of Year Internationals
Phil Burleigh,EOY17,2017-2018,End of Year Internationals
De Wet van Niekerk,EOY17,2017-2018,End of Year Internationals
Rob Kearney,EOY17,2017-2018,End of Year Internationals
Anthony Dickinson,EOY17,2017-2018,End of Year Internationals
Charly Malié,EOY17,2017-2018,End of Year Internationals
Aaron Smith,EOY17,2017-2018,End of Year Internationals
Niël van Vuuren,EOY17,2017-2018,End of Year Internationals
Sunia Koto,EOY17,2017-2018,End of Year Internationals
Ignacio Contardi,EOY17,2017-2018,End of Year Internationals
Carsten Lang,EOY17,2017-2018,End of Year Internationals
Ben LeSage,EOY17,2017-2018,End of Year Internationals
Matheus Cruz,EOY17,2017-2018,End of Year Internationals
Nate Brakeley,EOY17,2017-2018,End of Year Internationals
Joe Launchbury,EOY17,2017-2018,End of Year Internationals
Martín Landajo,EOY17,2017-2018,End of Year Internationals
Soso Bekoshvili,EOY17,2017-2018,End of Year Internationals
Alexandru Țăruș,EOY17,2017-2018,End of Year Internationals
Cooper Vuna,EOY17,2017-2018,End of Year Internationals
Ahsee Tuala,EOY17,2017-2018,End of Year Internationals
Tangimana Fonovai,EOY17,2017-2018,End of Year Internationals
David Halaifonua,EOY17,2017-2018,End of Year Internationals
Rory Best,EOY17,2017-2018,End of Year Internationals
Matías Orlando,EOY17,2017-2018,End of Year Internationals
Kain Rix,EOY17,2017-2018,End of Year Internationals
Jacobus De Wet van Niekerk,EOY17,2017-2018,End of Year Internationals
Pieter-Steph du Toit,EOY17,2017-2018,End of Year Internationals
Nahuel Tetaz Chaparro,EOY17,2017-2018,End of Year Internationals
Trevor Nyakane,EOY17,2017-2018,End of Year Internationals
Giorgi Kveseladze,EOY17,2017-2018,End of Year Internationals
Shintaro Ishihara,EOY17,2017-2018,End of Year Internationals
Marika Koroibete,EOY17,2017-2018,End of Year Internationals
Raynor Parkinson,EOY17,2017-2018,End of Year Internationals
Artur Bergo,EOY17,2017-2018,End of Year Internationals
Jamie George,EOY17,2017-2018,End of Year Internationals
Jethro Felemi,EOY17,2017-2018,End of Year Internationals
Angelo Esposito,EOY17,2017-2018,End of Year Internationals
Fumiaki Tanaka,EOY17,2017-2018,End of Year Internationals
Baptiste Serin,EOY17,2017-2018,End of Year Internationals
Maurie Fa'asavalu,EOY17,2017-2018,End of Year Internationals
Nelius Theron,EOY17,2017-2018,End of Year Internationals
Craig Dowsett,EOY17,2017-2018,End of Year Internationals
Rabah Slimani,EOY17,2017-2018,End of Year Internationals
Sikeli Nabou,EOY17,2017-2018,End of Year Internationals
Bastian Himmer,EOY17,2017-2018,End of Year Internationals
Joe Taufete'e,EOY17,2017-2018,End of Year Internationals
Josh Reeves,EOY17,2017-2018,End of Year Internationals
Sione Vailanu,EOY17,2017-2018,End of Year Internationals
Reece Hodge,EOY17,2017-2018,End of Year Internationals
Tim Menzel,EOY17,2017-2018,End of Year Internationals
Harumichi Tatekawa,EOY17,2017-2018,End of Year Internationals
Owen Watkin,EOY17,2017-2018,End of Year Internationals
Kieran Marmion,EOY17,2017-2018,End of Year Internationals
Scott Williams,EOY17,2017-2018,End of Year Internationals
Jonny Gray,EOY17,2017-2018,End of Year Internationals
Raphael Pyrasch,EOY17,2017-2018,End of Year Internationals
Patrick Tuipulotu,EOY17,2017-2018,End of Year Internationals
Nemani Nadolo,EOY17,2017-2018,End of Year Internationals
Andrei Ursache,EOY17,2017-2018,End of Year Internationals
Gabriel Paganini,EOY17,2017-2018,End of Year Internationals
Jordi Murphy,EOY17,2017-2018,End of Year Internationals
Carlos Soteras-Merz,EOY17,2017-2018,End of Year Internationals
Bundee Aki,EOY17,2017-2018,End of Year Internationals
Matheus Rocha,EOY17,2017-2018,End of Year Internationals
Anthony Belleau,EOY17,2017-2018,End of Year Internationals
Chris Harris,EOY17,2017-2018,End of Year Internationals
John Barclay,EOY17,2017-2018,End of Year Internationals
Campese Ma'afu,EOY17,2017-2018,End of Year Internationals
Fetuani Lautaimi,EOY17,2017-2018,End of Year Internationals
Matheus da Cruz,EOY17,2017-2018,End of Year Internationals
Robert Neagu,EOY17,2017-2018,End of Year Internationals
Nick Civetta,EOY17,2017-2018,End of Year Internationals
Carlos Arboleya,EOY17,2017-2018,End of Year Internationals
Scott Sio,EOY17,2017-2018,End of Year Internationals
Bernard Foley,EOY17,2017-2018,End of Year Internationals
Will Genia,EOY17,2017-2018,End of Year Internationals
Amin Hamzaoui,EOY17,2017-2018,End of Year Internationals
AJ MacGinty,EOY17,2017-2018,End of Year Internationals
Sean Maitland,EOY17,2017-2018,End of Year Internationals
Francisco Berchesi,EOY17,2017-2018,End of Year Internationals
Jack McGrath,EOY17,2017-2018,End of Year Internationals
Stephen Moore,EOY17,2017-2018,End of Year Internationals
Courtney Lawes,EOY17,2017-2018,End of Year Internationals
Aaron Shingler,EOY17,2017-2018,End of Year Internationals
Lucas Tranquez,EOY17,2017-2018,End of Year Internationals
Rohan Kitshoff,EOY17,2017-2018,End of Year Internationals
Johann Tromp,EOY17,2017-2018,End of Year Internationals
Thibaut Álvarez,EOY17,2017-2018,End of Year Internationals
Ignacio Dotti,EOY17,2017-2018,End of Year Internationals
Kieran Treadwell,EOY17,2017-2018,End of Year Internationals
Hisa Sasagi,EOY17,2017-2018,End of Year Internationals
Tomás Lezana,EOY17,2017-2018,End of Year Internationals
Dino Waldren,EOY17,2017-2018,End of Year Internationals
Motu Matu'u,EOY17,2017-2018,End of Year Internationals
Joey Carbery,EOY17,2017-2018,End of Year Internationals
Sam Cane,EOY17,2017-2018,End of Year Internationals
Louis Schreuder,EOY17,2017-2018,End of Year Internationals
Ken Owens,EOY17,2017-2018,End of Year Internationals
Kevin Williams,EOY17,2017-2018,End of Year Internationals
Tadhg Furlong,EOY17,2017-2018,End of Year Internationals
Cam Dolan,EOY17,2017-2018,End of Year Internationals
Tjiuee Uanivi,EOY17,2017-2018,End of Year Internationals
Api Ratuniyarawa,EOY17,2017-2018,End of Year Internationals
Paula Kinikinilau,EOY17,2017-2018,End of Year Internationals
Timoci Nagusa,EOY17,2017-2018,End of Year Internationals
Tomás Lavanini,EOY17,2017-2018,End of Year Internationals
Shalva Sutiashvili,EOY17,2017-2018,End of Year Internationals
Josh Larsen,EOY17,2017-2018,End of Year Internationals
Devin Toner,EOY17,2017-2018,End of Year Internationals
Kenki Fukuoka,EOY17,2017-2018,End of Year Internationals
Enrique Pieretto,EOY17,2017-2018,End of Year Internationals
Mathieu Ducau,EOY17,2017-2018,End of Year Internationals
Luke Romano,EOY17,2017-2018,End of Year Internationals
Jesse Kriel,EOY17,2017-2018,End of Year Internationals
Beauden Barrett,EOY17,2017-2018,End of Year Internationals
Paea Faʻanunu,EOY17,2017-2018,End of Year Internationals
Hagen Schulte,EOY17,2017-2018,End of Year Internationals
Nans Ducuing,EOY17,2017-2018,End of Year Internationals
Shaun Davies,EOY17,2017-2018,End of Year Internationals
Shinya Makabe,EOY17,2017-2018,End of Year Internationals
Chris Farrell,EOY17,2017-2018,End of Year Internationals
Matías Alemanno,EOY17,2017-2018,End of Year Internationals
Guido Petti,EOY17,2017-2018,End of Year Internationals
Lomano Lemeki,EOY17,2017-2018,End of Year Internationals
Robin Plümpe,EOY17,2017-2018,End of Year Internationals
Andrés Vilaseca,EOY17,2017-2018,End of Year Internationals
Rhys Patchell,EOY17,2017-2018,End of Year Internationals
Kazuki Himeno,EOY17,2017-2018,End of Year Internationals
Peter Horne,EOY17,2017-2018,End of Year Internationals
Brett Beukeboom,EOY17,2017-2018,End of Year Internationals
Mathieu Bastareaud,EOY17,2017-2018,End of Year Internationals
Hadleigh Parkes,EOY17,2017-2018,End of Year Internationals
Ryan Crotty,EOY17,2017-2018,End of Year Internationals
Manuel Diana,EOY17,2017-2018,End of Year Internationals
Mika Tyumenev,EOY17,2017-2018,End of Year Internationals
Kyle Baillie,EOY17,2017-2018,End of Year Internationals
Maxime Jadot,EOY17,2017-2018,End of Year Internationals
Valentin Popârlan,EOY17,2017-2018,End of Year Internationals
Simone Ferrari,EOY17,2017-2018,End of Year Internationals
Alapati Leiua,EOY17,2017-2018,End of Year Internationals
Tim Nanai-Williams,EOY17,2017-2018,End of Year Internationals
Joe Powell,EOY17,2017-2018,End of Year Internationals
Elton Jantjies,EOY17,2017-2018,End of Year Internationals
Eric Howard,EOY17,2017-2018,End of Year Internationals
Seán O'Brien,EOY17,2017-2018,End of Year Internationals
Alex Cuthbert,EOY17,2017-2018,End of Year Internationals
Adam Byrne,EOY17,2017-2018,End of Year Internationals
Chris Hilsenbeck,EOY17,2017-2018,End of Year Internationals
Semi Kunatani,EOY17,2017-2018,End of Year Internationals
Dan Cole,EOY17,2017-2018,End of Year Internationals
Ignacio Guajardo,EOY17,2017-2018,End of Year Internationals
Mikheil Nariashvili,EOY17,2017-2018,End of Year Internationals
Francois Venter,EOY17,2017-2018,End of Year Internationals
Santiago Arata,EOY17,2017-2018,End of Year Internationals
Mike Te'o,EOY17,2017-2018,End of Year Internationals
Tyler Ardron,EOY17,2017-2018,End of Year Internationals
Fetuli Paea,EOY17,2017-2018,End of Year Internationals
Maro Itoje,EOY17,2017-2018,End of Year Internationals
Atieli Pakalani,EOY17,2017-2018,End of Year Internationals
Marco Pinto Ferrer,EOY17,2017-2018,End of Year Internationals
Thomas Brouillard,EOY17,2017-2018,End of Year Internationals
Anthony Jelonch,EOY17,2017-2018,End of Year Internationals
Manuel Dagnino,EOY17,2017-2018,End of Year Internationals
Yoshitaka Tokunaga,EOY17,2017-2018,End of Year Internationals
Kieron Fonotia,EOY17,2017-2018,End of Year Internationals
Iain Henderson,EOY17,2017-2018,End of Year Internationals
Tuur Moelants,EOY17,2017-2018,End of Year Internationals
Yutaka Nagare,EOY17,2017-2018,End of Year Internationals
Teddy Thomas,EOY17,2017-2018,End of Year Internationals
Rodrigo Silva,EOY17,2017-2018,End of Year Internationals
Sergio Bascuñán,EOY17,2017-2018,End of Year Internationals
Jaba Bregvadze,EOY17,2017-2018,End of Year Internationals
Florian Piron,EOY17,2017-2018,End of Year Internationals
Andrew Coe,EOY17,2017-2018,End of Year Internationals
Louis Picamoles,EOY17,2017-2018,End of Year Internationals
Agustín Della Corte,EOY17,2017-2018,End of Year Internationals
Steven Kitshoff,EOY17,2017-2018,End of Year Internationals
Sam Whitelock,EOY17,2017-2018,End of Year Internationals
Samy Füchsel,EOY17,2017-2018,End of Year Internationals
John Quill,EOY17,2017-2018,End of Year Internationals
Steffen Liebig,EOY17,2017-2018,End of Year Internationals
Gonzalo Bertranou,EOY17,2017-2018,End of Year Internationals
Kalivati Tawake,EOY17,2017-2018,End of Year Internationals
Jack Umaga,EOY17,2017-2018,End of Year Internationals
Aled Davies,EOY17,2017-2018,End of Year Internationals
Zurab Zhvania,EOY17,2017-2018,End of Year Internationals
Shunsuke Nunomaki,EOY17,2017-2018,End of Year Internationals
Darren Sweetnam,EOY17,2017-2018,End of Year Internationals
Wyatt Crockett,EOY17,2017-2018,End of Year Internationals
Blaine Scully,EOY17,2017-2018,End of Year Internationals
Grant Gilchrist,EOY17,2017-2018,End of Year Internationals
Chrysander Botha,EOY17,2017-2018,End of Year Internationals
Stuart McCloskey,EOY17,2017-2018,End of Year Internationals
Sebastian Fromm,EOY17,2017-2018,End of Year Internationals
Mahepisa Tjeriko,EOY17,2017-2018,End of Year Internationals
Onehunga Havili,EOY17,2017-2018,End of Year Internationals
Braam Steyn,EOY17,2017-2018,End of Year Internationals
Ian McKinley,EOY17,2017-2018,End of Year Internationals
Peni Ravai,EOY17,2017-2018,End of Year Internationals
Jose Ignacio Larenas,EOY17,2017-2018,End of Year Internationals
Conor Keys,EOY17,2017-2018,End of Year Internationals
Djustice Sears-Duru,EOY17,2017-2018,End of Year Internationals
Juan Echeverría,EOY17,2017-2018,End of Year Internationals
David Lemi,EOY17,2017-2018,End of Year Internationals
AJ Alatimu,EOY17,2017-2018,End of Year Internationals
Giorgi Chkhaidze,EOY17,2017-2018,End of Year Internationals
Siya Kolisi,EOY17,2017-2018,End of Year Internationals
Tomás Dussaillant,EOY17,2017-2018,End of Year Internationals
Aaron Carpenter,EOY17,2017-2018,End of Year Internationals
Vlad Nistor,EOY17,2017-2018,End of Year Internationals
Sekou Macalou,EOY17,2017-2018,End of Year Internationals
Frank Lomani,EOY17,2017-2018,End of Year Internationals
Sam Cross,EOY17,2017-2018,End of Year Internationals
Jack Conan,EOY17,2017-2018,End of Year Internationals
Leonardo Sarto,EOY17,2017-2018,End of Year Internationals
Manasa Saulo,EOY17,2017-2018,End of Year Internationals
Fabien Sanconnie,EOY17,2017-2018,End of Year Internationals
Santiago García Botta,EOY17,2017-2018,End of Year Internationals
Ben Toolis,EOY17,2017-2018,End of Year Internationals
Fa'atiga Lemalu,EOY17,2017-2018,End of Year Internationals
Rob Evans,EOY17,2017-2018,End of Year Internationals
Louis Debatty,EOY17,2017-2018,End of Year Internationals
Yu Tamura,EOY17,2017-2018,End of Year Internationals
Rikiya Matsuda,EOY17,2017-2018,End of Year Internationals
Luke Hamilton,EOY17,2017-2018,End of Year Internationals
Mauricia Urrutia,EOY17,2017-2018,End of Year Internationals
WP Nel,EOY17,2017-2018,End of Year Internationals
Charlie Ewels,EOY17,2017-2018,End of Year Internationals
Darryl Marfo,EOY17,2017-2018,End of Year Internationals
Cole Keith,EOY17,2017-2018,End of Year Internationals
Merab Kvirikashvili,EOY17,2017-2018,End of Year Internationals
Ruaridh Jackson,EOY17,2017-2018,End of Year Internationals
Steve Mafi,EOY17,2017-2018,End of Year Internationals
Pierre Barthère,EOY17,2017-2018,End of Year Internationals
George Kruis,EOY17,2017-2018,End of Year Internationals
Gino Wilson,EOY17,2017-2018,End of Year Internationals
Gianni Vercammen,EOY17,2017-2018,End of Year Internationals
Leo Halavatau,EOY17,2017-2018,End of Year Internationals
Paddy Ryan,EOY17,2017-2018,End of Year Internationals
Federico Favaro,EOY17,2017-2018,End of Year Internationals
Max Katjijeko,EOY17,2017-2018,End of Year Internationals
Karlen Asieshvili,EOY17,2017-2018,End of Year Internationals
Sean Armstrong,EOY17,2017-2018,End of Year Internationals
Julián Montoya,EOY17,2017-2018,End of Year Internationals
Lood de Jager,EOY17,2017-2018,End of Year Internationals
Thibault Visensang,EOY17,2017-2018,End of Year Internationals
Henry Chavancy,EOY17,2017-2018,End of Year Internationals
Sébastien Rouet,EOY17,2017-2018,End of Year Internationals
Shota Horie,EOY17,2017-2018,End of Year Internationals
Juan Manuel Gaminara,EOY17,2017-2018,End of Year Internationals
Leonardo Ceccarelli,EOY17,2017-2018,End of Year Internationals
Ramiro Moyano,EOY17,2017-2018,End of Year Internationals
Eugene Jantjies,EOY17,2017-2018,End of Year Internationals
Stuart Hogg,EOY17,2017-2018,End of Year Internationals
Ionuț Mureșan,EOY17,2017-2018,End of Year Internationals
Mathieu Visensang,EOY17,2017-2018,End of Year Internationals
Tatafu Polota-Nau,EOY17,2017-2018,End of Year Internationals
Stelian Burcea,EOY17,2017-2018,End of Year Internationals
Dan du Preez,EOY17,2017-2018,End of Year Internationals
Piers Francis,EOY17,2017-2018,End of Year Internationals
Nafi Tuitavake,EOY17,2017-2018,End of Year Internationals
Nikola Matawalu,EOY17,2017-2018,End of Year Internationals
Clément Maynadier,EOY17,2017-2018,End of Year Internationals
Owen Williams,EOY17,2017-2018,End of Year Internationals
Brandon Nansen,EOY17,2017-2018,End of Year Internationals
Lucas Noguera Paz,EOY17,2017-2018,End of Year Internationals
Waisake Naholo,EOY17,2017-2018,End of Year Internationals
Adam Preocanin,EOY17,2017-2018,End of Year Internationals
Jake Ilnicki,EOY17,2017-2018,End of Year Internationals
Tomás Ianiszewski,EOY17,2017-2018,End of Year Internationals
Matt Tierney,EOY17,2017-2018,End of Year Internationals
Owen Farrell,EOY17,2017-2018,End of Year Internationals
Uzair Cassiem,EOY17,2017-2018,End of Year Internationals
Casper Viviers,EOY17,2017-2018,End of Year Internationals
Taulupe Faletau,EOY17,2017-2018,End of Year Internationals
Ultan Dillane,EOY17,2017-2018,End of Year Internationals
Mario Mayol,EOY17,2017-2018,End of Year Internationals
Dave Kilcoyne,EOY17,2017-2018,End of Year Internationals
Conor Murray,EOY17,2017-2018,End of Year Internationals
Darryl de la Harpe,EOY17,2017-2018,End of Year Internationals
Timothy Lafaele,EOY17,2017-2018,End of Year Internationals
Damian Penaud,EOY17,2017-2018,End of Year Internationals
Leva Fifita,EOY17,2017-2018,End of Year Internationals
Stuart McInally,EOY17,2017-2018,End of Year Internationals
Marius Simionescu,EOY17,2017-2018,End of Year Internationals
Siale Piutau,EOY17,2017-2018,End of Year Internationals
Handré Pollard,EOY17,2017-2018,End of Year Internationals
Adam Beard,EOY17,2017-2018,End of Year Internationals
Francisco de la Fuente,EOY17,2017-2018,End of Year Internationals
Jake Ball,EOY17,2017-2018,End of Year Internationals
Andrei Gorcioaia,EOY17,2017-2018,End of Year Internationals
Marcos Kremer,EOY17,2017-2018,End of Year Internationals
Guilhem Guirado,EOY17,2017-2018,End of Year Internationals
Fred Quercy,EOY17,2017-2018,End of Year Internationals
Carlo Canna,EOY17,2017-2018,End of Year Internationals
James Ryan,EOY17,2017-2018,End of Year Internationals
Rob Herring,EOY17,2017-2018,End of Year Internationals
Matt Todd,EOY17,2017-2018,End of Year Internationals
Alex Lozowski,EOY17,2017-2018,End of Year Internationals
Manu Leiataua,EOY17,2017-2018,End of Year Internationals
Santiago Videla,EOY17,2017-2018,End of Year Internationals
Tom Robertson,EOY17,2017-2018,End of Year Internationals
Rodolfo Garese,EOY17,2017-2018,End of Year Internationals
Phil Szczesny,EOY17,2017-2018,End of Year Internationals
Florin Vlaicu,EOY17,2017-2018,End of Year Internationals
Jonathan Joseph,EOY17,2017-2018,End of Year Internationals
D. T. H. van der Merwe,EOY17,2017-2018,End of Year Internationals
Jordan Lay,EOY17,2017-2018,End of Year Internationals
Amanaki Mafi,EOY17,2017-2018,End of Year Internationals
Rieko Ioane,EOY17,2017-2018,End of Year Internationals
Viktor Kolelishvili,EOY17,2017-2018,End of Year Internationals
Marcel Henn,EOY17,2017-2018,End of Year Internationals
Antoine Dupont,EOY17,2017-2018,End of Year Internationals
Benedikt Sabinarz,EOY17,2017-2018,End of Year Internationals
Joeli Veitayaki Jr.,EOY17,2017-2018,End of Year Internationals
Kyle Gilmour,EOY17,2017-2018,End of Year Internationals
Codie Taylor,EOY17,2017-2018,End of Year Internationals
Adrian Motoc,EOY17,2017-2018,End of Year Internationals
Will Broderick,EOY17,2017-2018,End of Year Internationals
Mihai Macovei,EOY17,2017-2018,End of Year Internationals
Olive Kilifi,EOY17,2017-2018,End of Year Internationals
James Pearse,EOY17,2017-2018,End of Year Internationals
TJ Perenara,EOY17,2017-2018,End of Year Internationals
Curtis Rona,EOY17,2017-2018,End of Year Internationals
Leigh Halfpenny,EOY17,2017-2018,End of Year Internationals
Gino Gennaro,EOY17,2017-2018,End of Year Internationals
Justin Newman,EOY17,2017-2018,End of Year Internationals
Lopeti Timani,EOY17,2017-2018,End of Year Internationals
Jörn Schröder,EOY17,2017-2018,End of Year Internationals
Julius Nostadt,EOY17,2017-2018,End of Year Internationals
Dominiko Waqaniburotu,EOY17,2017-2018,End of Year Internationals
Adam Coleman,EOY17,2017-2018,End of Year Internationals
Bongi Mbonambi,EOY17,2017-2018,End of Year Internationals
Jesús Moreno,EOY17,2017-2018,End of Year Internationals
Tomas Francis,EOY17,2017-2018,End of Year Internationals
TC Kisting,EOY17,2017-2018,End of Year Internationals
Asaeli Ai Valu,EOY17,2017-2018,End of Year Internationals
Thomasau Forbes,EOY17,2017-2018,End of Year Internationals
Asaeli Tikoirotuma,EOY17,2017-2018,End of Year Internationals
Chiliboy Ralepelle,EOY17,2017-2018,End of Year Internationals
Henry Slade,EOY17,2017-2018,End of Year Internationals
Tommaso Boni,EOY17,2017-2018,End of Year Internationals
Tommaso Castello,EOY17,2017-2018,End of Year Internationals
Akapusi Qera,EOY17,2017-2018,End of Year Internationals
Cory Hill,EOY17,2017-2018,End of Year Internationals
Nick Cording,EOY17,2017-2018,End of Year Internationals
Nikolai Klewinghaus,EOY17,2017-2018,End of Year Internationals
Kalokalo Gavidi,EOY17,2017-2018,End of Year Internationals
Jose Tomas Munita,EOY17,2017-2018,End of Year Internationals
Isaac Montoisy,EOY17,2017-2018,End of Year Internationals
George Taina,EOY17,2017-2018,End of Year Internationals
Johnny Sexton,EOY17,2017-2018,End of Year Internationals
Stefano Giantorno,EOY17,2017-2018,End of Year Internationals
Alex Dunbar,EOY17,2017-2018,End of Year Internationals
JP Eloff,EOY17,2017-2018,End of Year Internationals
Soso Matiashvili,EOY17,2017-2018,End of Year Internationals
Piula Faʻasalele,EOY17,2017-2018,End of Year Internationals
Talemaitoga Tuapati,EOY17,2017-2018,End of Year Internationals
Kristian Dacey,EOY17,2017-2018,End of Year Internationals
Liam Squire,EOY17,2017-2018,End of Year Internationals
Daniel Sancery,EOY17,2017-2018,End of Year Internationals
Ofa Tu'ungafasi,EOY17,2017-2018,End of Year Internationals
Chris Robshaw,EOY17,2017-2018,End of Year Internationals
Marc Tchangue,EOY17,2017-2018,End of Year Internationals
Sean McMahon,EOY17,2017-2018,End of Year Internationals
Johan Retief,EOY17,2017-2018,End of Year Internationals
Sione Lea,EOY17,2017-2018,End of Year Internationals
John Ryan,EOY17,2017-2018,End of Year Internationals
Lasha Malaghuradze,EOY17,2017-2018,End of Year Internationals
AJ de Klerk,EOY17,2017-2018,End of Year Internationals
Tevita Kuridrani,EOY17,2017-2018,End of Year Internationals
Daniel Kotze,EOY17,2017-2018,End of Year Internationals
Obert Nortjé,EOY17,2017-2018,End of Year Internationals
Germán Kessler,EOY17,2017-2018,End of Year Internationals
Danny Care,EOY17,2017-2018,End of Year Internationals
Liam Williams,EOY17,2017-2018,End of Year Internationals
Mattia Bellini,EOY17,2017-2018,End of Year Internationals
Allan Alaalatoa,EOY17,2017-2018,End of Year Internationals
Samu Manoa,EOY17,2017-2018,End of Year Internationals
Finn Russell,EOY17,2017-2018,End of Year Internationals
Marco Diaz,EOY17,2017-2018,End of Year Internationals
Vincent Hart,EOY17,2017-2018,End of Year Internationals
Sebastian Ferreira,EOY17,2017-2018,End of Year Internationals
Jarrid Els,EOY17,2017-2018,End of Year Internationals
Leon Brown,EOY17,2017-2018,End of Year Internationals
Jefferson Poirot,EOY17,2017-2018,End of Year Internationals
Joe Launchbury,6N18,2017-2018,6 Nations
Romain Taofifénua,6N18,2017-2018,6 Nations
Dan Leavy,6N18,2017-2018,6 Nations
Grant Gilchrist,6N18,2017-2018,6 Nations
Geoffrey Palis,6N18,2017-2018,6 Nations
Andrew Porter,6N18,2017-2018,6 Nations
Braam Steyn,6N18,2017-2018,6 Nations
Zander Fagerson,6N18,2017-2018,6 Nations
Rory Best,6N18,2017-2018,6 Nations
Tim Swinson,6N18,2017-2018,6 Nations
Giovanni Licata,6N18,2017-2018,6 Nations
Richard Wigglesworth,6N18,2017-2018,6 Nations
Rémi Lamerat,6N18,2017-2018,6 Nations
Tommy Seymour,6N18,2017-2018,6 Nations
Wenceslas Lauret,6N18,2017-2018,6 Nations
Kyle Sinckler,6N18,2017-2018,6 Nations
Seán Cronin,6N18,2017-2018,6 Nations
Jack Conan,6N18,2017-2018,6 Nations
Andrea Lovotti,6N18,2017-2018,6 Nations
Ben Toolis,6N18,2017-2018,6 Nations
Ben Te'o,6N18,2017-2018,6 Nations
Quinn Roux,6N18,2017-2018,6 Nations
Jamie George,6N18,2017-2018,6 Nations
Rob Evans,6N18,2017-2018,6 Nations
Maxime Machenaud,6N18,2017-2018,6 Nations
Baptiste Serin,6N18,2017-2018,6 Nations
Rabah Slimani,6N18,2017-2018,6 Nations
Nicola Quaglio,6N18,2017-2018,6 Nations
WP Nel,6N18,2017-2018,6 Nations
Joe Marler,6N18,2017-2018,6 Nations
Rémy Grosso,6N18,2017-2018,6 Nations
Tommaso Benvenuti,6N18,2017-2018,6 Nations
Jake Polledri,6N18,2017-2018,6 Nations
Sam Simmonds,6N18,2017-2018,6 Nations
George Biagi,6N18,2017-2018,6 Nations
Nathan Hughes,6N18,2017-2018,6 Nations
Anthony Watson,6N18,2017-2018,6 Nations
Lionel Beauxis,6N18,2017-2018,6 Nations
George Kruis,6N18,2017-2018,6 Nations
Alessandro Zanni,6N18,2017-2018,6 Nations
Owen Watkin,6N18,2017-2018,6 Nations
Kieran Marmion,6N18,2017-2018,6 Nations
Scott Williams,6N18,2017-2018,6 Nations
Jonny Gray,6N18,2017-2018,6 Nations
Hamish Watson,6N18,2017-2018,6 Nations
Simon Berghan,6N18,2017-2018,6 Nations
Bradley Davies,6N18,2017-2018,6 Nations
Kevin Gourdon,6N18,2017-2018,6 Nations
Jordi Murphy,6N18,2017-2018,6 Nations
Baptiste Couilloud,6N18,2017-2018,6 Nations
Bundee Aki,6N18,2017-2018,6 Nations
Guglielmo Palazzani,6N18,2017-2018,6 Nations
Henry Chavancy,6N18,2017-2018,6 Nations
Marco Tauleigne,6N18,2017-2018,6 Nations
Anthony Belleau,6N18,2017-2018,6 Nations
Chris Harris,6N18,2017-2018,6 Nations
John Barclay,6N18,2017-2018,6 Nations
Jonny May,6N18,2017-2018,6 Nations
Murray McCallum,6N18,2017-2018,6 Nations
George North,6N18,2017-2018,6 Nations
Ali Price,6N18,2017-2018,6 Nations
Stuart Hogg,6N18,2017-2018,6 Nations
Sébastien Vahaamahina,6N18,2017-2018,6 Nations
Sam Underhill,6N18,2017-2018,6 Nations
Matthieu Jalibert,6N18,2017-2018,6 Nations
Sean Maitland,6N18,2017-2018,6 Nations
Samson Lee,6N18,2017-2018,6 Nations
Jack McGrath,6N18,2017-2018,6 Nations
Elliot Daly,6N18,2017-2018,6 Nations
Rhodri Jones,6N18,2017-2018,6 Nations
Josh Navidi,6N18,2017-2018,6 Nations
Cian Healy,6N18,2017-2018,6 Nations
Courtney Lawes,6N18,2017-2018,6 Nations
Aaron Shingler,6N18,2017-2018,6 Nations
Ellis Jenkins,6N18,2017-2018,6 Nations
Owen Farrell,6N18,2017-2018,6 Nations
Taulupe Faletau,6N18,2017-2018,6 Nations
Gareth Anscombe,6N18,2017-2018,6 Nations
Blair Kinghorn,6N18,2017-2018,6 Nations
Edoardo Gori,6N18,2017-2018,6 Nations
Huw Jones,6N18,2017-2018,6 Nations
Fraser Brown,6N18,2017-2018,6 Nations
Byron McGuigan,6N18,2017-2018,6 Nations
Mako Vunipola,6N18,2017-2018,6 Nations
Fergus McFadden,6N18,2017-2018,6 Nations
Alec Hepburn,6N18,2017-2018,6 Nations
Joey Carbery,6N18,2017-2018,6 Nations
Luca Bigi,6N18,2017-2018,6 Nations
Conor Murray,6N18,2017-2018,6 Nations
Jack Nowell,6N18,2017-2018,6 Nations
Ken Owens,6N18,2017-2018,6 Nations
Tadhg Furlong,6N18,2017-2018,6 Nations
Stuart McInally,6N18,2017-2018,6 Nations
Nick Grigg,6N18,2017-2018,6 Nations
Luke McGrath,6N18,2017-2018,6 Nations
Jordan Larmour,6N18,2017-2018,6 Nations
Greig Laidlaw,6N18,2017-2018,6 Nations
Oliviero Fabiani,6N18,2017-2018,6 Nations
Guilhem Guirado,6N18,2017-2018,6 Nations
James Ryan,6N18,2017-2018,6 Nations
Carlo Canna,6N18,2017-2018,6 Nations
Devin Toner,6N18,2017-2018,6 Nations
Nicky Smith,6N18,2017-2018,6 Nations
Keith Earls,6N18,2017-2018,6 Nations
Steff Evans,6N18,2017-2018,6 Nations
Alun Wyn Jones,6N18,2017-2018,6 Nations
Sebastian Negri,6N18,2017-2018,6 Nations
Elliot Dee,6N18,2017-2018,6 Nations
Jonathan Joseph,6N18,2017-2018,6 Nations
Ben Youngs,6N18,2017-2018,6 Nations
Chris Farrell,6N18,2017-2018,6 Nations
James Davies,6N18,2017-2018,6 Nations
Richie Gray,6N18,2017-2018,6 Nations
Antoine Dupont,6N18,2017-2018,6 Nations
Rhys Patchell,6N18,2017-2018,6 Nations
Peter Horne,6N18,2017-2018,6 Nations
Giulio Bisegni,6N18,2017-2018,6 Nations
Mathieu Bastareaud,6N18,2017-2018,6 Nations
Seb Davies,6N18,2017-2018,6 Nations
Peter O'Mahony,6N18,2017-2018,6 Nations
Garry Ringrose,6N18,2017-2018,6 Nations
Hadleigh Parkes,6N18,2017-2018,6 Nations
Yacouba Camara,6N18,2017-2018,6 Nations
Marcello Violi,6N18,2017-2018,6 Nations
Virimi Vakatawa,6N18,2017-2018,6 Nations
Leigh Halfpenny,6N18,2017-2018,6 Nations
Federico Ruzza,6N18,2017-2018,6 Nations
David Denton,6N18,2017-2018,6 Nations
Sergio Parisse,6N18,2017-2018,6 Nations
Simone Ferrari,6N18,2017-2018,6 Nations
Dan Biggar,6N18,2017-2018,6 Nations
Gareth Davies,6N18,2017-2018,6 Nations
Josh Adams,6N18,2017-2018,6 Nations
Wyn Jones,6N18,2017-2018,6 Nations
Tomas Francis,6N18,2017-2018,6 Nations
Luke Cowan-Dickie,6N18,2017-2018,6 Nations
Mike Brown,6N18,2017-2018,6 Nations
Camille Chat,6N18,2017-2018,6 Nations
Paul Gabrillagues,6N18,2017-2018,6 Nations
Tommaso Boni,6N18,2017-2018,6 Nations
Matteo Minozzi,6N18,2017-2018,6 Nations
Cory Hill,6N18,2017-2018,6 Nations
Tommaso Castello,6N18,2017-2018,6 Nations
Dan Cole,6N18,2017-2018,6 Nations
Mathieu Babillot,6N18,2017-2018,6 Nations
Adrien Pélissié,6N18,2017-2018,6 Nations
Harry Williams,6N18,2017-2018,6 Nations
Johnny Sexton,6N18,2017-2018,6 Nations
Maro Itoje,6N18,2017-2018,6 Nations
George Ford,6N18,2017-2018,6 Nations
Jayden Hayward,6N18,2017-2018,6 Nations
Leonardo Ghiraldini,6N18,2017-2018,6 Nations
Scott Lawson,6N18,2017-2018,6 Nations
Kélian Galletier,6N18,2017-2018,6 Nations
Cornell du Preez,6N18,2017-2018,6 Nations
Iain Henderson,6N18,2017-2018,6 Nations
Arthur Iturria,6N18,2017-2018,6 Nations
Chris Robshaw,6N18,2017-2018,6 Nations
Bernard Le Roux,6N18,2017-2018,6 Nations
Jon Welsh,6N18,2017-2018,6 Nations
Robbie Henshaw,6N18,2017-2018,6 Nations
Josh van der Flier,6N18,2017-2018,6 Nations
Hugo Bonneval,6N18,2017-2018,6 Nations
John Ryan,6N18,2017-2018,6 Nations
François Trinh-Duc,6N18,2017-2018,6 Nations
Dylan Hartley,6N18,2017-2018,6 Nations
Teddy Thomas,6N18,2017-2018,6 Nations
Eddy Ben Arous,6N18,2017-2018,6 Nations
Geoffrey Doumayrou,6N18,2017-2018,6 Nations
Gordon Reid,6N18,2017-2018,6 Nations
Renato Giammarioli,6N18,2017-2018,6 Nations
Don Armand,6N18,2017-2018,6 Nations
Maxime Mbanda,6N18,2017-2018,6 Nations
Dean Budd,6N18,2017-2018,6 Nations
CJ Stander,6N18,2017-2018,6 Nations
Danny Care,6N18,2017-2018,6 Nations
Ryan Wilson,6N18,2017-2018,6 Nations
Justin Tipuric,6N18,2017-2018,6 Nations
Cedate Gomes Sa,6N18,2017-2018,6 Nations
Jamie Bhatti,6N18,2017-2018,6 Nations
Gaël Fickou,6N18,2017-2018,6 Nations
Mattia Bellini,6N18,2017-2018,6 Nations
Liam Williams,6N18,2017-2018,6 Nations
Louis Picamoles,6N18,2017-2018,6 Nations
James Haskell,6N18,2017-2018,6 Nations
Tiziano Pasquali,6N18,2017-2018,6 Nations
Finn Russell,6N18,2017-2018,6 Nations
Lee Jones,6N18,2017-2018,6 Nations
Ross Moriarty,6N18,2017-2018,6 Nations
Tommaso Allan,6N18,2017-2018,6 Nations
Aled Davies,6N18,2017-2018,6 Nations
Rob Kearney,6N18,2017-2018,6 Nations
Jacob Stockdale,6N18,2017-2018,6 Nations
Dany Priso,6N18,2017-2018,6 Nations
Benjamin Fall,6N18,2017-2018,6 Nations
Jefferson Poirot,6N18,2017-2018,6 Nations
Martín Landajo,RC18,2018-2019,Rugby Championship
Israel Folau,RC18,2018-2019,Rugby Championship
Sonny Bill Williams,RC18,2018-2019,Rugby Championship
Liam Coltman,RC18,2018-2019,Rugby Championship
Facundo Bosch,RC18,2018-2019,Rugby Championship
Matías Orlando,RC18,2018-2019,Rugby Championship
Pieter-Steph du Toit,RC18,2018-2019,Rugby Championship
Siya Kolisi,RC18,2018-2019,Rugby Championship
Damian de Allende,RC18,2018-2019,Rugby Championship
Nahuel Tetaz Chaparro,RC18,2018-2019,Rugby Championship
Luke Whitelock,RC18,2018-2019,Rugby Championship
Marika Koroibete,RC18,2018-2019,Rugby Championship
Santiago García Botta,RC18,2018-2019,Rugby Championship
Nehe Milner-Skudder,RC18,2018-2019,Rugby Championship
Nick Phipps,RC18,2018-2019,Rugby Championship
Bautista Ezcurra,RC18,2018-2019,Rugby Championship
Jerónimo de la Fuente,RC18,2018-2019,Rugby Championship
Scott Barrett,RC18,2018-2019,Rugby Championship
Cheslin Kolbe,RC18,2018-2019,Rugby Championship
Angus Ta'avao,RC18,2018-2019,Rugby Championship
Jordie Barrett,RC18,2018-2019,Rugby Championship
Tolu Latu,RC18,2018-2019,Rugby Championship
Embrose Papier,RC18,2018-2019,Rugby Championship
Reece Hodge,RC18,2018-2019,Rugby Championship
Marvin Orie,RC18,2018-2019,Rugby Championship
Patrick Tuipulotu,RC18,2018-2019,Rugby Championship
Sekope Kepu,RC18,2018-2019,Rugby Championship
Julián Montoya,RC18,2018-2019,Rugby Championship
Nathan Harris,RC18,2018-2019,Rugby Championship
Joe Moody,RC18,2018-2019,Rugby Championship
Ramiro Moyano,RC18,2018-2019,Rugby Championship
Bautista Delguy,RC18,2018-2019,Rugby Championship
Warren Whiteley,RC18,2018-2019,Rugby Championship
Tatafu Polota-Nau,RC18,2018-2019,Rugby Championship
Malcolm Marx,RC18,2018-2019,Rugby Championship
Rob Simmons,RC18,2018-2019,Rugby Championship
Lukhan Tui,RC18,2018-2019,Rugby Championship
Bernard Foley,RC18,2018-2019,Rugby Championship
Will Genia,RC18,2018-2019,Rugby Championship
Scott Sio,RC18,2018-2019,Rugby Championship
Javier Ortega Desio,RC18,2018-2019,Rugby Championship
Shannon Frizell,RC18,2018-2019,Rugby Championship
Ross Cronjé,RC18,2018-2019,Rugby Championship
Izack Rodda,RC18,2018-2019,Rugby Championship
Damian McKenzie,RC18,2018-2019,Rugby Championship
Ngani Laumape,RC18,2018-2019,Rugby Championship
Waisake Naholo,RC18,2018-2019,Rugby Championship
Michael Hooper,RC18,2018-2019,Rugby Championship
Matías Moroni,RC18,2018-2019,Rugby Championship
Pablo Matera,RC18,2018-2019,Rugby Championship
André Esterhuizen,RC18,2018-2019,Rugby Championship
Jackson Hemopo,RC18,2018-2019,Rugby Championship
Juan Manuel Leguizamón,RC18,2018-2019,Rugby Championship
Frans Malherbe,RC18,2018-2019,Rugby Championship
Tomás Lezana,RC18,2018-2019,Rugby Championship
Tom Banks,RC18,2018-2019,Rugby Championship
Gaston Cortes,RC18,2018-2019,Rugby Championship
Anton Lienert-Brown,RC18,2018-2019,Rugby Championship
Pete Samu,RC18,2018-2019,Rugby Championship
Jack Goodhue,RC18,2018-2019,Rugby Championship
Folau Fainga'a,RC18,2018-2019,Rugby Championship
Sam Cane,RC18,2018-2019,Rugby Championship
Juan Figallo,RC18,2018-2019,Rugby Championship
Aphiwe Dyantyi,RC18,2018-2019,Rugby Championship
Handré Pollard,RC18,2018-2019,Rugby Championship
Santiago González Iglesias,RC18,2018-2019,Rugby Championship
Kurtley Beale,RC18,2018-2019,Rugby Championship
Makazole Mapimpi,RC18,2018-2019,Rugby Championship
Marcos Kremer,RC18,2018-2019,Rugby Championship
Tomás Lavanini,RC18,2018-2019,Rugby Championship
Caleb Timu,RC18,2018-2019,Rugby Championship
Brodie Retallick,RC18,2018-2019,Rugby Championship
Agustín Creevy,RC18,2018-2019,Rugby Championship
Matt To'omua,RC18,2018-2019,Rugby Championship
Tom Robertson,RC18,2018-2019,Rugby Championship
Jesse Kriel,RC18,2018-2019,Rugby Championship
Beauden Barrett,RC18,2018-2019,Rugby Championship
Ardie Savea,RC18,2018-2019,Rugby Championship
Rieko Ioane,RC18,2018-2019,Rugby Championship
Matías Alemanno,RC18,2018-2019,Rugby Championship
Guido Petti,RC18,2018-2019,Rugby Championship
Codie Taylor,RC18,2018-2019,Rugby Championship
Karl Tu’inukuafe,RC18,2018-2019,Rugby Championship
Tomás Cubelli,RC18,2018-2019,Rugby Championship
David Pocock,RC18,2018-2019,Rugby Championship
Sebastián Cancelliere,RC18,2018-2019,Rugby Championship
Ryan Crotty,RC18,2018-2019,Rugby Championship
TJ Perenara,RC18,2018-2019,Rugby Championship
Adam Coleman,RC18,2018-2019,Rugby Championship
Bongi Mbonambi,RC18,2018-2019,Rugby Championship
Marco van Staden,RC18,2018-2019,Rugby Championship
Joe Powell,RC18,2018-2019,Rugby Championship
Elton Jantjies,RC18,2018-2019,Rugby Championship
Nicolás Sánchez,RC18,2018-2019,Rugby Championship
Ned Hanigan,RC18,2018-2019,Rugby Championship
Owen Franks,RC18,2018-2019,Rugby Championship
Richie Mo'unga,RC18,2018-2019,Rugby Championship
Emiliano Boffelli,RC18,2018-2019,Rugby Championship
Jack Maddocks,RC18,2018-2019,Rugby Championship
RG Snyman,RC18,2018-2019,Rugby Championship
Sikhumbuzo Notshe,RC18,2018-2019,Rugby Championship
Willie le Roux,RC18,2018-2019,Rugby Championship
Lionel Mapoe,RC18,2018-2019,Rugby Championship
Thomas du Toit,RC18,2018-2019,Rugby Championship
Kieran Read,RC18,2018-2019,Rugby Championship
Lukhanyo Am,RC18,2018-2019,Rugby Championship
Vincent Koch,RC18,2018-2019,Rugby Championship
Liam Squire,RC18,2018-2019,Rugby Championship
Faf de Klerk,RC18,2018-2019,Rugby Championship
Ofa Tu'ungafasi,RC18,2018-2019,Rugby Championship
Te Toiroa Tahuriorangi,RC18,2018-2019,Rugby Championship
Juan Cruz Mallia,RC18,2018-2019,Rugby Championship
Santiago Medrano,RC18,2018-2019,Rugby Championship
Wilco Louw,RC18,2018-2019,Rugby Championship
Ben Smith,RC18,2018-2019,Rugby Championship
Allan Alaalatoa,RC18,2018-2019,Rugby Championship
Taniela Tupou,RC18,2018-2019,Rugby Championship
Steven Kitshoff,RC18,2018-2019,Rugby Championship
Sam Whitelock,RC18,2018-2019,Rugby Championship
Eben Etzebeth,RC18,2018-2019,Rugby Championship
Tendai Mtawarira,RC18,2018-2019,Rugby Championship
Franco Mostert,RC18,2018-2019,Rugby Championship
Juan Pablo Zeiss,RC18,2018-2019,Rugby Championship
Rory Arnold,RC18,2018-2019,Rugby Championship
Gonzalo Bertranou,RC18,2018-2019,Rugby Championship
Brandon Paenga-Amosa,RC18,2018-2019,Rugby Championship
Jermaine Ainsley,RC18,2018-2019,Rugby Championship
Dane Haylett-Petty,RC18,2018-2019,Rugby Championship
Tim Perry,RC18,2018-2019,Rugby Championship
Aaron Smith,RC18,2018-2019,Rugby Championship
Francois Louw,RC18,2018-2019,Rugby Championship
Damian Willemse,RC18,2018-2019,Rugby Championship
Diego Fortuny,RC18,2018-2019,Rugby Championship
Ramiro Herrera,RC18,2018-2019,Rugby Championship
Yoann Huget,EOY18,2018-2019,End of Year Internationals
Josua Tuisova,EOY18,2018-2019,End of Year Internationals
Dan Leavy,EOY18,2018-2019,End of Year Internationals
Endy Willian,EOY18,2018-2019,End of Year Internationals
Sonny Bill Williams,EOY18,2018-2019,End of Year Internationals
Jale Vatubua,EOY18,2018-2019,End of Year Internationals
Paul Lasike,EOY18,2018-2019,End of Year Internationals
Andrew Porter,EOY18,2018-2019,End of Year Internationals
Sosefo Sakalia,EOY18,2018-2019,End of Year Internationals
Mateo Sanguinetti,EOY18,2018-2019,End of Year Internationals
Sefa Naivalu,EOY18,2018-2019,End of Year Internationals
Akira Ioane,EOY18,2018-2019,End of Year Internationals
Fotu Lokotui,EOY18,2018-2019,End of Year Internationals
Bryce Campbell,EOY18,2018-2019,End of Year Internationals
Semi Radradra,EOY18,2018-2019,End of Year Internationals
Vereniki Goneva,EOY18,2018-2019,End of Year Internationals
Luke Whitelock,EOY18,2018-2019,End of Year Internationals
Quinn Roux,EOY18,2018-2019,End of Year Internationals
Ben Te'o,EOY18,2018-2019,End of Year Internationals
Marco Lazzaroni,EOY18,2018-2019,End of Year Internationals
Darcy Graham,EOY18,2018-2019,End of Year Internationals
Merab Sharikadze,EOY18,2018-2019,End of Year Internationals
Wilton Rebolo,EOY18,2018-2019,End of Year Internationals
Nick Phipps,EOY18,2018-2019,End of Year Internationals
Beka Bitsadze,EOY18,2018-2019,End of Year Internationals
Rob Thompson,EOY18,2018-2019,End of Year Internationals
Tommaso Benvenuti,EOY18,2018-2019,End of Year Internationals
George Biagi,EOY18,2018-2019,End of Year Internationals
Jerónimo de la Fuente,EOY18,2018-2019,End of Year Internationals
Adam Ashley-Cooper,EOY18,2018-2019,End of Year Internationals
Nathan Hughes,EOY18,2018-2019,End of Year Internationals
Diego Magno,EOY18,2018-2019,End of Year Internationals
Hendrik Tui,EOY18,2018-2019,End of Year Internationals
Alessandro Zanni,EOY18,2018-2019,End of Year Internationals
Gastón Mieres,EOY18,2018-2019,End of Year Internationals
Michael Moraes,EOY18,2018-2019,End of Year Internationals
Titi Lamositele,EOY18,2018-2019,End of Year Internationals
Sam Matavesi,EOY18,2018-2019,End of Year Internationals
Simon Berghan,EOY18,2018-2019,End of Year Internationals
Shalva Mamukashvili,EOY18,2018-2019,End of Year Internationals
Sekope Kepu,EOY18,2018-2019,End of Year Internationals
Gela Aprasidze,EOY18,2018-2019,End of Year Internationals
Sonatane Takulua,EOY18,2018-2019,End of Year Internationals
Mesulame Dolokoto,EOY18,2018-2019,End of Year Internationals
Alofa Alofa,EOY18,2018-2019,End of Year Internationals
Eroni Sau,EOY18,2018-2019,End of Year Internationals
George Bridge,EOY18,2018-2019,End of Year Internationals
Gannon Moore,EOY18,2018-2019,End of Year Internationals
Pele Cowley,EOY18,2018-2019,End of Year Internationals
Henry Seniloli,EOY18,2018-2019,End of Year Internationals
Michael Leitch,EOY18,2018-2019,End of Year Internationals
Elliot Daly,EOY18,2018-2019,End of Year Internationals
Damian McKenzie,EOY18,2018-2019,End of Year Internationals
Michael Hooper,EOY18,2018-2019,End of Year Internationals
Ellis Jenkins,EOY18,2018-2019,End of Year Internationals
George Horne,EOY18,2018-2019,End of Year Internationals
Jefferson Poirot,EOY18,2018-2019,End of Year Internationals
Tomos Williams,EOY18,2018-2019,End of Year Internationals
Beka Gigashvili,EOY18,2018-2019,End of Year Internationals
André Esterhuizen,EOY18,2018-2019,End of Year Internationals
Blair Kinghorn,EOY18,2018-2019,End of Year Internationals
Frans Malherbe,EOY18,2018-2019,End of Year Internationals
Giorgi Tsutskiridze,EOY18,2018-2019,End of Year Internationals
André Arruda,EOY18,2018-2019,End of Year Internationals
Tom Banks,EOY18,2018-2019,End of Year Internationals
Huw Jones,EOY18,2018-2019,End of Year Internationals
Luca Morisi,EOY18,2018-2019,End of Year Internationals
Giorgi Koshadze,EOY18,2018-2019,End of Year Internationals
Alaska Taufa,EOY18,2018-2019,End of Year Internationals
Byron McGuigan,EOY18,2018-2019,End of Year Internationals
Anton Lienert-Brown,EOY18,2018-2019,End of Year Internationals
Pete Samu,EOY18,2018-2019,End of Year Internationals
Alec Hepburn,EOY18,2018-2019,End of Year Internationals
Luca Bigi,EOY18,2018-2019,End of Year Internationals
Leone Nakarawa,EOY18,2018-2019,End of Year Internationals
Will Tupou,EOY18,2018-2019,End of Year Internationals
Luke McGrath,EOY18,2018-2019,End of Year Internationals
Davit Kubriashvili,EOY18,2018-2019,End of Year Internationals
Nepo Laulala,EOY18,2018-2019,End of Year Internationals
Tevita Cavubati,EOY18,2018-2019,End of Year Internationals
Josh Tyrell,EOY18,2018-2019,End of Year Internationals
Akihito Yamada,EOY18,2018-2019,End of Year Internationals
Oliviero Fabiani,EOY18,2018-2019,End of Year Internationals
Dan Lydiate,EOY18,2018-2019,End of Year Internationals
Nicky Smith,EOY18,2018-2019,End of Year Internationals
Lasha Khmaladze,EOY18,2018-2019,End of Year Internationals
Steff Evans,EOY18,2018-2019,End of Year Internationals
Chris Ashton,EOY18,2018-2019,End of Year Internationals
Alun Wyn Jones,EOY18,2018-2019,End of Year Internationals
Sammy Arnold,EOY18,2018-2019,End of Year Internationals
Elliot Dee,EOY18,2018-2019,End of Year Internationals
Paul Ngauamo,EOY18,2018-2019,End of Year Internationals
Duane Vermeulen,EOY18,2018-2019,End of Year Internationals
Isileli Nakajima,EOY18,2018-2019,End of Year Internationals
Peter O'Mahony,EOY18,2018-2019,End of Year Internationals
Sebastián Cancelliere,EOY18,2018-2019,End of Year Internationals
Atsushi Sakate,EOY18,2018-2019,End of Year Internationals
Garry Ringrose,EOY18,2018-2019,End of Year Internationals
Shaun Stevenson,EOY18,2018-2019,End of Year Internationals
Alejandro Nieto,EOY18,2018-2019,End of Year Internationals
Marcel Brache,EOY18,2018-2019,End of Year Internationals
Dan Biggar,EOY18,2018-2019,End of Year Internationals
Jamie-Jerry Taulagi,EOY18,2018-2019,End of Year Internationals
Gareth Davies,EOY18,2018-2019,End of Year Internationals
Chance Wenglewski,EOY18,2018-2019,End of Year Internationals
Nicolás Sánchez,EOY18,2018-2019,End of Year Internationals
Wyn Jones,EOY18,2018-2019,End of Year Internationals
Will Magie,EOY18,2018-2019,End of Year Internationals
Ned Hanigan,EOY18,2018-2019,End of Year Internationals
Guram Gogichashvili,EOY18,2018-2019,End of Year Internationals
Moisés Duque,EOY18,2018-2019,End of Year Internationals
Jamie Ritchie,EOY18,2018-2019,End of Year Internationals
Richie Mo'unga,EOY18,2018-2019,End of Year Internationals
RG Snyman,EOY18,2018-2019,End of Year Internationals
Harry Williams,EOY18,2018-2019,End of Year Internationals
George Ford,EOY18,2018-2019,End of Year Internationals
Edoardo Padovani,EOY18,2018-2019,End of Year Internationals
Jayden Hayward,EOY18,2018-2019,End of Year Internationals
Thomas du Toit,EOY18,2018-2019,End of Year Internationals
Greg Peterson,EOY18,2018-2019,End of Year Internationals
Samuela Anise,EOY18,2018-2019,End of Year Internationals
Leonardo Ghiraldini,EOY18,2018-2019,End of Year Internationals
Faf de Klerk,EOY18,2018-2019,End of Year Internationals
Jonah Holmes,EOY18,2018-2019,End of Year Internationals
Arthur Iturria,EOY18,2018-2019,End of Year Internationals
Ross Byrne,EOY18,2018-2019,End of Year Internationals
Geoffrey Doumayrou,EOY18,2018-2019,End of Year Internationals
Vasil Lobzhanidze,EOY18,2018-2019,End of Year Internationals
Latu Talakai,EOY18,2018-2019,End of Year Internationals
Yusuke Niwai,EOY18,2018-2019,End of Year Internationals
Wilco Louw,EOY18,2018-2019,End of Year Internationals
Johan Meyer,EOY18,2018-2019,End of Year Internationals
Hiroshi Yamashita,EOY18,2018-2019,End of Year Internationals
Ryan Wilson,EOY18,2018-2019,End of Year Internationals
Justin Tipuric,EOY18,2018-2019,End of Year Internationals
Cedate Gomes Sa,EOY18,2018-2019,End of Year Internationals
Gaël Fickou,EOY18,2018-2019,End of Year Internationals
Devon Müller,EOY18,2018-2019,End of Year Internationals
Lucas Duque,EOY18,2018-2019,End of Year Internationals
Taniela Tupou,EOY18,2018-2019,End of Year Internationals
Jonathan Davies,EOY18,2018-2019,End of Year Internationals
Dillon Lewis,EOY18,2018-2019,End of Year Internationals
Eben Etzebeth,EOY18,2018-2019,End of Year Internationals
Juan Pablo Zeiss,EOY18,2018-2019,End of Year Internationals
Franco Mostert,EOY18,2018-2019,End of Year Internationals
Ross Moriarty,EOY18,2018-2019,End of Year Internationals
Tommaso Allan,EOY18,2018-2019,End of Year Internationals
Jacob Stockdale,EOY18,2018-2019,End of Year Internationals
Damian Willemse,EOY18,2018-2019,End of Year Internationals
Francois Louw,EOY18,2018-2019,End of Year Internationals
Caíque Silva,EOY18,2018-2019,End of Year Internationals
Otere Black,EOY18,2018-2019,End of Year Internationals
Lasha Lomidze,EOY18,2018-2019,End of Year Internationals
Israel Folau,EOY18,2018-2019,End of Year Internationals
Zurab Dzneladze,EOY18,2018-2019,End of Year Internationals
Rhys Ruddock,EOY18,2018-2019,End of Year Internationals
Liam Coltman,EOY18,2018-2019,End of Year Internationals
Rey Lee-Lo,EOY18,2018-2019,End of Year Internationals
Tommy Seymour,EOY18,2018-2019,End of Year Internationals
James Lay,EOY18,2018-2019,End of Year Internationals
Damian de Allende,EOY18,2018-2019,End of Year Internationals
Wenceslas Lauret,EOY18,2018-2019,End of Year Internationals
Jack Dempsey,EOY18,2018-2019,End of Year Internationals
Dylan Fawsitt,EOY18,2018-2019,End of Year Internationals
Seán Cronin,EOY18,2018-2019,End of Year Internationals
Andrea Lovotti,EOY18,2018-2019,End of Year Internationals
Koo Ji-won,EOY18,2018-2019,End of Year Internationals
Jimmy Tuivaiti,EOY18,2018-2019,End of Year Internationals
Koki Yamamoto,EOY18,2018-2019,End of Year Internationals
Wimpie van der Walt,EOY18,2018-2019,End of Year Internationals
Samu Kerevi,EOY18,2018-2019,End of Year Internationals
Alex Allan,EOY18,2018-2019,End of Year Internationals
Nehe Milner-Skudder,EOY18,2018-2019,End of Year Internationals
Vaea Fifita,EOY18,2018-2019,End of Year Internationals
Daniel Faleafa,EOY18,2018-2019,End of Year Internationals
Eroni Vasiteri,EOY18,2018-2019,End of Year Internationals
Mark Wilson,EOY18,2018-2019,End of Year Internationals
Will Addison,EOY18,2018-2019,End of Year Internationals
Kali Hala,EOY18,2018-2019,End of Year Internationals
Scott Barrett,EOY18,2018-2019,End of Year Internationals
Viliame Mata,EOY18,2018-2019,End of Year Internationals
Paul Mullen,EOY18,2018-2019,End of Year Internationals
Pari Pari Parkinson,EOY18,2018-2019,End of Year Internationals
Tomás Inciarte,EOY18,2018-2019,End of Year Internationals
Peceli Yato,EOY18,2018-2019,End of Year Internationals
Embrose Papier,EOY18,2018-2019,End of Year Internationals
Valentino Mapapalangi,EOY18,2018-2019,End of Year Internationals
Hamish Watson,EOY18,2018-2019,End of Year Internationals
Jonathan Ruru,EOY18,2018-2019,End of Year Internationals
Camille Lopez,EOY18,2018-2019,End of Year Internationals
Matías Benítez,EOY18,2018-2019,End of Year Internationals
Lucas Abud,EOY18,2018-2019,End of Year Internationals
Nathan Harris,EOY18,2018-2019,End of Year Internationals
Andrew Conway,EOY18,2018-2019,End of Year Internationals
Jonny May,EOY18,2018-2019,End of Year Internationals
David Tameilau,EOY18,2018-2019,End of Year Internationals
John Cooney,EOY18,2018-2019,End of Year Internationals
Jack Lam,EOY18,2018-2019,End of Year Internationals
Ali Price,EOY18,2018-2019,End of Year Internationals
Joe Cokanasiga,EOY18,2018-2019,End of Year Internationals
Sébastien Vahaamahina,EOY18,2018-2019,End of Year Internationals
Sam Underhill,EOY18,2018-2019,End of Year Internationals
Malcolm Marx,EOY18,2018-2019,End of Year Internationals
Felipe Sancery,EOY18,2018-2019,End of Year Internationals
Rob Simmons,EOY18,2018-2019,End of Year Internationals
Javier Ortega Desio,EOY18,2018-2019,End of Year Internationals
Cian Healy,EOY18,2018-2019,End of Year Internationals
Matías Moroni,EOY18,2018-2019,End of Year Internationals
Zach Mercer,EOY18,2018-2019,End of Year Internationals
Pablo Matera,EOY18,2018-2019,End of Year Internationals
Leon Fukofuka,EOY18,2018-2019,End of Year Internationals
Dwayne Polotaivao,EOY18,2018-2019,End of Year Internationals
Fraser Brown,EOY18,2018-2019,End of Year Internationals
Jack Nowell,EOY18,2018-2019,End of Year Internationals
Sam Skinner,EOY18,2018-2019,End of Year Internationals
Kurtley Beale,EOY18,2018-2019,End of Year Internationals
Cléber Dias,EOY18,2018-2019,End of Year Internationals
Jamie Henry,EOY18,2018-2019,End of Year Internationals
Douglas Rauth,EOY18,2018-2019,End of Year Internationals
Agustín Creevy,EOY18,2018-2019,End of Year Internationals
Matt To'omua,EOY18,2018-2019,End of Year Internationals
Ardie Savea,EOY18,2018-2019,End of Year Internationals
Ben Youngs,EOY18,2018-2019,End of Year Internationals
Tolu Fahamokioa,EOY18,2018-2019,End of Year Internationals
Tomás Cubelli,EOY18,2018-2019,End of Year Internationals
David Pocock,EOY18,2018-2019,End of Year Internationals
Ben Moon,EOY18,2018-2019,End of Year Internationals
Seb Davies,EOY18,2018-2019,End of Year Internationals
Federico Ruzza,EOY18,2018-2019,End of Year Internationals
Ryan Matyas,EOY18,2018-2019,End of Year Internationals
Jarrod Evans,EOY18,2018-2019,End of Year Internationals
Marcel Renata,EOY18,2018-2019,End of Year Internationals
Beka Gorgadze,EOY18,2018-2019,End of Year Internationals
Camille Chat,EOY18,2018-2019,End of Year Internationals
Paul Gabrillagues,EOY18,2018-2019,End of Year Internationals
Mathieu Babillot,EOY18,2018-2019,End of Year Internationals
Ben Volavola,EOY18,2018-2019,End of Year Internationals
Robert Tenório,EOY18,2018-2019,End of Year Internationals
Emiliano Boffelli,EOY18,2018-2019,End of Year Internationals
Keita Inagaki,EOY18,2018-2019,End of Year Internationals
Marco Fuser,EOY18,2018-2019,End of Year Internationals
Kieran Read,EOY18,2018-2019,End of Year Internationals
Giosuè Zilocchi,EOY18,2018-2019,End of Year Internationals
Kélian Galletier,EOY18,2018-2019,End of Year Internationals
Niall Scannell,EOY18,2018-2019,End of Year Internationals
Ruben de Haas,EOY18,2018-2019,End of Year Internationals
Te Toiroa Tahuriorangi,EOY18,2018-2019,End of Year Internationals
Allan Dell,EOY18,2018-2019,End of Year Internationals
Dane Coles,EOY18,2018-2019,End of Year Internationals
Lucio Sordoni,EOY18,2018-2019,End of Year Internationals
Levan Chilachava,EOY18,2018-2019,End of Year Internationals
Dylan Hartley,EOY18,2018-2019,End of Year Internationals
Otar Giorgadze,EOY18,2018-2019,End of Year Internationals
Gareth Evans,EOY18,2018-2019,End of Year Internationals
Renato Giammarioli,EOY18,2018-2019,End of Year Internationals
Manuel Leindekar,EOY18,2018-2019,End of Year Internationals
Dean Budd,EOY18,2018-2019,End of Year Internationals
CJ Stander,EOY18,2018-2019,End of Year Internationals
Chris Eves,EOY18,2018-2019,End of Year Internationals
Jake Gordon,EOY18,2018-2019,End of Year Internationals
Tito Tebaldi,EOY18,2018-2019,End of Year Internationals
Zane Kapeli,EOY18,2018-2019,End of Year Internationals
Uwe Helu,EOY18,2018-2019,End of Year Internationals
Tiziano Pasquali,EOY18,2018-2019,End of Year Internationals
Paul Alo-Emile,EOY18,2018-2019,End of Year Internationals
D'Angelo Leuila,EOY18,2018-2019,End of Year Internationals
Lee Jones,EOY18,2018-2019,End of Year Internationals
Juan Diego Ormaechea,EOY18,2018-2019,End of Year Internationals
Jermaine Ainsley,EOY18,2018-2019,End of Year Internationals
De Wet van Niekerk,EOY18,2018-2019,End of Year Internationals
Dane Haylett-Petty,EOY18,2018-2019,End of Year Internationals
Rob Kearney,EOY18,2018-2019,End of Year Internationals
Rodrigo Bruni,EOY18,2018-2019,End of Year Internationals
Aaron Smith,EOY18,2018-2019,End of Year Internationals
Latiume Fosita,EOY18,2018-2019,End of Year Internationals
Benjamin Fall,EOY18,2018-2019,End of Year Internationals
Ben Tameifuna,EOY18,2018-2019,End of Year Internationals
Martín Landajo,EOY18,2018-2019,End of Year Internationals
Luca Sperandio,EOY18,2018-2019,End of Year Internationals
Ahsee Tuala,EOY18,2018-2019,End of Year Internationals
Tedo Abzhandadze,EOY18,2018-2019,End of Year Internationals
Rory Best,EOY18,2018-2019,End of Year Internationals
Matías Orlando,EOY18,2018-2019,End of Year Internationals
Pieter-Steph du Toit,EOY18,2018-2019,End of Year Internationals
Kyle Sinckler,EOY18,2018-2019,End of Year Internationals
Joaquín Díaz Bonilla,EOY18,2018-2019,End of Year Internationals
Giorgi Kveseladze,EOY18,2018-2019,End of Year Internationals
Demba Bamba,EOY18,2018-2019,End of Year Internationals
Marika Koroibete,EOY18,2018-2019,End of Year Internationals
Tyler Morgan,EOY18,2018-2019,End of Year Internationals
Daniel Kilioni,EOY18,2018-2019,End of Year Internationals
Artur Bergo,EOY18,2018-2019,End of Year Internationals
Jamie George,EOY18,2018-2019,End of Year Internationals
Fumiaki Tanaka,EOY18,2018-2019,End of Year Internationals
Baptiste Serin,EOY18,2018-2019,End of Year Internationals
Rabah Slimani,EOY18,2018-2019,End of Year Internationals
Ben May,EOY18,2018-2019,End of Year Internationals
Joe Taufete'e,EOY18,2018-2019,End of Year Internationals
Jordie Barrett,EOY18,2018-2019,End of Year Internationals
Sione Vailanu,EOY18,2018-2019,End of Year Internationals
Tolu Latu,EOY18,2018-2019,End of Year Internationals
Josh Reeves,EOY18,2018-2019,End of Year Internationals
Ed Fidow,EOY18,2018-2019,End of Year Internationals
Owen Watkin,EOY18,2018-2019,End of Year Internationals
Siegfried Fisi'ihoi,EOY18,2018-2019,End of Year Internationals
Kieran Marmion,EOY18,2018-2019,End of Year Internationals
Jonny Gray,EOY18,2018-2019,End of Year Internationals
Patrick Tuipulotu,EOY18,2018-2019,End of Year Internationals
Jordi Murphy,EOY18,2018-2019,End of Year Internationals
Dalton Papali'i,EOY18,2018-2019,End of Year Internationals
Bundee Aki,EOY18,2018-2019,End of Year Internationals
Matheus Rocha,EOY18,2018-2019,End of Year Internationals
Anthony Belleau,EOY18,2018-2019,End of Year Internationals
Chris Harris,EOY18,2018-2019,End of Year Internationals
Joe Moody,EOY18,2018-2019,End of Year Internationals
Will Hooley,EOY18,2018-2019,End of Year Internationals
Campese Ma'afu,EOY18,2018-2019,End of Year Internationals
Masakatsu Nishikawa,EOY18,2018-2019,End of Year Internationals
George North,EOY18,2018-2019,End of Year Internationals
Setariki Tuicuvu,EOY18,2018-2019,End of Year Internationals
Nick Civetta,EOY18,2018-2019,End of Year Internationals
Dillon Hunt,EOY18,2018-2019,End of Year Internationals
Bernard Foley,EOY18,2018-2019,End of Year Internationals
Will Genia,EOY18,2018-2019,End of Year Internationals
Scott Sio,EOY18,2018-2019,End of Year Internationals
Finlay Bealham,EOY18,2018-2019,End of Year Internationals
Sean Maitland,EOY18,2018-2019,End of Year Internationals
Jack McGrath,EOY18,2018-2019,End of Year Internationals
Izack Rodda,EOY18,2018-2019,End of Year Internationals
Teihorangi Walden,EOY18,2018-2019,End of Year Internationals
Courtney Lawes,EOY18,2018-2019,End of Year Internationals
Anzor Sitchinava,EOY18,2018-2019,End of Year Internationals
Logovi'i Mulipola,EOY18,2018-2019,End of Year Internationals
Lucas Tranquez,EOY18,2018-2019,End of Year Internationals
Billy Harmon,EOY18,2018-2019,End of Year Internationals
Luke Morgan,EOY18,2018-2019,End of Year Internationals
Ignacio Dotti,EOY18,2018-2019,End of Year Internationals
Tomás Lezana,EOY18,2018-2019,End of Year Internationals
Felipe Berchesi,EOY18,2018-2019,End of Year Internationals
Dino Waldren,EOY18,2018-2019,End of Year Internationals
Motu Matu'u,EOY18,2018-2019,End of Year Internationals
Joey Carbery,EOY18,2018-2019,End of Year Internationals
Lasha Malaguradze,EOY18,2018-2019,End of Year Internationals
Masataka Mikami,EOY18,2018-2019,End of Year Internationals
Ken Owens,EOY18,2018-2019,End of Year Internationals
Adam Hastings,EOY18,2018-2019,End of Year Internationals
Tadhg Furlong,EOY18,2018-2019,End of Year Internationals
Aphiwe Dyantyi,EOY18,2018-2019,End of Year Internationals
S'busiso Nkosi,EOY18,2018-2019,End of Year Internationals
Matt Fagerson,EOY18,2018-2019,End of Year Internationals
Tomás Lavanini,EOY18,2018-2019,End of Year Internationals
Shalva Sutiashvili,EOY18,2018-2019,End of Year Internationals
Faifili Levave,EOY18,2018-2019,End of Year Internationals
Kenki Fukuoka,EOY18,2018-2019,End of Year Internationals
Devin Toner,EOY18,2018-2019,End of Year Internationals
Brodie Retallick,EOY18,2018-2019,End of Year Internationals
Viliami Lolohea,EOY18,2018-2019,End of Year Internationals
Jesse Kriel,EOY18,2018-2019,End of Year Internationals
Beauden Barrett,EOY18,2018-2019,End of Year Internationals
Paea Faʻanunu,EOY18,2018-2019,End of Year Internationals
Shaun Davies,EOY18,2018-2019,End of Year Internationals
Robbie Abel,EOY18,2018-2019,End of Year Internationals
Brett Cameron,EOY18,2018-2019,End of Year Internationals
Félix Lambey,EOY18,2018-2019,End of Year Internationals
Matías Alemanno,EOY18,2018-2019,End of Year Internationals
Guido Petti,EOY18,2018-2019,End of Year Internationals
Lomano Lemeki,EOY18,2018-2019,End of Year Internationals
Andrés Vilaseca,EOY18,2018-2019,End of Year Internationals
Isaia Walker-Leawere,EOY18,2018-2019,End of Year Internationals
Rhys Patchell,EOY18,2018-2019,End of Year Internationals
Peter Horne,EOY18,2018-2019,End of Year Internationals
Kazuki Himeno,EOY18,2018-2019,End of Year Internationals
Mathieu Bastareaud,EOY18,2018-2019,End of Year Internationals
Hadleigh Parkes,EOY18,2018-2019,End of Year Internationals
Ryan Crotty,EOY18,2018-2019,End of Year Internationals
Manuel Diana,EOY18,2018-2019,End of Year Internationals
Metuisela Talebula,EOY18,2018-2019,End of Year Internationals
Juan Manuel Cat,EOY18,2018-2019,End of Year Internationals
Simone Ferrari,EOY18,2018-2019,End of Year Internationals
Alapati Leiua,EOY18,2018-2019,End of Year Internationals
Elton Jantjies,EOY18,2018-2019,End of Year Internationals
Manu Tuilagi,EOY18,2018-2019,End of Year Internationals
Manuel Ardao,EOY18,2018-2019,End of Year Internationals
Seán O'Brien,EOY18,2018-2019,End of Year Internationals
Cameron Dolan,EOY18,2018-2019,End of Year Internationals
Semi Kunatani,EOY18,2018-2019,End of Year Internationals
Owen Franks,EOY18,2018-2019,End of Year Internationals
Mikheil Nariashvili,EOY18,2018-2019,End of Year Internationals
Santiago Arata,EOY18,2018-2019,End of Year Internationals
Tamaz Mchedlidze,EOY18,2018-2019,End of Year Internationals
Ryohei Yamanaka,EOY18,2018-2019,End of Year Internationals
Maro Itoje,EOY18,2018-2019,End of Year Internationals
Willie le Roux,EOY18,2018-2019,End of Year Internationals
Atieli Pakalani,EOY18,2018-2019,End of Year Internationals
Julien Marchand,EOY18,2018-2019,End of Year Internationals
Vincent Koch,EOY18,2018-2019,End of Year Internationals
Iain Henderson,EOY18,2018-2019,End of Year Internationals
Kurt Morath,EOY18,2018-2019,End of Year Internationals
Yutaka Nagare,EOY18,2018-2019,End of Year Internationals
Jardel Vettorato,EOY18,2018-2019,End of Year Internationals
Teddy Thomas,EOY18,2018-2019,End of Year Internationals
Rodrigo Silva,EOY18,2018-2019,End of Year Internationals
Jaba Bregvadze,EOY18,2018-2019,End of Year Internationals
Gordon Reid,EOY18,2018-2019,End of Year Internationals
Ben Smith,EOY18,2018-2019,End of Year Internationals
Ryoto Nakamura,EOY18,2018-2019,End of Year Internationals
Maxime Médard,EOY18,2018-2019,End of Year Internationals
Agustín Della Corte,EOY18,2018-2019,End of Year Internationals
Louis Picamoles,EOY18,2018-2019,End of Year Internationals
Steven Kitshoff,EOY18,2018-2019,End of Year Internationals
Sam Whitelock,EOY18,2018-2019,End of Year Internationals
John Quill,EOY18,2018-2019,End of Year Internationals
Kalivati Tawake,EOY18,2018-2019,End of Year Internationals
Gonzalo Bertranou,EOY18,2018-2019,End of Year Internationals
Filo Paulo,EOY18,2018-2019,End of Year Internationals
Cherif Traorè,EOY18,2018-2019,End of Year Internationals
Zurab Zhvania,EOY18,2018-2019,End of Year Internationals
Tusi Pisi,EOY18,2018-2019,End of Year Internationals
Aled Davies,EOY18,2018-2019,End of Year Internationals
Shunsuke Nunomaki,EOY18,2018-2019,End of Year Internationals
Tim Perry,EOY18,2018-2019,End of Year Internationals
Dalton Papalii,EOY18,2018-2019,End of Year Internationals
Darren Sweetnam,EOY18,2018-2019,End of Year Internationals
Tadhg Beirne,EOY18,2018-2019,End of Year Internationals
Dany Priso,EOY18,2018-2019,End of Year Internationals
Blaine Scully,EOY18,2018-2019,End of Year Internationals
Grant Gilchrist,EOY18,2018-2019,End of Year Internationals
Stuart McCloskey,EOY18,2018-2019,End of Year Internationals
Kane Leaupepe,EOY18,2018-2019,End of Year Internationals
Michele Campagnaro,EOY18,2018-2019,End of Year Internationals
Matt Lansdown,EOY18,2018-2019,End of Year Internationals
Reed Prinsep,EOY18,2018-2019,End of Year Internationals
Juan Echeverriá,EOY18,2018-2019,End of Year Internationals
Onehunga Havili,EOY18,2018-2019,End of Year Internationals
Johnny Gray,EOY18,2018-2019,End of Year Internationals
Tom Curry,EOY18,2018-2019,End of Year Internationals
Braam Steyn,EOY18,2018-2019,End of Year Internationals
Ian McKinley,EOY18,2018-2019,End of Year Internationals
Richard Wigglesworth,EOY18,2018-2019,End of Year Internationals
Siya Kolisi,EOY18,2018-2019,End of Year Internationals
Jack Conan,EOY18,2018-2019,End of Year Internationals
Frank Lomani,EOY18,2018-2019,End of Year Internationals
Manasa Saulo,EOY18,2018-2019,End of Year Internationals
Santiago García Botta,EOY18,2018-2019,End of Year Internationals
Ben Toolis,EOY18,2018-2019,End of Year Internationals
Rob Evans,EOY18,2018-2019,End of Year Internationals
Yu Tamura,EOY18,2018-2019,End of Year Internationals
Rikiya Matsuda,EOY18,2018-2019,End of Year Internationals
Nicola Quaglio,EOY18,2018-2019,End of Year Internationals
WP Nel,EOY18,2018-2019,End of Year Internationals
Charlie Ewels,EOY18,2018-2019,End of Year Internationals
Jake Polledri,EOY18,2018-2019,End of Year Internationals
Cheslin Kolbe,EOY18,2018-2019,End of Year Internationals
Angus Ta'avao,EOY18,2018-2019,End of Year Internationals
Steve Mafi,EOY18,2018-2019,End of Year Internationals
George Kruis,EOY18,2018-2019,End of Year Internationals
Ted Hill,EOY18,2018-2019,End of Year Internationals
Federico Favaro,EOY18,2018-2019,End of Year Internationals
Guglielmo Palazzani,EOY18,2018-2019,End of Year Internationals
Julián Montoya,EOY18,2018-2019,End of Year Internationals
Lood de Jager,EOY18,2018-2019,End of Year Internationals
Hanco Germishuys,EOY18,2018-2019,End of Year Internationals
Juan Manuel Gaminara,EOY18,2018-2019,End of Year Internationals
Ramiro Moyano,EOY18,2018-2019,End of Year Internationals
Maʻafu Fia,EOY18,2018-2019,End of Year Internationals
Latu Vaeno,EOY18,2018-2019,End of Year Internationals
Bautista Delguy,EOY18,2018-2019,End of Year Internationals
Stuart Hogg,EOY18,2018-2019,End of Year Internationals
Warren Whiteley,EOY18,2018-2019,End of Year Internationals
Ivan van Zyl,EOY18,2018-2019,End of Year Internationals
Tatafu Polota-Nau,EOY18,2018-2019,End of Year Internationals
Tyrel Lomax,EOY18,2018-2019,End of Year Internationals
Ngani Laumape,EOY18,2018-2019,End of Year Internationals
Waisake Naholo,EOY18,2018-2019,End of Year Internationals
Mariano Galarza,EOY18,2018-2019,End of Year Internationals
Owen Farrell,EOY18,2018-2019,End of Year Internationals
Mitchell Drummond,EOY18,2018-2019,End of Year Internationals
Aaron Wainwright,EOY18,2018-2019,End of Year Internationals
Jackson Hemopo,EOY18,2018-2019,End of Year Internationals
Gareth Anscombe,EOY18,2018-2019,End of Year Internationals
Folau Fainga'a,EOY18,2018-2019,End of Year Internationals
Dave Kilcoyne,EOY18,2018-2019,End of Year Internationals
Jack Goodhue,EOY18,2018-2019,End of Year Internationals
Bryn Hall,EOY18,2018-2019,End of Year Internationals
Matias Alemanno,EOY18,2018-2019,End of Year Internationals
Josh Strauss,EOY18,2018-2019,End of Year Internationals
Eroni Mawi,EOY18,2018-2019,End of Year Internationals
Timothy Lafaele,EOY18,2018-2019,End of Year Internationals
Leva Fifita,EOY18,2018-2019,End of Year Internationals
Damian Penaud,EOY18,2018-2019,End of Year Internationals
Leandro Segredo,EOY18,2018-2019,End of Year Internationals
Stuart McInally,EOY18,2018-2019,End of Year Internationals
Siale Piutau,EOY18,2018-2019,End of Year Internationals
Handré Pollard,EOY18,2018-2019,End of Year Internationals
Adam Beard,EOY18,2018-2019,End of Year Internationals
Jake Ball,EOY18,2018-2019,End of Year Internationals
Jordan Larmour,EOY18,2018-2019,End of Year Internationals
Nodar Tcheishvili,EOY18,2018-2019,End of Year Internationals
Guilhem Guirado,EOY18,2018-2019,End of Year Internationals
Carlo Canna,EOY18,2018-2019,End of Year Internationals
James Ryan,EOY18,2018-2019,End of Year Internationals
Rob Herring,EOY18,2018-2019,End of Year Internationals
Matt Todd,EOY18,2018-2019,End of Year Internationals
Alex Lozowski,EOY18,2018-2019,End of Year Internationals
Manu Leiataua,EOY18,2018-2019,End of Year Internationals
Keith Earls,EOY18,2018-2019,End of Year Internationals
Sebastian Negri,EOY18,2018-2019,End of Year Internationals
Jordan Lay,EOY18,2018-2019,End of Year Internationals
Brad Shields,EOY18,2018-2019,End of Year Internationals
Ash Dixon,EOY18,2018-2019,End of Year Internationals
Jonah Lowe,EOY18,2018-2019,End of Year Internationals
Rieko Ioane,EOY18,2018-2019,End of Year Internationals
Antoine Dupont,EOY18,2018-2019,End of Year Internationals
Codie Taylor,EOY18,2018-2019,End of Year Internationals
Giulio Bisegni,EOY18,2018-2019,End of Year Internationals
Mat Luamanu,EOY18,2018-2019,End of Year Internationals
Juan Rombys,EOY18,2018-2019,End of Year Internationals
TJ Perenara,EOY18,2018-2019,End of Year Internationals
Leigh Halfpenny,EOY18,2018-2019,End of Year Internationals
Dominiko Waqaniburotu,EOY18,2018-2019,End of Year Internationals
Alivereti Veitokani,EOY18,2018-2019,End of Year Internationals
Bongi Mbonambi,EOY18,2018-2019,End of Year Internationals
Adam Coleman,EOY18,2018-2019,End of Year Internationals
Josh Adams,EOY18,2018-2019,End of Year Internationals
Tomas Francis,EOY18,2018-2019,End of Year Internationals
Michael Faleafa,EOY18,2018-2019,End of Year Internationals
Vunga Lilo,EOY18,2018-2019,End of Year Internationals
Asaeli Ai Valu,EOY18,2018-2019,End of Year Internationals
Josh Ioane,EOY18,2018-2019,End of Year Internationals
Henry Slade,EOY18,2018-2019,End of Year Internationals
Tommaso Castello,EOY18,2018-2019,End of Year Internationals
Karl Tu'inukuafe,EOY18,2018-2019,End of Year Internationals
Cory Hill,EOY18,2018-2019,End of Year Internationals
Albert Tuisue,EOY18,2018-2019,End of Year Internationals
Jack Maddocks,EOY18,2018-2019,End of Year Internationals
Johnny Sexton,EOY18,2018-2019,End of Year Internationals
Stefano Giantorno,EOY18,2018-2019,End of Year Internationals
Alex Dunbar,EOY18,2018-2019,End of Year Internationals
Ryan Elias,EOY18,2018-2019,End of Year Internationals
Matt Proctor,EOY18,2018-2019,End of Year Internationals
Yoann Maestri,EOY18,2018-2019,End of Year Internationals
Soso Matiashvili,EOY18,2018-2019,End of Year Internationals
Piula Faʻasalele,EOY18,2018-2019,End of Year Internationals
Liam Squire,EOY18,2018-2019,End of Year Internationals
Daniel Sancery,EOY18,2018-2019,End of Year Internationals
Ofa Tu'ungafasi,EOY18,2018-2019,End of Year Internationals
Josh van der Flier,EOY18,2018-2019,End of Year Internationals
John Ryan,EOY18,2018-2019,End of Year Internationals
Leandro Leivas,EOY18,2018-2019,End of Year Internationals
Facundo Gattas,EOY18,2018-2019,End of Year Internationals
Germán Kessler,EOY18,2018-2019,End of Year Internationals
Santiago Medrano,EOY18,2018-2019,End of Year Internationals
Danny Care,EOY18,2018-2019,End of Year Internationals
Mitchell Karpik,EOY18,2018-2019,End of Year Internationals
Liam Williams,EOY18,2018-2019,End of Year Internationals
Mattia Bellini,EOY18,2018-2019,End of Year Internationals
Allan Alaalatoa,EOY18,2018-2019,End of Year Internationals
Sam Ulufonua,EOY18,2018-2019,End of Year Internationals
Samu Manoa,EOY18,2018-2019,End of Year Internationals
Finn Russell,EOY18,2018-2019,End of Year Internationals
Rory Arnold,EOY18,2018-2019,End of Year Internationals
Luiz Vieira,EOY18,2018-2019,End of Year Internationals
Matteo Dell’Acqua,EOY18,2018-2019,End of Year Internationals
Leon Brown,EOY18,2018-2019,End of Year Internationals
Greig Laidlaw,EOY18,2018-2019,End of Year Internationals
Pierre Bourgarit,6N19,2018-2019,6 Nations
Yoann Huget,6N19,2018-2019,6 Nations
Joe Launchbury,6N19,2018-2019,6 Nations
Michele Campagnaro,6N19,2018-2019,6 Nations
Luca Sperandio,6N19,2018-2019,6 Nations
Andrew Porter,6N19,2018-2019,6 Nations
Tom Curry,6N19,2018-2019,6 Nations
Braam Steyn,6N19,2018-2019,6 Nations
Ian McKinley,6N19,2018-2019,6 Nations
Zander Fagerson,6N19,2018-2019,6 Nations
Rory Best,6N19,2018-2019,6 Nations
Tommy Seymour,6N19,2018-2019,6 Nations
Hallam Amos,6N19,2018-2019,6 Nations
Wenceslas Lauret,6N19,2018-2019,6 Nations
Kyle Sinckler,6N19,2018-2019,6 Nations
Demba Bamba,6N19,2018-2019,6 Nations
Seán Cronin,6N19,2018-2019,6 Nations
Jack Conan,6N19,2018-2019,6 Nations
Andrea Lovotti,6N19,2018-2019,6 Nations
Jimmy Tuivaiti,6N19,2018-2019,6 Nations
Ben Toolis,6N19,2018-2019,6 Nations
Quinn Roux,6N19,2018-2019,6 Nations
Ben Te'o,6N19,2018-2019,6 Nations
Jamie George,6N19,2018-2019,6 Nations
Rob Evans,6N19,2018-2019,6 Nations
Alex Allan,6N19,2018-2019,6 Nations
Angelo Esposito,6N19,2018-2019,6 Nations
Darcy Graham,6N19,2018-2019,6 Nations
Baptiste Serin,6N19,2018-2019,6 Nations
Dan Robson,6N19,2018-2019,6 Nations
Billy Vunipola,6N19,2018-2019,6 Nations
Nicola Quaglio,6N19,2018-2019,6 Nations
WP Nel,6N19,2018-2019,6 Nations
Mark Wilson,6N19,2018-2019,6 Nations
Jake Polledri,6N19,2018-2019,6 Nations
Tommaso Benvenuti,6N19,2018-2019,6 Nations
Nathan Hughes,6N19,2018-2019,6 Nations
Gary Graham,6N19,2018-2019,6 Nations
George Kruis,6N19,2018-2019,6 Nations
Sam Johnson,6N19,2018-2019,6 Nations
Alessandro Zanni,6N19,2018-2019,6 Nations
Owen Watkin,6N19,2018-2019,6 Nations
D'Arcy Rae,6N19,2018-2019,6 Nations
Kieran Marmion,6N19,2018-2019,6 Nations
Simon Berghan,6N19,2018-2019,6 Nations
Jonny Gray,6N19,2018-2019,6 Nations
Hamish Watson,6N19,2018-2019,6 Nations
Étienne Falgoux,6N19,2018-2019,6 Nations
Jordi Murphy,6N19,2018-2019,6 Nations
Camille Lopez,6N19,2018-2019,6 Nations
Guglielmo Palazzani,6N19,2018-2019,6 Nations
Bundee Aki,6N19,2018-2019,6 Nations
Anthony Belleau,6N19,2018-2019,6 Nations
Chris Harris,6N19,2018-2019,6 Nations
Andrew Conway,6N19,2018-2019,6 Nations
Magnus Bradbury,6N19,2018-2019,6 Nations
Jonny May,6N19,2018-2019,6 Nations
John Cooney,6N19,2018-2019,6 Nations
George North,6N19,2018-2019,6 Nations
Ali Price,6N19,2018-2019,6 Nations
Stuart Hogg,6N19,2018-2019,6 Nations
Joe Cokanasiga,6N19,2018-2019,6 Nations
Sébastien Vahaamahina,6N19,2018-2019,6 Nations
Sean Maitland,6N19,2018-2019,6 Nations
Uini Atonio,6N19,2018-2019,6 Nations
Samson Lee,6N19,2018-2019,6 Nations
Elliot Daly,6N19,2018-2019,6 Nations
Jack McGrath,6N19,2018-2019,6 Nations
Josh Navidi,6N19,2018-2019,6 Nations
Cian Healy,6N19,2018-2019,6 Nations
Courtney Lawes,6N19,2018-2019,6 Nations
Wesley Fofana,6N19,2018-2019,6 Nations
Jefferson Poirot,6N19,2018-2019,6 Nations
Owen Farrell,6N19,2018-2019,6 Nations
Tomos Williams,6N19,2018-2019,6 Nations
Aaron Wainwright,6N19,2018-2019,6 Nations
Ultan Dillane,6N19,2018-2019,6 Nations
Gareth Anscombe,6N19,2018-2019,6 Nations
Blair Kinghorn,6N19,2018-2019,6 Nations
Rob Harley,6N19,2018-2019,6 Nations
Jack Carty,6N19,2018-2019,6 Nations
Edoardo Gori,6N19,2018-2019,6 Nations
Luca Morisi,6N19,2018-2019,6 Nations
Huw Jones,6N19,2018-2019,6 Nations
Fraser Brown,6N19,2018-2019,6 Nations
Byron McGuigan,6N19,2018-2019,6 Nations
Morgan Parra,6N19,2018-2019,6 Nations
Mako Vunipola,6N19,2018-2019,6 Nations
Dave Kilcoyne,6N19,2018-2019,6 Nations
Joey Carbery,6N19,2018-2019,6 Nations
Luca Bigi,6N19,2018-2019,6 Nations
Ben Spencer,6N19,2018-2019,6 Nations
Conor Murray,6N19,2018-2019,6 Nations
Josh Strauss,6N19,2018-2019,6 Nations
Jack Nowell,6N19,2018-2019,6 Nations
Damian Penaud,6N19,2018-2019,6 Nations
Ken Owens,6N19,2018-2019,6 Nations
Adam Hastings,6N19,2018-2019,6 Nations
Tadhg Furlong,6N19,2018-2019,6 Nations
Stuart McInally,6N19,2018-2019,6 Nations
Sam Skinner,6N19,2018-2019,6 Nations
Nick Grigg,6N19,2018-2019,6 Nations
Adam Beard,6N19,2018-2019,6 Nations
Marco Zanon,6N19,2018-2019,6 Nations
Jake Ball,6N19,2018-2019,6 Nations
Grégory Alldritt,6N19,2018-2019,6 Nations
Jordan Larmour,6N19,2018-2019,6 Nations
Guilhem Guirado,6N19,2018-2019,6 Nations
James Ryan,6N19,2018-2019,6 Nations
Devin Toner,6N19,2018-2019,6 Nations
Nicky Smith,6N19,2018-2019,6 Nations
Keith Earls,6N19,2018-2019,6 Nations
Chris Ashton,6N19,2018-2019,6 Nations
Alun Wyn Jones,6N19,2018-2019,6 Nations
David Sisi,6N19,2018-2019,6 Nations
Sebastian Negri,6N19,2018-2019,6 Nations
Elliot Dee,6N19,2018-2019,6 Nations
Félix Lambey,6N19,2018-2019,6 Nations
Brad Shields,6N19,2018-2019,6 Nations
Ben Youngs,6N19,2018-2019,6 Nations
Chris Farrell,6N19,2018-2019,6 Nations
Antoine Dupont,6N19,2018-2019,6 Nations
Dave Sisi,6N19,2018-2019,6 Nations
Peter Horne,6N19,2018-2019,6 Nations
Ben Moon,6N19,2018-2019,6 Nations
Mathieu Bastareaud,6N19,2018-2019,6 Nations
Peter O'Mahony,6N19,2018-2019,6 Nations
Garry Ringrose,6N19,2018-2019,6 Nations
Hadleigh Parkes,6N19,2018-2019,6 Nations
Yacouba Camara,6N19,2018-2019,6 Nations
Federico Ruzza,6N19,2018-2019,6 Nations
Sergio Parisse,6N19,2018-2019,6 Nations
Dorian Aldegheri,6N19,2018-2019,6 Nations
Simone Ferrari,6N19,2018-2019,6 Nations
Dan Biggar,6N19,2018-2019,6 Nations
Thomas Ramos,6N19,2018-2019,6 Nations
Gareth Davies,6N19,2018-2019,6 Nations
Josh Adams,6N19,2018-2019,6 Nations
Tomas Francis,6N19,2018-2019,6 Nations
Wyn Jones,6N19,2018-2019,6 Nations
Manu Tuilagi,6N19,2018-2019,6 Nations
Seán O'Brien,6N19,2018-2019,6 Nations
Luke Cowan-Dickie,6N19,2018-2019,6 Nations
Camille Chat,6N19,2018-2019,6 Nations
Paul Gabrillagues,6N19,2018-2019,6 Nations
Henry Slade,6N19,2018-2019,6 Nations
Dan Cole,6N19,2018-2019,6 Nations
Tommaso Castello,6N19,2018-2019,6 Nations
Cory Hill,6N19,2018-2019,6 Nations
Jamie Ritchie,6N19,2018-2019,6 Nations
Harry Williams,6N19,2018-2019,6 Nations
Johnny Sexton,6N19,2018-2019,6 Nations
Maro Itoje,6N19,2018-2019,6 Nations
Edoardo Padovani,6N19,2018-2019,6 Nations
George Ford,6N19,2018-2019,6 Nations
Julien Marchand,6N19,2018-2019,6 Nations
Jayden Hayward,6N19,2018-2019,6 Nations
Ryan Elias,6N19,2018-2019,6 Nations
Leonardo Ghiraldini,6N19,2018-2019,6 Nations
Niall Scannell,6N19,2018-2019,6 Nations
Jonah Holmes,6N19,2018-2019,6 Nations
Iain Henderson,6N19,2018-2019,6 Nations
Arthur Iturria,6N19,2018-2019,6 Nations
Allan Dell,6N19,2018-2019,6 Nations
Robbie Henshaw,6N19,2018-2019,6 Nations
Josh van der Flier,6N19,2018-2019,6 Nations
John Ryan,6N19,2018-2019,6 Nations
Geoffrey Doumayrou,6N19,2018-2019,6 Nations
Paul Willemse,6N19,2018-2019,6 Nations
Gordon Reid,6N19,2018-2019,6 Nations
Maxime Mbanda,6N19,2018-2019,6 Nations
Dean Budd,6N19,2018-2019,6 Nations
CJ Stander,6N19,2018-2019,6 Nations
Ryan Wilson,6N19,2018-2019,6 Nations
Ellis Genge,6N19,2018-2019,6 Nations
Liam Williams,6N19,2018-2019,6 Nations
Justin Tipuric,6N19,2018-2019,6 Nations
Gaël Fickou,6N19,2018-2019,6 Nations
Jamie Bhatti,6N19,2018-2019,6 Nations
Tito Tebaldi,6N19,2018-2019,6 Nations
Jake Kerr,6N19,2018-2019,6 Nations
Maxime Médard,6N19,2018-2019,6 Nations
Louis Picamoles,6N19,2018-2019,6 Nations
Tiziano Pasquali,6N19,2018-2019,6 Nations
Jonathan Davies,6N19,2018-2019,6 Nations
Finn Russell,6N19,2018-2019,6 Nations
Dillon Lewis,6N19,2018-2019,6 Nations
Romain Ntamack,6N19,2018-2019,6 Nations
Ross Moriarty,6N19,2018-2019,6 Nations
Cherif Traorè,6N19,2018-2019,6 Nations
Tommaso Allan,6N19,2018-2019,6 Nations
Aled Davies,6N19,2018-2019,6 Nations
Rob Kearney,6N19,2018-2019,6 Nations
Marco Barbini,6N19,2018-2019,6 Nations
Jacob Stockdale,6N19,2018-2019,6 Nations
Dany Priso,6N19,2018-2019,6 Nations
Thomas Young,6N19,2018-2019,6 Nations
Tadhg Beirne,6N19,2018-2019,6 Nations
Grant Gilchrist,6N19,2018-2019,6 Nations
Greig Laidlaw,6N19,2018-2019,6 Nations
Greg Holmes,RC21,2021-2022,Rugby Championship
Sevu Reece,RC21,2021-2022,Rugby Championship
Domingo Miotti,RC21,2021-2022,Rugby Championship
Len Ikitau,RC21,2021-2022,Rugby Championship
Tomas Lavanini,RC21,2021-2022,Rugby Championship
Facundo Bosch,RC21,2021-2022,Rugby Championship
Akira Ioane,RC21,2021-2022,Rugby Championship
Lukhan Salakaia-Loto,RC21,2021-2022,Rugby Championship
Siya Kolisi,RC21,2021-2022,Rugby Championship
Damian de Allende,RC21,2021-2022,Rugby Championship
Nahuel Tetaz Chaparro,RC21,2021-2022,Rugby Championship
Trevor Nyakane,RC21,2021-2022,Rugby Championship
Santiago Cordero,RC21,2021-2022,Rugby Championship
Marika Koroibete,RC21,2021-2022,Rugby Championship
Brad Weber,RC21,2021-2022,Rugby Championship
Samu Kerevi,RC21,2021-2022,Rugby Championship
Luke Jacobson,RC21,2021-2022,Rugby Championship
Jaden Hendrikse,RC21,2021-2022,Rugby Championship
Santiago Chocobares,RC21,2021-2022,Rugby Championship
Jerónimo de la Fuente,RC21,2021-2022,Rugby Championship
Scott Barrett,RC21,2021-2022,Rugby Championship
Cheslin Kolbe,RC21,2021-2022,Rugby Championship
Francisco Gomez Kodela,RC21,2021-2022,Rugby Championship
Angus Ta'avao,RC21,2021-2022,Rugby Championship
Jordie Barrett,RC21,2021-2022,Rugby Championship
George Bower,RC21,2021-2022,Rugby Championship
Ox Nché,RC21,2021-2022,Rugby Championship
Reece Hodge,RC21,2021-2022,Rugby Championship
Kwagga Smith,RC21,2021-2022,Rugby Championship
Quinn Tupaea,RC21,2021-2022,Rugby Championship
Marvin Orie,RC21,2021-2022,Rugby Championship
Patrick Tuipulotu,RC21,2021-2022,Rugby Championship
Hoskins Sotutu,RC21,2021-2022,Rugby Championship
Julián Montoya,RC21,2021-2022,Rugby Championship
Lood de Jager,RC21,2021-2022,Rugby Championship
Quade Cooper,RC21,2021-2022,Rugby Championship
Joe Moody,RC21,2021-2022,Rugby Championship
Bautista Delguy,RC21,2021-2022,Rugby Championship
Mateo Carreras,RC21,2021-2022,Rugby Championship
Will Jordan,RC21,2021-2022,Rugby Championship
Dan du Preez,RC21,2021-2022,Rugby Championship
Malcolm Marx,RC21,2021-2022,Rugby Championship
François Steyn,RC21,2021-2022,Rugby Championship
George Bridge,RC21,2021-2022,Rugby Championship
Rob Valetini,RC21,2021-2022,Rugby Championship
Andrew Kellaway,RC21,2021-2022,Rugby Championship
Tyrel Lomax,RC21,2021-2022,Rugby Championship
Scott Sio,RC21,2021-2022,Rugby Championship
Cobus Reinach,RC21,2021-2022,Rugby Championship
Asafo Aumua,RC21,2021-2022,Rugby Championship
Herschel Jantjies,RC21,2021-2022,Rugby Championship
Darcy Swain,RC21,2021-2022,Rugby Championship
Rob Leota,RC21,2021-2022,Rugby Championship
Izack Rodda,RC21,2021-2022,Rugby Championship
Damian McKenzie,RC21,2021-2022,Rugby Championship
Santiago Socino,RC21,2021-2022,Rugby Championship
Michael Hooper,RC21,2021-2022,Rugby Championship
Thomas Gallo,RC21,2021-2022,Rugby Championship
Matías Moroni,RC21,2021-2022,Rugby Championship
Angus Bell,RC21,2021-2022,Rugby Championship
Francisco Gorrissen,RC21,2021-2022,Rugby Championship
Aphelele Fassi,RC21,2021-2022,Rugby Championship
Pablo Matera,RC21,2021-2022,Rugby Championship
Frans Malherbe,RC21,2021-2022,Rugby Championship
Tomás Lezana,RC21,2021-2022,Rugby Championship
Tom Banks,RC21,2021-2022,Rugby Championship
Gonzalo García,RC21,2021-2022,Rugby Championship
Tate McDermott,RC21,2021-2022,Rugby Championship
Ignacio Mendy,RC21,2021-2022,Rugby Championship
Anton Lienert-Brown,RC21,2021-2022,Rugby Championship
Pete Samu,RC21,2021-2022,Rugby Championship
Folau Fainga'a,RC21,2021-2022,Rugby Championship
Matias Alemanno,RC21,2021-2022,Rugby Championship
Facundo Isa,RC21,2021-2022,Rugby Championship
Jasper Wiese,RC21,2021-2022,Rugby Championship
Handré Pollard,RC21,2021-2022,Rugby Championship
Braydon Ennor,RC21,2021-2022,Rugby Championship
Joseph Dweba,RC21,2021-2022,Rugby Championship
Nepo Laulala,RC21,2021-2022,Rugby Championship
Tom Wright,RC21,2021-2022,Rugby Championship
Makazole Mapimpi,RC21,2021-2022,Rugby Championship
Marcos Kremer,RC21,2021-2022,Rugby Championship
Tomás Lavanini,RC21,2021-2022,Rugby Championship
Brodie Retallick,RC21,2021-2022,Rugby Championship
Hunter Paisami,RC21,2021-2022,Rugby Championship
Sbu Nkosi,RC21,2021-2022,Rugby Championship
Enrique Pieretto,RC21,2021-2022,Rugby Championship
Nic White,RC21,2021-2022,Rugby Championship
Matt To'omua,RC21,2021-2022,Rugby Championship
Tom Robertson,RC21,2021-2022,Rugby Championship
Jesse Kriel,RC21,2021-2022,Rugby Championship
Jordan Petaia,RC21,2021-2022,Rugby Championship
Beauden Barrett,RC21,2021-2022,Rugby Championship
Ardie Savea,RC21,2021-2022,Rugby Championship
Duane Vermeulen,RC21,2021-2022,Rugby Championship
David Havili,RC21,2021-2022,Rugby Championship
Rieko Ioane,RC21,2021-2022,Rugby Championship
Guido Petti,RC21,2021-2022,Rugby Championship
Matías Alemanno,RC21,2021-2022,Rugby Championship
Joaquín Oviedo,RC21,2021-2022,Rugby Championship
Codie Taylor,RC21,2021-2022,Rugby Championship
Santiago Carreras,RC21,2021-2022,Rugby Championship
Matt Philip,RC21,2021-2022,Rugby Championship
Sebastián Cancelliere,RC21,2021-2022,Rugby Championship
TJ Perenara,RC21,2021-2022,Rugby Championship
Jordan Uelese,RC21,2021-2022,Rugby Championship
Morné Steyn,RC21,2021-2022,Rugby Championship
Bongi Mbonambi,RC21,2021-2022,Rugby Championship
Marco van Staden,RC21,2021-2022,Rugby Championship
Elton Jantjies,RC21,2021-2022,Rugby Championship
Nicolás Sánchez,RC21,2021-2022,Rugby Championship
Juan Cruz Mallía,RC21,2021-2022,Rugby Championship
Karl Tu'inukuafe,RC21,2021-2022,Rugby Championship
Facundo Gigena,RC21,2021-2022,Rugby Championship
Lachlan Lonergan,RC21,2021-2022,Rugby Championship
Richie Mo'unga,RC21,2021-2022,Rugby Championship
Emiliano Boffelli,RC21,2021-2022,Rugby Championship
Felipe Ezcurra,RC21,2021-2022,Rugby Championship
Willie le Roux,RC21,2021-2022,Rugby Championship
Samisoni Taukei'aho,RC21,2021-2022,Rugby Championship
Lachlan Swinton,RC21,2021-2022,Rugby Championship
Carlos Muzzio,RC21,2021-2022,Rugby Championship
Eduardo Bello,RC21,2021-2022,Rugby Championship
Thomas du Toit,RC21,2021-2022,Rugby Championship
Lukhanyo Am,RC21,2021-2022,Rugby Championship
Juan Martín González,RC21,2021-2022,Rugby Championship
Vincent Koch,RC21,2021-2022,Rugby Championship
Harry Wilson,RC21,2021-2022,Rugby Championship
Faf de Klerk,RC21,2021-2022,Rugby Championship
Ofa Tu'ungafasi,RC21,2021-2022,Rugby Championship
Sean McMahon,RC21,2021-2022,Rugby Championship
Nico Janse van Rensburg,RC21,2021-2022,Rugby Championship
Santiago Medrano,RC21,2021-2022,Rugby Championship
Wilco Louw,RC21,2021-2022,Rugby Championship
Noah Lolesio,RC21,2021-2022,Rugby Championship
Frans Steyn,RC21,2021-2022,Rugby Championship
Feleti Kaitu'u,RC21,2021-2022,Rugby Championship
Finlay Christie,RC21,2021-2022,Rugby Championship
Rodrigo Martínez,RC21,2021-2022,Rugby Championship
Ethan Blackadder,RC21,2021-2022,Rugby Championship
Jake Gordon,RC21,2021-2022,Rugby Championship
Allan Alaalatoa,RC21,2021-2022,Rugby Championship
Taniela Tupou,RC21,2021-2022,Rugby Championship
Lucio Cinti,RC21,2021-2022,Rugby Championship
Steven Kitshoff,RC21,2021-2022,Rugby Championship
Sam Whitelock,RC21,2021-2022,Rugby Championship
Eben Etzebeth,RC21,2021-2022,Rugby Championship
Franco Mostert,RC21,2021-2022,Rugby Championship
Gonzalo Bertranou,RC21,2021-2022,Rugby Championship
Brandon Paenga-Amosa,RC21,2021-2022,Rugby Championship
Rodrigo Bruni,RC21,2021-2022,Rugby Championship
Aaron Smith,RC21,2021-2022,Rugby Championship
Dalton Papalii,RC21,2021-2022,Rugby Championship
Damian Willemse,RC21,2021-2022,Rugby Championship
Tupou Vaa'i,RC21,2021-2022,Rugby Championship
James O'Connor,RC21,2021-2022,Rugby Championship
James Slipper,RC21,2021-2022,Rugby Championship
Josua Tuisova,EOY21,2021-2022,End of Year Internationals
Romain Taofifénua,EOY21,2021-2022,End of Year Internationals
Endy Willian,EOY21,2021-2022,End of Year Internationals
Anibal Bonán,EOY21,2021-2022,End of Year Internationals
Sevu Reece,EOY21,2021-2022,End of Year Internationals
Seta Tuicuvu,EOY21,2021-2022,End of Year Internationals
Andrew Porter,EOY21,2021-2022,End of Year Internationals
Ollie Hoskins,EOY21,2021-2022,End of Year Internationals
Davit Niniashvili,EOY21,2021-2022,End of Year Internationals
Corey Thomas,EOY21,2021-2022,End of Year Internationals
Mateo Sanguinetti,EOY21,2021-2022,End of Year Internationals
Rafael Simões,EOY21,2021-2022,End of Year Internationals
Samuel Asati,EOY21,2021-2022,End of Year Internationals
Daniil Potikhanov,EOY21,2021-2022,End of Year Internationals
Akira Ioane,EOY21,2021-2022,End of Year Internationals
Mali Hingano,EOY21,2021-2022,End of Year Internationals
Fotu Lokotui,EOY21,2021-2022,End of Year Internationals
Jamie Blamire,EOY21,2021-2022,End of Year Internationals
Joseph Odero,EOY21,2021-2022,End of Year Internationals
Diogo Ferreira,EOY21,2021-2022,End of Year Internationals
Frédéric De Smet,EOY21,2021-2022,End of Year Internationals
Walter Fifita,EOY21,2021-2022,End of Year Internationals
Santiago Grondona,EOY21,2021-2022,End of Year Internationals
Godfrey Muzanargwo,EOY21,2021-2022,End of Year Internationals
Andres Alvarado,EOY21,2021-2022,End of Year Internationals
Darcy Graham,EOY21,2021-2022,End of Year Internationals
Jack Cornelsen,EOY21,2021-2022,End of Year Internationals
Konstantin Mikautadze,EOY21,2021-2022,End of Year Internationals
Merab Sharikadze,EOY21,2021-2022,End of Year Internationals
Guillermo Pujadas,EOY21,2021-2022,End of Year Internationals
Luke Jacobson,EOY21,2021-2022,End of Year Internationals
José Madeira,EOY21,2021-2022,End of Year Internationals
Damian Stevens,EOY21,2021-2022,End of Year Internationals
Tevita Ratuva,EOY21,2021-2022,End of Year Internationals
Jerónimo de la Fuente,EOY21,2021-2022,End of Year Internationals
Gerhard Opperman,EOY21,2021-2022,End of Year Internationals
Nicolás Freitas,EOY21,2021-2022,End of Year Internationals
Javier Carrasco,EOY21,2021-2022,End of Year Internationals
Nigel Hunt,EOY21,2021-2022,End of Year Internationals
Albert Onele'i,EOY21,2021-2022,End of Year Internationals
Diego Magno,EOY21,2021-2022,End of Year Internationals
Florian Roșu,EOY21,2021-2022,End of Year Internationals
Gastón Mieres,EOY21,2021-2022,End of Year Internationals
Hugo Keenan,EOY21,2021-2022,End of Year Internationals
Iñaki Ayarza,EOY21,2021-2022,End of Year Internationals
Kwagga Smith,EOY21,2021-2022,End of Year Internationals
Sam Matavesi,EOY21,2021-2022,End of Year Internationals
Shalva Mamukashvili,EOY21,2021-2022,End of Year Internationals
Eric dos Santos,EOY21,2021-2022,End of Year Internationals
Sonatane Takulua,EOY21,2021-2022,End of Year Internationals
P. J. van Lill,EOY21,2021-2022,End of Year Internationals
Thomas Okeyo,EOY21,2021-2022,End of Year Internationals
Thibaud Flament,EOY21,2021-2022,End of Year Internationals
Joel Ramírez,EOY21,2021-2022,End of Year Internationals
Igor Zykov,EOY21,2021-2022,End of Year Internationals
Sinoti Sinoti,EOY21,2021-2022,End of Year Internationals
Eroni Sau,EOY21,2021-2022,End of Year Internationals
George Bridge,EOY21,2021-2022,End of Year Internationals
Rob Valetini,EOY21,2021-2022,End of Year Internationals
Darwin Mukidza,EOY21,2021-2022,End of Year Internationals
Asafo Aumua,EOY21,2021-2022,End of Year Internationals
Uini Atonio,EOY21,2021-2022,End of Year Internationals
Leonardo de Souza,EOY21,2021-2022,End of Year Internationals
Michael Leitch,EOY21,2021-2022,End of Year Internationals
Damian McKenzie,EOY21,2021-2022,End of Year Internationals
João Granate,EOY21,2021-2022,End of Year Internationals
Michael Hooper,EOY21,2021-2022,End of Year Internationals
Ellis Jenkins,EOY21,2021-2022,End of Year Internationals
WillGriff John,EOY21,2021-2022,End of Year Internationals
Thomas Gallo,EOY21,2021-2022,End of Year Internationals
George Horne,EOY21,2021-2022,End of Year Internationals
Jonny Hill,EOY21,2021-2022,End of Year Internationals
Tyron Fagan,EOY21,2021-2022,End of Year Internationals
Tomos Williams,EOY21,2021-2022,End of Year Internationals
Beka Gigashvili,EOY21,2021-2022,End of Year Internationals
Blair Kinghorn,EOY21,2021-2022,End of Year Internationals
Giorgi Tsutskiridze,EOY21,2021-2022,End of Year Internationals
Adriaan Booysen,EOY21,2021-2022,End of Year Internationals
André Arruda,EOY21,2021-2022,End of Year Internationals
Latu Latunipulu,EOY21,2021-2022,End of Year Internationals
Foster DeWitt,EOY21,2021-2022,End of Year Internationals
Luca Morisi,EOY21,2021-2022,End of Year Internationals
Kirill Golosnitsky,EOY21,2021-2022,End of Year Internationals
Tate McDermott,EOY21,2021-2022,End of Year Internationals
Anton Lienert-Brown,EOY21,2021-2022,End of Year Internationals
Pete Samu,EOY21,2021-2022,End of Year Internationals
Jamie Hodgson,EOY21,2021-2022,End of Year Internationals
Luca Bigi,EOY21,2021-2022,End of Year Internationals
Leone Nakarawa,EOY21,2021-2022,End of Year Internationals
Tapiwa Tsomondo,EOY21,2021-2022,End of Year Internationals
Alexandre Alves,EOY21,2021-2022,End of Year Internationals
Nick Haining,EOY21,2021-2022,End of Year Internationals
Federico Mori,EOY21,2021-2022,End of Year Internationals
Evgeny Mishechkin,EOY21,2021-2022,End of Year Internationals
Shinnosuke Kakinaga,EOY21,2021-2022,End of Year Internationals
Jordi Jorba,EOY21,2021-2022,End of Year Internationals
Braydon Ennor,EOY21,2021-2022,End of Year Internationals
Tom Wright,EOY21,2021-2022,End of Year Internationals
Nepo Laulala,EOY21,2021-2022,End of Year Internationals
Grégory Alldritt,EOY21,2021-2022,End of Year Internationals
Makazole Mapimpi,EOY21,2021-2022,End of Year Internationals
Alex Gordaș,EOY21,2021-2022,End of Year Internationals
Will Stuart,EOY21,2021-2022,End of Year Internationals
Lasha Khmaladze,EOY21,2021-2022,End of Year Internationals
Nic White,EOY21,2021-2022,End of Year Internationals
Felipe Arcos Perez,EOY21,2021-2022,End of Year Internationals
Vladimir Podrezov,EOY21,2021-2022,End of Year Internationals
Alun Wyn Jones,EOY21,2021-2022,End of Year Internationals
Felipe Cunha,EOY21,2021-2022,End of Year Internationals
Paul Ngauamo,EOY21,2021-2022,End of Year Internationals
Elliot Dee,EOY21,2021-2022,End of Year Internationals
Duane Vermeulen,EOY21,2021-2022,End of Year Internationals
Samuel Opsomer,EOY21,2021-2022,End of Year Internationals
Isileli Nakajima,EOY21,2021-2022,End of Year Internationals
Eugene Sifuna,EOY21,2021-2022,End of Year Internationals
Diogo Hasse Ferreira,EOY21,2021-2022,End of Year Internationals
Alexander Todua,EOY21,2021-2022,End of Year Internationals
Vilimoni Botitu,EOY21,2021-2022,End of Year Internationals
Moses Sorovi,EOY21,2021-2022,End of Year Internationals
Santiago Carreras,EOY21,2021-2022,End of Year Internationals
Matt Philip,EOY21,2021-2022,End of Year Internationals
Duarte Torgal,EOY21,2021-2022,End of Year Internationals
Peter O'Mahony,EOY21,2021-2022,End of Year Internationals
Tala Gray,EOY21,2021-2022,End of Year Internationals
Atsushi Sakate,EOY21,2021-2022,End of Year Internationals
Garry Ringrose,EOY21,2021-2022,End of Year Internationals
Samuel Marques,EOY21,2021-2022,End of Year Internationals
Anthony Alves,EOY21,2021-2022,End of Year Internationals
Salo Tutaia,EOY21,2021-2022,End of Year Internationals
Viktor Pazgrat,EOY21,2021-2022,End of Year Internationals
Sean Beevor,EOY21,2021-2022,End of Year Internationals
Damian Strătilă,EOY21,2021-2022,End of Year Internationals
Vitaly Zhivatov,EOY21,2021-2022,End of Year Internationals
Matthis Lebel,EOY21,2021-2022,End of Year Internationals
Mathew Foulds,EOY21,2021-2022,End of Year Internationals
Matías Dittus,EOY21,2021-2022,End of Year Internationals
Yuri Kushnarev,EOY21,2021-2022,End of Year Internationals
Dan Biggar,EOY21,2021-2022,End of Year Internationals
André Arrojado,EOY21,2021-2022,End of Year Internationals
Jamie-Jerry Taulagi,EOY21,2021-2022,End of Year Internationals
Gareth Davies,EOY21,2021-2022,End of Year Internationals
Lappies Labuschagné,EOY21,2021-2022,End of Year Internationals
Ross Braude,EOY21,2021-2022,End of Year Internationals
Nicolás Sánchez,EOY21,2021-2022,End of Year Internationals
Wyn Jones,EOY21,2021-2022,End of Year Internationals
José Ignacio Larenas,EOY21,2021-2022,End of Year Internationals
Juan Manuel Alonso,EOY21,2021-2022,End of Year Internationals
Guram Gogichashvili,EOY21,2021-2022,End of Year Internationals
Hilton Mudariki,EOY21,2021-2022,End of Year Internationals
Craig Millar,EOY21,2021-2022,End of Year Internationals
Matteo Minozzi,EOY21,2021-2022,End of Year Internationals
Ovidiu Cojocaru,EOY21,2021-2022,End of Year Internationals
Mateo Viñals,EOY21,2021-2022,End of Year Internationals
José Lima,EOY21,2021-2022,End of Year Internationals
Jamie Ritchie,EOY21,2021-2022,End of Year Internationals
Taine Basham,EOY21,2021-2022,End of Year Internationals
Richie Mo'unga,EOY21,2021-2022,End of Year Internationals
Duarte Diniz,EOY21,2021-2022,End of Year Internationals
J. C. Greyling,EOY21,2021-2022,End of Year Internationals
Mesu Kunavula,EOY21,2021-2022,End of Year Internationals
Edoardo Padovani,EOY21,2021-2022,End of Year Internationals
Lukhanyo Am,EOY21,2021-2022,End of Year Internationals
Alex Luatua,EOY21,2021-2022,End of Year Internationals
Peato Mauvaka,EOY21,2021-2022,End of Year Internationals
Luke Crosbie,EOY21,2021-2022,End of Year Internationals
Solomone Kata,EOY21,2021-2022,End of Year Internationals
Raffaele Storti,EOY21,2021-2022,End of Year Internationals
Federico Casteglioni,EOY21,2021-2022,End of Year Internationals
Aisea Halo,EOY21,2021-2022,End of Year Internationals
Kamil Sobota,EOY21,2021-2022,End of Year Internationals
Vasil Lobzhanidze,EOY21,2021-2022,End of Year Internationals
Yusuke Niwai,EOY21,2021-2022,End of Year Internationals
Hugues Bastin,EOY21,2021-2022,End of Year Internationals
Alfonso Escobar,EOY21,2021-2022,End of Year Internationals
Semisi Masirewa,EOY21,2021-2022,End of Year Internationals
Juanjuan Garese,EOY21,2021-2022,End of Year Internationals
Robert Baloucoune,EOY21,2021-2022,End of Year Internationals
Kotaro Matsushima,EOY21,2021-2022,End of Year Internationals
Callum Braley,EOY21,2021-2022,End of Year Internationals
Devon Müller,EOY21,2021-2022,End of Year Internationals
Jamie Bhatti,EOY21,2021-2022,End of Year Internationals
Gaël Fickou,EOY21,2021-2022,End of Year Internationals
Arthur Bergo,EOY21,2021-2022,End of Year Internationals
Taniela Tupou,EOY21,2021-2022,End of Year Internationals
Lucio Cinti,EOY21,2021-2022,End of Year Internationals
John Ulugia,EOY21,2021-2022,End of Year Internationals
Jonathan Davies,EOY21,2021-2022,End of Year Internationals
Dillon Lewis,EOY21,2021-2022,End of Year Internationals
Eben Etzebeth,EOY21,2021-2022,End of Year Internationals
John Kubu,EOY21,2021-2022,End of Year Internationals
Franco Mostert,EOY21,2021-2022,End of Year Internationals
Vincent Tauzia,EOY21,2021-2022,End of Year Internationals
Javier Eissmann,EOY21,2021-2022,End of Year Internationals
Ross Moriarty,EOY21,2021-2022,End of Year Internationals
Alexander Ivanov,EOY21,2021-2022,End of Year Internationals
Izaia Perese,EOY21,2021-2022,End of Year Internationals
George Turner,EOY21,2021-2022,End of Year Internationals
Kainoa Lloyd,EOY21,2021-2022,End of Year Internationals
Caíque Silva,EOY21,2021-2022,End of Year Internationals
Tupou Vaa'i,EOY21,2021-2022,End of Year Internationals
Damian Willemse,EOY21,2021-2022,End of Year Internationals
Brandon Mudzekenyedzi,EOY21,2021-2022,End of Year Internationals
Ignacio Péculo,EOY21,2021-2022,End of Year Internationals
Andrew Quattrin,EOY21,2021-2022,End of Year Internationals
Joan Losada,EOY21,2021-2022,End of Year Internationals
Beka Saghinadze,EOY21,2021-2022,End of Year Internationals
Maximilien Hendrickx,EOY21,2021-2022,End of Year Internationals
Rodrigo Marta,EOY21,2021-2022,End of Year Internationals
Vaea Vaea,EOY21,2021-2022,End of Year Internationals
Len Ikitau,EOY21,2021-2022,End of Year Internationals
Zander Fagerson,EOY21,2021-2022,End of Year Internationals
Lucas Rumball,EOY21,2021-2022,End of Year Internationals
Cyril Baille,EOY21,2021-2022,End of Year Internationals
Trevor Davison,EOY21,2021-2022,End of Year Internationals
Facundo Bosch,EOY21,2021-2022,End of Year Internationals
Giovanni Licata,EOY21,2021-2022,End of Year Internationals
Will Rowlands,EOY21,2021-2022,End of Year Internationals
Franco Lamanna,EOY21,2021-2022,End of Year Internationals
Damian de Allende,EOY21,2021-2022,End of Year Internationals
Daniel Plai,EOY21,2021-2022,End of Year Internationals
Santiago Cordero,EOY21,2021-2022,End of Year Internationals
Bautista Güemes,EOY21,2021-2022,End of Year Internationals
Koo Ji-won,EOY21,2021-2022,End of Year Internationals
Tyler Rowland,EOY21,2021-2022,End of Year Internationals
Tornike Jalaghonia,EOY21,2021-2022,End of Year Internationals
George Saungweme,EOY21,2021-2022,End of Year Internationals
Faulua Makisi,EOY21,2021-2022,End of Year Internationals
Aminiasi Tuimaba,EOY21,2021-2022,End of Year Internationals
Gianmarco Lucchesi,EOY21,2021-2022,End of Year Internationals
Daniel Faleafa,EOY21,2021-2022,End of Year Internationals
Brian Juma,EOY21,2021-2022,End of Year Internationals
Joe Tekori,EOY21,2021-2022,End of Year Internationals
Thomas Wallraf,EOY21,2021-2022,End of Year Internationals
Joe Marler,EOY21,2021-2022,End of Year Internationals
Sam Simmonds,EOY21,2021-2022,End of Year Internationals
Viliame Mata,EOY21,2021-2022,End of Year Internationals
Ethan de Groot,EOY21,2021-2022,End of Year Internationals
Tomás Appleton,EOY21,2021-2022,End of Year Internationals
Tomás Inciarte,EOY21,2021-2022,End of Year Internationals
Sam Johnson,EOY21,2021-2022,End of Year Internationals
Ox Nché,EOY21,2021-2022,End of Year Internationals
Agustín Ormaechea,EOY21,2021-2022,End of Year Internationals
Vlăduț Popa,EOY21,2021-2022,End of Year Internationals
Thibault de Freitas,EOY21,2021-2022,End of Year Internationals
Valentino Mapapalangi,EOY21,2021-2022,End of Year Internationals
Hamish Watson,EOY21,2021-2022,End of Year Internationals
Warner Dearns,EOY21,2021-2022,End of Year Internationals
Hoskins Sotutu,EOY21,2021-2022,End of Year Internationals
Quade Cooper,EOY21,2021-2022,End of Year Internationals
Matías Benítez,EOY21,2021-2022,End of Year Internationals
Charles Reynaert,EOY21,2021-2022,End of Year Internationals
Ionuț Dumitru,EOY21,2021-2022,End of Year Internationals
Eric Dosantos,EOY21,2021-2022,End of Year Internationals
Lucas Abud,EOY21,2021-2022,End of Year Internationals
Andrew Conway,EOY21,2021-2022,End of Year Internationals
Senio Toleafoa,EOY21,2021-2022,End of Year Internationals
Jonny May,EOY21,2021-2022,End of Year Internationals
Michael Abrahams,EOY21,2021-2022,End of Year Internationals
Ali Price,EOY21,2021-2022,End of Year Internationals
Nicolas Onuțu,EOY21,2021-2022,End of Year Internationals
Will Jordan,EOY21,2021-2022,End of Year Internationals
Sam Underhill,EOY21,2021-2022,End of Year Internationals
Manuel Cardoso Pinto,EOY21,2021-2022,End of Year Internationals
Malcolm Marx,EOY21,2021-2022,End of Year Internationals
François Steyn,EOY21,2021-2022,End of Year Internationals
Facundo Domínguez,EOY21,2021-2022,End of Year Internationals
Cian Healy,EOY21,2021-2022,End of Year Internationals
Jason Benade,EOY21,2021-2022,End of Year Internationals
Navarre Haisila,EOY21,2021-2022,End of Year Internationals
Angus Bell,EOY21,2021-2022,End of Year Internationals
Matías Moroni,EOY21,2021-2022,End of Year Internationals
Pablo Matera,EOY21,2021-2022,End of Year Internationals
Robbie Povey,EOY21,2021-2022,End of Year Internationals
Rhys Priestland,EOY21,2021-2022,End of Year Internationals
Leon Fukofuka,EOY21,2021-2022,End of Year Internationals
Aviata Silago,EOY21,2021-2022,End of Year Internationals
Jiuta Wainiqolo,EOY21,2021-2022,End of Year Internationals
Demur Tapladze,EOY21,2021-2022,End of Year Internationals
Raimundo Martínez,EOY21,2021-2022,End of Year Internationals
Bradley Roberts,EOY21,2021-2022,End of Year Internationals
Setefano Funaki,EOY21,2021-2022,End of Year Internationals
Malcolm Onsando,EOY21,2021-2022,End of Year Internationals
Gleb Farkov,EOY21,2021-2022,End of Year Internationals
Florin Bărdașu,EOY21,2021-2022,End of Year Internationals
J. W. Bell,EOY21,2021-2022,End of Year Internationals
Mason Flesch,EOY21,2021-2022,End of Year Internationals
Michael Alaalatoa,EOY21,2021-2022,End of Year Internationals
Nicolás Herreros,EOY21,2021-2022,End of Year Internationals
James Lowe,EOY21,2021-2022,End of Year Internationals
Sam Skinner,EOY21,2021-2022,End of Year Internationals
Stephen Varney,EOY21,2021-2022,End of Year Internationals
Marco Zanon,EOY21,2021-2022,End of Year Internationals
Kurtley Beale,EOY21,2021-2022,End of Year Internationals
Cléber Dias,EOY21,2021-2022,End of Year Internationals
Pedro Bettencourt,EOY21,2021-2022,End of Year Internationals
Douglas Rauth,EOY21,2021-2022,End of Year Internationals
Jerónimo Portela,EOY21,2021-2022,End of Year Internationals
Aiden Burnett,EOY21,2021-2022,End of Year Internationals
Deanne Makonit,EOY21,2021-2022,End of Year Internationals
Siua Maile,EOY21,2021-2022,End of Year Internationals
Jacob Ojee,EOY21,2021-2022,End of Year Internationals
Maxime Lucu,EOY21,2021-2022,End of Year Internationals
Tom Cocqu,EOY21,2021-2022,End of Year Internationals
David Sisi,EOY21,2021-2022,End of Year Internationals
Ardie Savea,EOY21,2021-2022,End of Year Internationals
Royal Mwale,EOY21,2021-2022,End of Year Internationals
David Havili,EOY21,2021-2022,End of Year Internationals
Florin Surugiu,EOY21,2021-2022,End of Year Internationals
Vittorio Lastra,EOY21,2021-2022,End of Year Internationals
Nick Tompkins,EOY21,2021-2022,End of Year Internationals
Ben Youngs,EOY21,2021-2022,End of Year Internationals
Jason Tomane,EOY21,2021-2022,End of Year Internationals
Tomás Cubelli,EOY21,2021-2022,End of Year Internationals
Diego Arbelo,EOY21,2021-2022,End of Year Internationals
Owen Lane,EOY21,2021-2022,End of Year Internationals
Seb Davies,EOY21,2021-2022,End of Year Internationals
Pedro Lucas,EOY21,2021-2022,End of Year Internationals
James Moore,EOY21,2021-2022,End of Year Internationals
Federico Ruzza,EOY21,2021-2022,End of Year Internationals
Kieran Hardy,EOY21,2021-2022,End of Year Internationals
Loni Uhila,EOY21,2021-2022,End of Year Internationals
Pierre Schoeman,EOY21,2021-2022,End of Year Internationals
Guillaume Mortier,EOY21,2021-2022,End of Year Internationals
Salvador Lues,EOY21,2021-2022,End of Year Internationals
Beka Gorgadze,EOY21,2021-2022,End of Year Internationals
Rodrigo Fernández,EOY21,2021-2022,End of Year Internationals
Pietro Ceccarelli,EOY21,2021-2022,End of Year Internationals
c,EOY21,2021-2022,End of Year Internationals
Alex Mitchell,EOY21,2021-2022,End of Year Internationals
Basile Van Parys,EOY21,2021-2022,End of Year Internationals
Henrique Ferreira,EOY21,2021-2022,End of Year Internationals
Tudor Butnariu,EOY21,2021-2022,End of Year Internationals
Brock Webster,EOY21,2021-2022,End of Year Internationals
Ben Volavola,EOY21,2021-2022,End of Year Internationals
Robert Tenório,EOY21,2021-2022,End of Year Internationals
Emiliano Boffelli,EOY21,2021-2022,End of Year Internationals
Luke Tagi,EOY21,2021-2022,End of Year Internationals
Michael Smith,EOY21,2021-2022,End of Year Internationals
Keita Inagaki,EOY21,2021-2022,End of Year Internationals
Mikheil Alania,EOY21,2021-2022,End of Year Internationals
Marco Fuser,EOY21,2021-2022,End of Year Internationals
Marcus Smith,EOY21,2021-2022,End of Year Internationals
Nick Timoney,EOY21,2021-2022,End of Year Internationals
Nuno Sousa Guedes,EOY21,2021-2022,End of Year Internationals
João Belo,EOY21,2021-2022,End of Year Internationals
Iliesa Ratuva Tavuyara,EOY21,2021-2022,End of Year Internationals
Patrick Ouko,EOY21,2021-2022,End of Year Internationals
Abraham Papali'i,EOY21,2021-2022,End of Year Internationals
Adrian Moțoc,EOY21,2021-2022,End of Year Internationals
Jean-Baptiste Gros,EOY21,2021-2022,End of Year Internationals
Lee-Roy Atalifo,EOY21,2021-2022,End of Year Internationals
Mikaele Tapili,EOY21,2021-2022,End of Year Internationals
Dane Coles,EOY21,2021-2022,End of Year Internationals
George Nyambua,EOY21,2021-2022,End of Year Internationals
Robbie Henshaw,EOY21,2021-2022,End of Year Internationals
Toon Deceuninck,EOY21,2021-2022,End of Year Internationals
Shogo Nakano,EOY21,2021-2022,End of Year Internationals
Johannes van Heerden,EOY21,2021-2022,End of Year Internationals
Siaki Vikilani,EOY21,2021-2022,End of Year Internationals
Richard Stewart,EOY21,2021-2022,End of Year Internationals
Paul Willemse,EOY21,2021-2022,End of Year Internationals
Dan Sheehan,EOY21,2021-2022,End of Year Internationals
Renato Giammarioli,EOY21,2021-2022,End of Year Internationals
Santiago Civetta,EOY21,2021-2022,End of Year Internationals
Jens Torfs,EOY21,2021-2022,End of Year Internationals
Noah Lolesio,EOY21,2021-2022,End of Year Internationals
Siosaia Fifita,EOY21,2021-2022,End of Year Internationals
Naoto Saito,EOY21,2021-2022,End of Year Internationals
Jamison Gibson-Park,EOY21,2021-2022,End of Year Internationals
Riaan O'Neill,EOY21,2021-2022,End of Year Internationals
Dundlee White-Sharpley,EOY21,2021-2022,End of Year Internationals
Manuel Leindekar,EOY21,2021-2022,End of Year Internationals
Alexei Skobiola,EOY21,2021-2022,End of Year Internationals
Marius Antonescu,EOY21,2021-2022,End of Year Internationals
Ellis Genge,EOY21,2021-2022,End of Year Internationals
Gaëtan Barlot,EOY21,2021-2022,End of Year Internationals
Alessandro Fusco,EOY21,2021-2022,End of Year Internationals
Loïc Bournonville,EOY21,2021-2022,End of Year Internationals
Gabriel Quirino,EOY21,2021-2022,End of Year Internationals
Tonderai Chiwambutsa,EOY21,2021-2022,End of Year Internationals
Joshua Chisanga,EOY21,2021-2022,End of Year Internationals
Cliven Loubser,EOY21,2021-2022,End of Year Internationals
Jamie Dobie,EOY21,2021-2022,End of Year Internationals
Paul Alo-Emile,EOY21,2021-2022,End of Year Internationals
De Wet van Niekerk,EOY21,2021-2022,End of Year Internationals
Vasile Bălan,EOY21,2021-2022,End of Year Internationals
Aaron Smith,EOY21,2021-2022,End of Year Internationals
Baltazar Amaya,EOY21,2021-2022,End of Year Internationals
Ben Tameifuna,EOY21,2021-2022,End of Year Internationals
James Faiva,EOY21,2021-2022,End of Year Internationals
Ben LeSage,EOY21,2021-2022,End of Year Internationals
Marius Iftimiciuc,EOY21,2021-2022,End of Year Internationals
Rufus McLean,EOY21,2021-2022,End of Year Internationals
Dorin Tică,EOY21,2021-2022,End of Year Internationals
Taiso Silafai Leaana,EOY21,2021-2022,End of Year Internationals
Iñaki Gurruchaga,EOY21,2021-2022,End of Year Internationals
Felipe Arcos Pérez,EOY21,2021-2022,End of Year Internationals
Takudzwa Chieza,EOY21,2021-2022,End of Year Internationals
Tedo Abzhandadze,EOY21,2021-2022,End of Year Internationals
Aka Tabutsadze,EOY21,2021-2022,End of Year Internationals
Francisco Gómez Kodela,EOY21,2021-2022,End of Year Internationals
Alberto Blanco,EOY21,2021-2022,End of Year Internationals
Louis van der Westhuizen,EOY21,2021-2022,End of Year Internationals
Giorgi Chkoidze,EOY21,2021-2022,End of Year Internationals
Lasha Jaiani,EOY21,2021-2022,End of Year Internationals
Dylan Riley,EOY21,2021-2022,End of Year Internationals
Kyle Sinckler,EOY21,2021-2022,End of Year Internationals
Trevor Nyakane,EOY21,2021-2022,End of Year Internationals
Demba Bamba,EOY21,2021-2022,End of Year Internationals
Giorgi Kveseladze,EOY21,2021-2022,End of Year Internationals
Ephraim Oduor,EOY21,2021-2022,End of Year Internationals
Jamie George,EOY21,2021-2022,End of Year Internationals
Duhan van der Merwe,EOY21,2021-2022,End of Year Internationals
Jethro Felemi,EOY21,2021-2022,End of Year Internationals
Patrick Oyugi,EOY21,2021-2022,End of Year Internationals
Brian Wahinya,EOY21,2021-2022,End of Year Internationals
Facundo Cordero,EOY21,2021-2022,End of Year Internationals
Jerry Davoibaravi,EOY21,2021-2022,End of Year Internationals
Willis Halaholo,EOY21,2021-2022,End of Year Internationals
Caelan Doris,EOY21,2021-2022,End of Year Internationals
Paul Popoaia,EOY21,2021-2022,End of Year Internationals
Lucas Paulos,EOY21,2021-2022,End of Year Internationals
Chemigan Beukes,EOY21,2021-2022,End of Year Internationals
Alexandru Alexe,EOY21,2021-2022,End of Year Internationals
Tom O'Toole,EOY21,2021-2022,End of Year Internationals
Jordie Barrett,EOY21,2021-2022,End of Year Internationals
George Bower,EOY21,2021-2022,End of Year Internationals
Sione Vailanu,EOY21,2021-2022,End of Year Internationals
Tolu Latu,EOY21,2021-2022,End of Year Internationals
Elijah Niko,EOY21,2021-2022,End of Year Internationals
Diego Escobar,EOY21,2021-2022,End of Year Internationals
Godwin Mangenje,EOY21,2021-2022,End of Year Internationals
Reece Hodge,EOY21,2021-2022,End of Year Internationals
Santiago Pedrero,EOY21,2021-2022,End of Year Internationals
Gabin Villière,EOY21,2021-2022,End of Year Internationals
Ope Peleseuma,EOY21,2021-2022,End of Year Internationals
Cameron Woki,EOY21,2021-2022,End of Year Internationals
Gabriel Paganini,EOY21,2021-2022,End of Year Internationals
Pedro Henrique,EOY21,2021-2022,End of Year Internationals
Bundee Aki,EOY21,2021-2022,End of Year Internationals
Matheus Rocha,EOY21,2021-2022,End of Year Internationals
Domingo Saavedra,EOY21,2021-2022,End of Year Internationals
Chris Harris,EOY21,2021-2022,End of Year Internationals
Joe Moody,EOY21,2021-2022,End of Year Internationals
Ivan Chepraga,EOY21,2021-2022,End of Year Internationals
Temo Mayanavanua,EOY21,2021-2022,End of Year Internationals
Théo Entraygues,EOY21,2021-2022,End of Year Internationals
Santiago Ovejero,EOY21,2021-2022,End of Year Internationals
Monty Ioane,EOY21,2021-2022,End of Year Internationals
Vincent Onyala,EOY21,2021-2022,End of Year Internationals
Henrique Olivier,EOY21,2021-2022,End of Year Internationals
Robert Neagu,EOY21,2021-2022,End of Year Internationals
Andrew Kellaway,EOY21,2021-2022,End of Year Internationals
Francisco Bruno,EOY21,2021-2022,End of Year Internationals
Dylan Richardson,EOY21,2021-2022,End of Year Internationals
Alexandre Raynier,EOY21,2021-2022,End of Year Internationals
Herschel Jantjies,EOY21,2021-2022,End of Year Internationals
Finlay Bealham,EOY21,2021-2022,End of Year Internationals
Shannon Frizell,EOY21,2021-2022,End of Year Internationals
Izack Rodda,EOY21,2021-2022,End of Year Internationals
Masivesi Dakuwaqa,EOY21,2021-2022,End of Year Internationals
Courtney Lawes,EOY21,2021-2022,End of Year Internationals
Viktor Telnov,EOY21,2021-2022,End of Year Internationals
Max Malins,EOY21,2021-2022,End of Year Internationals
Lucas Tranquez,EOY21,2021-2022,End of Year Internationals
George Furbank,EOY21,2021-2022,End of Year Internationals
Augusto Böhme,EOY21,2021-2022,End of Year Internationals
Luka Japaridze,EOY21,2021-2022,End of Year Internationals
Johann Tromp,EOY21,2021-2022,End of Year Internationals
Rob Harley,EOY21,2021-2022,End of Year Internationals
Kirby Myhill,EOY21,2021-2022,End of Year Internationals
Andrei Karzanov,EOY21,2021-2022,End of Year Internationals
Joey Carbery,EOY21,2021-2022,End of Year Internationals
Fernando López,EOY21,2021-2022,End of Year Internationals
Sam Cane,EOY21,2021-2022,End of Year Internationals
Juan Manuel Tafernaberry,EOY21,2021-2022,End of Year Internationals
Lorenzo Louis,EOY21,2021-2022,End of Year Internationals
Adam Hastings,EOY21,2021-2022,End of Year Internationals
Konstantin Uzunov,EOY21,2021-2022,End of Year Internationals
Facundo Isa,EOY21,2021-2022,End of Year Internationals
Ben Gunter,EOY21,2021-2022,End of Year Internationals
Tadhg Furlong,EOY21,2021-2022,End of Year Internationals
Elkeans Musonye,EOY21,2021-2022,End of Year Internationals
Cristi Chirică,EOY21,2021-2022,End of Year Internationals
Khetag Dzobelov,EOY21,2021-2022,End of Year Internationals
Matias Remue,EOY21,2021-2022,End of Year Internationals
Niccolò Cannone,EOY21,2021-2022,End of Year Internationals
Alexei Golov,EOY21,2021-2022,End of Year Internationals
Augusto Sarmiento,EOY21,2021-2022,End of Year Internationals
Api Ratuniyarawa,EOY21,2021-2022,End of Year Internationals
Matt Fagerson,EOY21,2021-2022,End of Year Internationals
Tomás Lavanini,EOY21,2021-2022,End of Year Internationals
Biselele Tshamala,EOY21,2021-2022,End of Year Internationals
Josh Larsen,EOY21,2021-2022,End of Year Internationals
Brodie Retallick,EOY21,2021-2022,End of Year Internationals
Hunter Paisami,EOY21,2021-2022,End of Year Internationals
Lalakai Foketi,EOY21,2021-2022,End of Year Internationals
Jordan Petaia,EOY21,2021-2022,End of Year Internationals
Jesse Kriel,EOY21,2021-2022,End of Year Internationals
Beauden Barrett,EOY21,2021-2022,End of Year Internationals
Kirill Panarin,EOY21,2021-2022,End of Year Internationals
Lockie Kratz,EOY21,2021-2022,End of Year Internationals
Francisco Fernandes,EOY21,2021-2022,End of Year Internationals
Gareth Thomas,EOY21,2021-2022,End of Year Internationals
Guido Petti,EOY21,2021-2022,End of Year Internationals
Lomano Lemeki,EOY21,2021-2022,End of Year Internationals
Alexander Ilin,EOY21,2021-2022,End of Year Internationals
Andrés Vilaseca,EOY21,2021-2022,End of Year Internationals
Kazuki Himeno,EOY21,2021-2022,End of Year Internationals
Lucas Spago,EOY21,2021-2022,End of Year Internationals
Mesake Doge,EOY21,2021-2022,End of Year Internationals
Zuriel Togiatama,EOY21,2021-2022,End of Year Internationals
Kauã Guimarães,EOY21,2021-2022,End of Year Internationals
Pavel Kirillov,EOY21,2021-2022,End of Year Internationals
Renaldo Bothma,EOY21,2021-2022,End of Year Internationals
Hinckley Vaovasa,EOY21,2021-2022,End of Year Internationals
Giovanni Pettinelli,EOY21,2021-2022,End of Year Internationals
Charlesty Berguet,EOY21,2021-2022,End of Year Internationals
Ian Dumez,EOY21,2021-2022,End of Year Internationals
Michele Lamaro,EOY21,2021-2022,End of Year Internationals
Manuel Diana,EOY21,2021-2022,End of Year Internationals
Valery Morozov,EOY21,2021-2022,End of Year Internationals
Kyle Baillie,EOY21,2021-2022,End of Year Internationals
Eneriko Buliruarua,EOY21,2021-2022,End of Year Internationals
Ben Nee-Nee,EOY21,2021-2022,End of Year Internationals
Elton Jantjies,EOY21,2021-2022,End of Year Internationals
Eric Howard,EOY21,2021-2022,End of Year Internationals
Johnny Williams,EOY21,2021-2022,End of Year Internationals
Josh Bayliss,EOY21,2021-2022,End of Year Internationals
Manu Tuilagi,EOY21,2021-2022,End of Year Internationals
Bevan Rodd,EOY21,2021-2022,End of Year Internationals
Manuel Ardao,EOY21,2021-2022,End of Year Internationals
Manuel Picão,EOY21,2021-2022,End of Year Internationals
Alex Cuthbert,EOY21,2021-2022,End of Year Internationals
Alex Dombrandt,EOY21,2021-2022,End of Year Internationals
Andrew Siminyu,EOY21,2021-2022,End of Year Internationals
Henri Dequenne,EOY21,2021-2022,End of Year Internationals
Mikheil Nariashvili,EOY21,2021-2022,End of Year Internationals
Andrew Matoka,EOY21,2021-2022,End of Year Internationals
Matías Garafulic,EOY21,2021-2022,End of Year Internationals
Ignacio Brex,EOY21,2021-2022,End of Year Internationals
Ryohei Yamanaka,EOY21,2021-2022,End of Year Internationals
Maro Itoje,EOY21,2021-2022,End of Year Internationals
Willie le Roux,EOY21,2021-2022,End of Year Internationals
Julien Marchand,EOY21,2021-2022,End of Year Internationals
Quinn Ngawati,EOY21,2021-2022,End of Year Internationals
Lachlan Swinton,EOY21,2021-2022,End of Year Internationals
Anthony Jelonch,EOY21,2021-2022,End of Year Internationals
Sione Tuipulotu,EOY21,2021-2022,End of Year Internationals
Yoshitaka Tokunaga,EOY21,2021-2022,End of Year Internationals
Juan Martín González,EOY21,2021-2022,End of Year Internationals
Thomas Orchard,EOY21,2021-2022,End of Year Internationals
Vincent Koch,EOY21,2021-2022,End of Year Internationals
Iain Henderson,EOY21,2021-2022,End of Year Internationals
Javan Sebastian,EOY21,2021-2022,End of Year Internationals
Kurt Morath,EOY21,2021-2022,End of Year Internationals
Connal McInerney,EOY21,2021-2022,End of Year Internationals
Yutaka Nagare,EOY21,2021-2022,End of Year Internationals
David Richard,EOY21,2021-2022,End of Year Internationals
Filipo Daugunu,EOY21,2021-2022,End of Year Internationals
Louis Rees-Zammit,EOY21,2021-2022,End of Year Internationals
Rodrigo Silva,EOY21,2021-2022,End of Year Internationals
Steve Sakari,EOY21,2021-2022,End of Year Internationals
Josh Lord,EOY21,2021-2022,End of Year Internationals
Finlay Christie,EOY21,2021-2022,End of Year Internationals
Rodrigo Martínez,EOY21,2021-2022,End of Year Internationals
Henry Spring,EOY21,2021-2022,End of Year Internationals
Constantin Pristăviță,EOY21,2021-2022,End of Year Internationals
Ryoto Nakamura,EOY21,2021-2022,End of Year Internationals
Mateaki Kafatolu,EOY21,2021-2022,End of Year Internationals
Tanginoa Halaifonua,EOY21,2021-2022,End of Year Internationals
Steven Kitshoff,EOY21,2021-2022,End of Year Internationals
Sam Whitelock,EOY21,2021-2022,End of Year Internationals
Ivan Nemer,EOY21,2021-2022,End of Year Internationals
Romain Ntamack,EOY21,2021-2022,End of Year Internationals
Denis Semikov,EOY21,2021-2022,End of Year Internationals
Joe Marchant,EOY21,2021-2022,End of Year Internationals
Gonzalo Bertranou,EOY21,2021-2022,End of Year Internationals
Cherif Traorè,EOY21,2021-2022,End of Year Internationals
Spencer Jones,EOY21,2021-2022,End of Year Internationals
Daniel Lima,EOY21,2021-2022,End of Year Internationals
James O'Connor,EOY21,2021-2022,End of Year Internationals
Dalton Papalii,EOY21,2021-2022,End of Year Internationals
Janco Venter,EOY21,2021-2022,End of Year Internationals
David Lolohea,EOY21,2021-2022,End of Year Internationals
Tadhg Beirne,EOY21,2021-2022,End of Year Internationals
Giorgi Melikidze,EOY21,2021-2022,End of Year Internationals
Thomas Young,EOY21,2021-2022,End of Year Internationals
Andrei Toader,EOY21,2021-2022,End of Year Internationals
Grant Gilchrist,EOY21,2021-2022,End of Year Internationals
Stepan Khokhlov,EOY21,2021-2022,End of Year Internationals
Robson Morais,EOY21,2021-2022,End of Year Internationals
Aki Seiuli,EOY21,2021-2022,End of Year Internationals
David Costa,EOY21,2021-2022,End of Year Internationals
Johnny McNicholl,EOY21,2021-2022,End of Year Internationals
Siegfried Fisiihoi,EOY21,2021-2022,End of Year Internationals
Christ Tshiunza,EOY21,2021-2022,End of Year Internationals
Danilo Fischetti,EOY21,2021-2022,End of Year Internationals
Onehunga Havili,EOY21,2021-2022,End of Year Internationals
Samwel Asati,EOY21,2021-2022,End of Year Internationals
Jonathan Danty,EOY21,2021-2022,End of Year Internationals
Tom Curry,EOY21,2021-2022,End of Year Internationals
Braam Steyn,EOY21,2021-2022,End of Year Internationals
Peni Ravai,EOY21,2021-2022,End of Year Internationals
Brian Tanga,EOY21,2021-2022,End of Year Internationals
Ben Carter,EOY21,2021-2022,End of Year Internationals
Hugo Ruelle,EOY21,2021-2022,End of Year Internationals
Basile Poupaert,EOY21,2021-2022,End of Year Internationals
Nicolás Garafulic,EOY21,2021-2022,End of Year Internationals
Conor Keys,EOY21,2021-2022,End of Year Internationals
François Cros,EOY21,2021-2022,End of Year Internationals
Djustice Sears-Duru,EOY21,2021-2022,End of Year Internationals
Juan Echeverría,EOY21,2021-2022,End of Year Internationals
Siya Kolisi,EOY21,2021-2022,End of Year Internationals
Tomás Dussaillant,EOY21,2021-2022,End of Year Internationals
AJ Alatimu,EOY21,2021-2022,End of Year Internationals
Rónan Kelleher,EOY21,2021-2022,End of Year Internationals
Will Skelton,EOY21,2021-2022,End of Year Internationals
Martin Mangongo,EOY21,2021-2022,End of Year Internationals
Sekou Macalou,EOY21,2021-2022,End of Year Internationals
Jason Higgins,EOY21,2021-2022,End of Year Internationals
Hame Faiva,EOY21,2021-2022,End of Year Internationals
Jack Conan,EOY21,2021-2022,End of Year Internationals
Frank Lomani,EOY21,2021-2022,End of Year Internationals
Brad Weber,EOY21,2021-2022,End of Year Internationals
Aranos Coetzee,EOY21,2021-2022,End of Year Internationals
David Wallis,EOY21,2021-2022,End of Year Internationals
Ewan Ashman,EOY21,2021-2022,End of Year Internationals
Kyle Steyn,EOY21,2021-2022,End of Year Internationals
Yu Tamura,EOY21,2021-2022,End of Year Internationals
Rikiya Matsuda,EOY21,2021-2022,End of Year Internationals
Mohamed Haouas,EOY21,2021-2022,End of Year Internationals
Charlie Ewels,EOY21,2021-2022,End of Year Internationals
Cole Keith,EOY21,2021-2022,End of Year Internationals
Ignacio Calles,EOY21,2021-2022,End of Year Internationals
Marshall Sykes,EOY21,2021-2022,End of Year Internationals
Ben Thomas,EOY21,2021-2022,End of Year Internationals
Telusa Veainu,EOY21,2021-2022,End of Year Internationals
Quinn Tupaea,EOY21,2021-2022,End of Year Internationals
Costel Burțilă,EOY21,2021-2022,End of Year Internationals
Federico Favaro,EOY21,2021-2022,End of Year Internationals
Raffi Quirke,EOY21,2021-2022,End of Year Internationals
Max Katjijeko,EOY21,2021-2022,End of Year Internationals
Julián Montoya,EOY21,2021-2022,End of Year Internationals
Harry Byrne,EOY21,2021-2022,End of Year Internationals
Lood de Jager,EOY21,2021-2022,End of Year Internationals
Facundo Munilla,EOY21,2021-2022,End of Year Internationals
Freddie Steward,EOY21,2021-2022,End of Year Internationals
Atu Manu,EOY21,2021-2022,End of Year Internationals
Maʻafu Fia,EOY21,2021-2022,End of Year Internationals
Bautista Delguy,EOY21,2021-2022,End of Year Internationals
Mateo Carreras,EOY21,2021-2022,End of Year Internationals
Stuart Hogg,EOY21,2021-2022,End of Year Internationals
Ryan Godsmark,EOY21,2021-2022,End of Year Internationals
German Silenko,EOY21,2021-2022,End of Year Internationals
Anton Drozdov,EOY21,2021-2022,End of Year Internationals
Matthieu Jalibert,EOY21,2021-2022,End of Year Internationals
Tyrel Lomax,EOY21,2021-2022,End of Year Internationals
Melvyn Jaminet,EOY21,2021-2022,End of Year Internationals
Rob Leota,EOY21,2021-2022,End of Year Internationals
Nikola Matawalu,EOY21,2021-2022,End of Year Internationals
Cobus Reinach,EOY21,2021-2022,End of Year Internationals
Darcy Swain,EOY21,2021-2022,End of Year Internationals
Tudor Boldor,EOY21,2021-2022,End of Year Internationals
Jordon Coombes,EOY21,2021-2022,End of Year Internationals
Kaito Shigeno,EOY21,2021-2022,End of Year Internationals
Anton Sychev,EOY21,2021-2022,End of Year Internationals
Jake Ilnicki,EOY21,2021-2022,End of Year Internationals
Owen Farrell,EOY21,2021-2022,End of Year Internationals
Aaron Wainwright,EOY21,2021-2022,End of Year Internationals
Viliami Fine,EOY21,2021-2022,End of Year Internationals
Gareth Anscombe,EOY21,2021-2022,End of Year Internationals
Alexandru Bucur,EOY21,2021-2022,End of Year Internationals
Cristi Boboc,EOY21,2021-2022,End of Year Internationals
Herschell van Wyk,EOY21,2021-2022,End of Year Internationals
Folau Fainga'a,EOY21,2021-2022,End of Year Internationals
Conor Murray,EOY21,2021-2022,End of Year Internationals
Eroni Mawi,EOY21,2021-2022,End of Year Internationals
Nic Dolly,EOY21,2021-2022,End of Year Internationals
Timothy Lafaele,EOY21,2021-2022,End of Year Internationals
Leva Fifita,EOY21,2021-2022,End of Year Internationals
Afusipa Taumoepeau,EOY21,2021-2022,End of Year Internationals
Damian Penaud,EOY21,2021-2022,End of Year Internationals
Felipe Aliaga,EOY21,2021-2022,End of Year Internationals
Stuart McInally,EOY21,2021-2022,End of Year Internationals
Jasper Wiese,EOY21,2021-2022,End of Year Internationals
Johan Deysel,EOY21,2021-2022,End of Year Internationals
Pablo Casas,EOY21,2021-2022,End of Year Internationals
Marius Simionescu,EOY21,2021-2022,End of Year Internationals
Handré Pollard,EOY21,2021-2022,End of Year Internationals
Adam Beard,EOY21,2021-2022,End of Year Internationals
Pablo Miejimolle,EOY21,2021-2022,End of Year Internationals
Ionel Melinte,EOY21,2021-2022,End of Year Internationals
Craig Casey,EOY21,2021-2022,End of Year Internationals
Nodar Tcheishvili,EOY21,2021-2022,End of Year Internationals
Marcos Kremer,EOY21,2021-2022,End of Year Internationals
Sioeli Lama,EOY21,2021-2022,End of Year Internationals
Clemente Saavedra,EOY21,2021-2022,End of Year Internationals
James Ryan,EOY21,2021-2022,End of Year Internationals
Carlo Canna,EOY21,2021-2022,End of Year Internationals
Ramil Gaisin,EOY21,2021-2022,End of Year Internationals
Rob Herring,EOY21,2021-2022,End of Year Internationals
Marco Riccioni,EOY21,2021-2022,End of Year Internationals
Dmitry Parkhomenko,EOY21,2021-2022,End of Year Internationals
Santiago Videla,EOY21,2021-2022,End of Year Internationals
Reece Anapu,EOY21,2021-2022,End of Year Internationals
Keith Earls,EOY21,2021-2022,End of Year Internationals
Naohiro Kotaki,EOY21,2021-2022,End of Year Internationals
Tom Robertson,EOY21,2021-2022,End of Year Internationals
Mike Tadjer,EOY21,2021-2022,End of Year Internationals
Thierry Futeu,EOY21,2021-2022,End of Year Internationals
Sebastian Negri,EOY21,2021-2022,End of Year Internationals
Rieko Ioane,EOY21,2021-2022,End of Year Internationals
Antoine Dupont,EOY21,2021-2022,End of Year Internationals
Kosuke Horikoshi,EOY21,2021-2022,End of Year Internationals
Codie Taylor,EOY21,2021-2022,End of Year Internationals
Isaac Njoroge,EOY21,2021-2022,End of Year Internationals
Dave Sisi,EOY21,2021-2022,End of Year Internationals
Lukas Carvallo,EOY21,2021-2022,End of Year Internationals
Brice Ferrer,EOY21,2021-2022,End of Year Internationals
Mihai Macovei,EOY21,2021-2022,End of Year Internationals
Adrio de Melo,EOY21,2021-2022,End of Year Internationals
Toma'akino Taufa,EOY21,2021-2022,End of Year Internationals
Tevita Tatafu,EOY21,2021-2022,End of Year Internationals
TJ Perenara,EOY21,2021-2022,End of Year Internationals
Waisea Nayacalevu,EOY21,2021-2022,End of Year Internationals
Matt Scott,EOY21,2021-2022,End of Year Internationals
Lopeti Timani,EOY21,2021-2022,End of Year Internationals
Álvar Gimeno,EOY21,2021-2022,End of Year Internationals
Kerman Aurrekoetxea,EOY21,2021-2022,End of Year Internationals
Paolo Garbisi,EOY21,2021-2022,End of Year Internationals
Bongi Mbonambi,EOY21,2021-2022,End of Year Internationals
Denis Barabantsev,EOY21,2021-2022,End of Year Internationals
Bonface Ochieng,EOY21,2021-2022,End of Year Internationals
Cleopas Kundiona,EOY21,2021-2022,End of Year Internationals
Josh Adams,EOY21,2021-2022,End of Year Internationals
Tomas Francis,EOY21,2021-2022,End of Year Internationals
Jean Sousa,EOY21,2021-2022,End of Year Internationals
Gabriel Rupanu,EOY21,2021-2022,End of Year Internationals
TC Kisting,EOY21,2021-2022,End of Year Internationals
Bogdan Doroftei,EOY21,2021-2022,End of Year Internationals
Michael Faleafa,EOY21,2021-2022,End of Year Internationals
Asaeli Ai Valu,EOY21,2021-2022,End of Year Internationals
Victor Sánchez,EOY21,2021-2022,End of Year Internationals
Ryan Baird,EOY21,2021-2022,End of Year Internationals
Henry Slade,EOY21,2021-2022,End of Year Internationals
Apisai Naqalevu,EOY21,2021-2022,End of Year Internationals
Karl Tu'inukuafe,EOY21,2021-2022,End of Year Internationals
Albert Tuisue,EOY21,2021-2022,End of Year Internationals
Tapiwa Mafura,EOY21,2021-2022,End of Year Internationals
Grigor Kerdikoshvili,EOY21,2021-2022,End of Year Internationals
Kalokalo Gavidi,EOY21,2021-2022,End of Year Internationals
Ross Thompson,EOY21,2021-2022,End of Year Internationals
Johnny Sexton,EOY21,2021-2022,End of Year Internationals
Ian Njenga,EOY21,2021-2022,End of Year Internationals
Samisoni Taukei'aho,EOY21,2021-2022,End of Year Internationals
Eduardo Bello,EOY21,2021-2022,End of Year Internationals
Ryan Elias,EOY21,2021-2022,End of Year Internationals
Dylan Cretin,EOY21,2021-2022,End of Year Internationals
Scott Cummings,EOY21,2021-2022,End of Year Internationals
Bogdan Kireev,EOY21,2021-2022,End of Year Internationals
Sakaria Taulafo,EOY21,2021-2022,End of Year Internationals
Ofa Tu'ungafasi,EOY21,2021-2022,End of Year Internationals
Keith Chiwara,EOY21,2021-2022,End of Year Internationals
Callum Sheedy,EOY21,2021-2022,End of Year Internationals
Josh van der Flier,EOY21,2021-2022,End of Year Internationals
Johan Retief,EOY21,2021-2022,End of Year Internationals
Nikita Vavilin,EOY21,2021-2022,End of Year Internationals
Rhys Carré,EOY21,2021-2022,End of Year Internationals
Adam Radwan,EOY21,2021-2022,End of Year Internationals
Jorge Abecassis,EOY21,2021-2022,End of Year Internationals
Mark Atkinson,EOY21,2021-2022,End of Year Internationals
Facundo Gattas,EOY21,2021-2022,End of Year Internationals
Isaac Olson,EOY21,2021-2022,End of Year Internationals
Shingirai Katsvere,EOY21,2021-2022,End of Year Internationals
Obert Nortjé,EOY21,2021-2022,End of Year Internationals
Santiago Medrano,EOY21,2021-2022,End of Year Internationals
Germán Kessler,EOY21,2021-2022,End of Year Internationals
Wian Conradie,EOY21,2021-2022,End of Year Internationals
Victor Mapunga,EOY21,2021-2022,End of Year Internationals
Oderich Mouton,EOY21,2021-2022,End of Year Internationals
Peter Kilonzo,EOY21,2021-2022,End of Year Internationals
Pierre Bruno,EOY21,2021-2022,End of Year Internationals
Felipe Echeverry,EOY21,2021-2022,End of Year Internationals
Ethan Blackadder,EOY21,2021-2022,End of Year Internationals
Liam Williams,EOY21,2021-2022,End of Year Internationals
Manuel Mora,EOY21,2021-2022,End of Year Internationals
Allan Alaalatoa,EOY21,2021-2022,End of Year Internationals
Jayden Bussel,EOY21,2021-2022,End of Year Internationals
Finn Russell,EOY21,2021-2022,End of Year Internationals
Rory Arnold,EOY21,2021-2022,End of Year Internationals
Oli Kebble,EOY21,2021-2022,End of Year Internationals
Bornwell Gwinji,EOY21,2021-2022,End of Year Internationals
Marcelo Torrealba,EOY21,2021-2022,End of Year Internationals
Danco Burger,EOY21,2021-2022,End of Year Internationals
Maile Ngauamo,EOY21,2021-2022,End of Year Internationals
Takudzwa Kumadiro,EOY21,2021-2022,End of Year Internationals
James Slipper,EOY21,2021-2022,End of Year Internationals
John Okoth,EOY21,2021-2022,End of Year Internationals
Johnny McNicholl,6N22,2021-2022,6 Nations
Romain Taofifénua,6N22,2021-2022,6 Nations
Joe Launchbury,6N22,2021-2022,6 Nations
Danilo Fischetti,6N22,2021-2022,6 Nations
Mark Bennett,6N22,2021-2022,6 Nations
Andrew Porter,6N22,2021-2022,6 Nations
Jonathan Danty,6N22,2021-2022,6 Nations
Tom Curry,6N22,2021-2022,6 Nations
Braam Steyn,6N22,2021-2022,6 Nations
Zander Fagerson,6N22,2021-2022,6 Nations
Rory Sutherland,6N22,2021-2022,6 Nations
Cyril Baille,6N22,2021-2022,6 Nations
Ben Vellacott,6N22,2021-2022,6 Nations
Ben Carter,6N22,2021-2022,6 Nations
Cameron Redpath,6N22,2021-2022,6 Nations
François Cros,6N22,2021-2022,6 Nations
Will Rowlands,6N22,2021-2022,6 Nations
Leonardo Marin,6N22,2021-2022,6 Nations
Jamie Blamire,6N22,2021-2022,6 Nations
Kyle Sinckler,6N22,2021-2022,6 Nations
Demba Bamba,6N22,2021-2022,6 Nations
Rónan Kelleher,6N22,2021-2022,6 Nations
James Hume,6N22,2021-2022,6 Nations
Nick Isiekwe,6N22,2021-2022,6 Nations
Hame Faiva,6N22,2021-2022,6 Nations
Jack Conan,6N22,2021-2022,6 Nations
Darcy Graham,6N22,2021-2022,6 Nations
Duhan van der Merwe,6N22,2021-2022,6 Nations
Jamie George,6N22,2021-2022,6 Nations
Kyle Steyn,6N22,2021-2022,6 Nations
Gianmarco Lucchesi,6N22,2021-2022,6 Nations
WP Nel,6N22,2021-2022,6 Nations
Joe Marler,6N22,2021-2022,6 Nations
Caelan Doris,6N22,2021-2022,6 Nations
Charlie Ewels,6N22,2021-2022,6 Nations
Ollie Chessum,6N22,2021-2022,6 Nations
Sam Simmonds,6N22,2021-2022,6 Nations
Mohamed Haouas,6N22,2021-2022,6 Nations
Jac Morgan,6N22,2021-2022,6 Nations
Willis Halaholo,6N22,2021-2022,6 Nations
Sam Johnson,6N22,2021-2022,6 Nations
Hugo Keenan,6N22,2021-2022,6 Nations
Owen Watkin,6N22,2021-2022,6 Nations
Gabin Villière,6N22,2021-2022,6 Nations
Jonny Gray,6N22,2021-2022,6 Nations
Hamish Watson,6N22,2021-2022,6 Nations
Cameron Woki,6N22,2021-2022,6 Nations
Bundee Aki,6N22,2021-2022,6 Nations
Manuel Zuliani,6N22,2021-2022,6 Nations
Chris Harris,6N22,2021-2022,6 Nations
Andrew Conway,6N22,2021-2022,6 Nations
Magnus Bradbury,6N22,2021-2022,6 Nations
Andrea Zambonin,6N22,2021-2022,6 Nations
Freddie Steward,6N22,2021-2022,6 Nations
Thibaud Flament,6N22,2021-2022,6 Nations
Ali Price,6N22,2021-2022,6 Nations
Stuart Hogg,6N22,2021-2022,6 Nations
Monty Ioane,6N22,2021-2022,6 Nations
Rory Darge,6N22,2021-2022,6 Nations
Sam Underhill,6N22,2021-2022,6 Nations
Melvyn Jaminet,6N22,2021-2022,6 Nations
Uini Atonio,6N22,2021-2022,6 Nations
Finlay Bealham,6N22,2021-2022,6 Nations
Elliot Daly,6N22,2021-2022,6 Nations
Cian Healy,6N22,2021-2022,6 Nations
Josh Navidi,6N22,2021-2022,6 Nations
Harry Randall,6N22,2021-2022,6 Nations
Courtney Lawes,6N22,2021-2022,6 Nations
Ellis Jenkins,6N22,2021-2022,6 Nations
Max Malins,6N22,2021-2022,6 Nations
George Furbank,6N22,2021-2022,6 Nations
Tomos Williams,6N22,2021-2022,6 Nations
Aaron Wainwright,6N22,2021-2022,6 Nations
Taulupe Faletau,6N22,2021-2022,6 Nations
Blair Kinghorn,6N22,2021-2022,6 Nations
Jack Carty,6N22,2021-2022,6 Nations
Gareth Anscombe,6N22,2021-2022,6 Nations
Kieran Treadwell,6N22,2021-2022,6 Nations
Bradley Roberts,6N22,2021-2022,6 Nations
Fraser Brown,6N22,2021-2022,6 Nations
Joey Carbery,6N22,2021-2022,6 Nations
Jamie Hodgson,6N22,2021-2022,6 Nations
Dave Kilcoyne,6N22,2021-2022,6 Nations
Luca Bigi,6N22,2021-2022,6 Nations
Conor Murray,6N22,2021-2022,6 Nations
Jack Nowell,6N22,2021-2022,6 Nations
Nic Dolly,6N22,2021-2022,6 Nations
Damian Penaud,6N22,2021-2022,6 Nations
Filippo Alongi,6N22,2021-2022,6 Nations
Adam Hastings,6N22,2021-2022,6 Nations
Federico Mori,6N22,2021-2022,6 Nations
Nick Haining,6N22,2021-2022,6 Nations
Tadhg Furlong,6N22,2021-2022,6 Nations
Stuart McInally,6N22,2021-2022,6 Nations
Sam Skinner,6N22,2021-2022,6 Nations
James Lowe,6N22,2021-2022,6 Nations
Mack Hansen,6N22,2021-2022,6 Nations
Stephen Varney,6N22,2021-2022,6 Nations
Adam Beard,6N22,2021-2022,6 Nations
Marco Zanon,6N22,2021-2022,6 Nations
Niccolò Cannone,6N22,2021-2022,6 Nations
Grégory Alldritt,6N22,2021-2022,6 Nations
Craig Casey,6N22,2021-2022,6 Nations
Matt Fagerson,6N22,2021-2022,6 Nations
Will Stuart,6N22,2021-2022,6 Nations
James Ryan,6N22,2021-2022,6 Nations
Rob Herring,6N22,2021-2022,6 Nations
Tommaso Menoncello,6N22,2021-2022,6 Nations
Maxime Lucu,6N22,2021-2022,6 Nations
Alun Wyn Jones,6N22,2021-2022,6 Nations
David Sisi,6N22,2021-2022,6 Nations
Sebastian Negri,6N22,2021-2022,6 Nations
Nick Tompkins,6N22,2021-2022,6 Nations
Gareth Thomas,6N22,2021-2022,6 Nations
Ben Youngs,6N22,2021-2022,6 Nations
Dewi Lake,6N22,2021-2022,6 Nations
Antoine Dupont,6N22,2021-2022,6 Nations
Michael Lowry,6N22,2021-2022,6 Nations
Seb Davies,6N22,2021-2022,6 Nations
Peter O'Mahony,6N22,2021-2022,6 Nations
Garry Ringrose,6N22,2021-2022,6 Nations
Giovanni Pettinelli,6N22,2021-2022,6 Nations
Ange Capuozzo,6N22,2021-2022,6 Nations
Michele Lamaro,6N22,2021-2022,6 Nations
Federico Ruzza,6N22,2021-2022,6 Nations
Kieran Hardy,6N22,2021-2022,6 Nations
Matthis Lebel,6N22,2021-2022,6 Nations
Pierre Schoeman,6N22,2021-2022,6 Nations
Dan Biggar,6N22,2021-2022,6 Nations
Thomas Ramos,6N22,2021-2022,6 Nations
Paolo Garbisi,6N22,2021-2022,6 Nations
Giacomo Nicotera,6N22,2021-2022,6 Nations
Gareth Davies,6N22,2021-2022,6 Nations
Josh Bayliss,6N22,2021-2022,6 Nations
Josh Adams,6N22,2021-2022,6 Nations
Tomas Francis,6N22,2021-2022,6 Nations
Wyn Jones,6N22,2021-2022,6 Nations
Lewis Ludlam,6N22,2021-2022,6 Nations
Pietro Ceccarelli,6N22,2021-2022,6 Nations
Alex Cuthbert,6N22,2021-2022,6 Nations
Luke Cowan-Dickie,6N22,2021-2022,6 Nations
Alex Dombrandt,6N22,2021-2022,6 Nations
Ryan Baird,6N22,2021-2022,6 Nations
Henry Slade,6N22,2021-2022,6 Nations
Toa Halafihi,6N22,2021-2022,6 Nations
Jamie Ritchie,6N22,2021-2022,6 Nations
Taine Basham,6N22,2021-2022,6 Nations
Ignacio Brex,6N22,2021-2022,6 Nations
Johnny Sexton,6N22,2021-2022,6 Nations
Maro Itoje,6N22,2021-2022,6 Nations
Ben White,6N22,2021-2022,6 Nations
George Ford,6N22,2021-2022,6 Nations
Edoardo Padovani,6N22,2021-2022,6 Nations
Julien Marchand,6N22,2021-2022,6 Nations
Ryan Elias,6N22,2021-2022,6 Nations
Marcus Smith,6N22,2021-2022,6 Nations
Marco Fuser,6N22,2021-2022,6 Nations
Dylan Cretin,6N22,2021-2022,6 Nations
Anthony Jelonch,6N22,2021-2022,6 Nations
Sione Tuipulotu,6N22,2021-2022,6 Nations
Giosuè Zilocchi,6N22,2021-2022,6 Nations
Iain Henderson,6N22,2021-2022,6 Nations
Jean-Baptiste Gros,6N22,2021-2022,6 Nations
Peato Mauvaka,6N22,2021-2022,6 Nations
Allan Dell,6N22,2021-2022,6 Nations
Callum Sheedy,6N22,2021-2022,6 Nations
Robbie Henshaw,6N22,2021-2022,6 Nations
Josh van der Flier,6N22,2021-2022,6 Nations
Louis Rees-Zammit,6N22,2021-2022,6 Nations
Paul Willemse,6N22,2021-2022,6 Nations
Dan Sheehan,6N22,2021-2022,6 Nations
Jamison Gibson-Park,6N22,2021-2022,6 Nations
Andy Christie,6N22,2021-2022,6 Nations
Pierre Bruno,6N22,2021-2022,6 Nations
Ellis Genge,6N22,2021-2022,6 Nations
Liam Williams,6N22,2021-2022,6 Nations
Callum Braley,6N22,2021-2022,6 Nations
Gaël Fickou,6N22,2021-2022,6 Nations
Alessandro Fusco,6N22,2021-2022,6 Nations
Yoram Moefana,6N22,2021-2022,6 Nations
Tiziano Pasquali,6N22,2021-2022,6 Nations
Dillon Lewis,6N22,2021-2022,6 Nations
Finn Russell,6N22,2021-2022,6 Nations
Ivan Nemer,6N22,2021-2022,6 Nations
Romain Ntamack,6N22,2021-2022,6 Nations
Jonathan Davies,6N22,2021-2022,6 Nations
Joe Marchant,6N22,2021-2022,6 Nations
Oli Kebble,6N22,2021-2022,6 Nations
Ross Moriarty,6N22,2021-2022,6 Nations
Cherif Traorè,6N22,2021-2022,6 Nations
George Turner,6N22,2021-2022,6 Nations
Tadhg Beirne,6N22,2021-2022,6 Nations
Grant Gilchrist,6N22,2021-2022,6 Nations
Leon Brown,6N22,2021-2022,6 Nations
Billy Pollard,RC22,2022-2023,Rugby Championship
Elrigh Louw,RC22,2022-2023,Rugby Championship
Juan Imhoff,RC22,2022-2023,Rugby Championship
Sevu Reece,RC22,2022-2023,Rugby Championship
Len Ikitau,RC22,2022-2023,Rugby Championship
Tomás Albornoz,RC22,2022-2023,Rugby Championship
Francisco Gómez Kodela,RC22,2022-2023,Rugby Championship
Matías Orlando,RC22,2022-2023,Rugby Championship
Akira Ioane,RC22,2022-2023,Rugby Championship
Pieter-Steph du Toit,RC22,2022-2023,Rugby Championship
Siya Kolisi,RC22,2022-2023,Rugby Championship
Damian de Allende,RC22,2022-2023,Rugby Championship
Nahuel Tetaz Chaparro,RC22,2022-2023,Rugby Championship
Trevor Nyakane,RC22,2022-2023,Rugby Championship
Santiago Grondona,RC22,2022-2023,Rugby Championship
Santiago Cordero,RC22,2022-2023,Rugby Championship
Marika Koroibete,RC22,2022-2023,Rugby Championship
Fraser McReight,RC22,2022-2023,Rugby Championship
Warrick Gelant,RC22,2022-2023,Rugby Championship
Jaden Hendrikse,RC22,2022-2023,Rugby Championship
Jerónimo de la Fuente,RC22,2022-2023,Rugby Championship
Scott Barrett,RC22,2022-2023,Rugby Championship
Angus Ta'avao,RC22,2022-2023,Rugby Championship
Ethan de Groot,RC22,2022-2023,Rugby Championship
Jordie Barrett,RC22,2022-2023,Rugby Championship
George Bower,RC22,2022-2023,Rugby Championship
Ox Nché,RC22,2022-2023,Rugby Championship
Quinn Tupaea,RC22,2022-2023,Rugby Championship
Kwagga Smith,RC22,2022-2023,Rugby Championship
Reece Hodge,RC22,2022-2023,Rugby Championship
Caleb Clarke,RC22,2022-2023,Rugby Championship
Hoskins Sotutu,RC22,2022-2023,Rugby Championship
Julián Montoya,RC22,2022-2023,Rugby Championship
Lood de Jager,RC22,2022-2023,Rugby Championship
Quade Cooper,RC22,2022-2023,Rugby Championship
Cadeyrn Neville,RC22,2022-2023,Rugby Championship
Nick Frost,RC22,2022-2023,Rugby Championship
Bautista Delguy,RC22,2022-2023,Rugby Championship
Will Jordan,RC22,2022-2023,Rugby Championship
Malcolm Marx,RC22,2022-2023,Rugby Championship
François Steyn,RC22,2022-2023,Rugby Championship
Rob Valetini,RC22,2022-2023,Rugby Championship
Andrew Kellaway,RC22,2022-2023,Rugby Championship
Tyrel Lomax,RC22,2022-2023,Rugby Championship
Scott Sio,RC22,2022-2023,Rugby Championship
Rob Leota,RC22,2022-2023,Rugby Championship
Herschel Jantjies,RC22,2022-2023,Rugby Championship
Cobus Reinach,RC22,2022-2023,Rugby Championship
Darcy Swain,RC22,2022-2023,Rugby Championship
Bernard Foley,RC22,2022-2023,Rugby Championship
Shannon Frizell,RC22,2022-2023,Rugby Championship
Dave Porecki,RC22,2022-2023,Rugby Championship
Santiago Socino,RC22,2022-2023,Rugby Championship
Thomas Gallo,RC22,2022-2023,Rugby Championship
Matías Moroni,RC22,2022-2023,Rugby Championship
Angus Bell,RC22,2022-2023,Rugby Championship
Pablo Matera,RC22,2022-2023,Rugby Championship
Lautaro Bazán,RC22,2022-2023,Rugby Championship
André Esterhuizen,RC22,2022-2023,Rugby Championship
Frans Malherbe,RC22,2022-2023,Rugby Championship
Tate McDermott,RC22,2022-2023,Rugby Championship
Pete Samu,RC22,2022-2023,Rugby Championship
Folau Fainga'a,RC22,2022-2023,Rugby Championship
Sam Cane,RC22,2022-2023,Rugby Championship
Facundo Isa,RC22,2022-2023,Rugby Championship
Jasper Wiese,RC22,2022-2023,Rugby Championship
Handré Pollard,RC22,2022-2023,Rugby Championship
Joseph Dweba,RC22,2022-2023,Rugby Championship
Tom Wright,RC22,2022-2023,Rugby Championship
Nepo Laulala,RC22,2022-2023,Rugby Championship
Stephen Perofeta,RC22,2022-2023,Rugby Championship
Makazole Mapimpi,RC22,2022-2023,Rugby Championship
Marcos Kremer,RC22,2022-2023,Rugby Championship
Tomás Lavanini,RC22,2022-2023,Rugby Championship
Brodie Retallick,RC22,2022-2023,Rugby Championship
Hunter Paisami,RC22,2022-2023,Rugby Championship
Nic White,RC22,2022-2023,Rugby Championship
Lalakai Foketi,RC22,2022-2023,Rugby Championship
Agustín Creevy,RC22,2022-2023,Rugby Championship
Jordan Petaia,RC22,2022-2023,Rugby Championship
Jesse Kriel,RC22,2022-2023,Rugby Championship
Beauden Barrett,RC22,2022-2023,Rugby Championship
Salmaan Moerat,RC22,2022-2023,Rugby Championship
Jed Holloway,RC22,2022-2023,Rugby Championship
Ardie Savea,RC22,2022-2023,Rugby Championship
Duane Vermeulen,RC22,2022-2023,Rugby Championship
David Havili,RC22,2022-2023,Rugby Championship
Rieko Ioane,RC22,2022-2023,Rugby Championship
Matías Alemanno,RC22,2022-2023,Rugby Championship
Joel Sclavi,RC22,2022-2023,Rugby Championship
Guido Petti,RC22,2022-2023,Rugby Championship
Codie Taylor,RC22,2022-2023,Rugby Championship
Pone Fa'amausili,RC22,2022-2023,Rugby Championship
Roger Tuivasa-Sheck,RC22,2022-2023,Rugby Championship
Tomás Cubelli,RC22,2022-2023,Rugby Championship
Santiago Carreras,RC22,2022-2023,Rugby Championship
Matt Philip,RC22,2022-2023,Rugby Championship
Mayco Vivas,RC22,2022-2023,Rugby Championship
Bongi Mbonambi,RC22,2022-2023,Rugby Championship
Elton Jantjies,RC22,2022-2023,Rugby Championship
Benjamín Urdapilleta,RC22,2022-2023,Rugby Championship
Juan Cruz Mallía,RC22,2022-2023,Rugby Championship
Fletcher Newell,RC22,2022-2023,Rugby Championship
Lachlan Lonergan,RC22,2022-2023,Rugby Championship
Richie Mo'unga,RC22,2022-2023,Rugby Championship
Emiliano Boffelli,RC22,2022-2023,Rugby Championship
Willie le Roux,RC22,2022-2023,Rugby Championship
Samisoni Taukei'aho,RC22,2022-2023,Rugby Championship
Eduardo Bello,RC22,2022-2023,Rugby Championship
Lukhanyo Am,RC22,2022-2023,Rugby Championship
Juan Martín González,RC22,2022-2023,Rugby Championship
Vincent Koch,RC22,2022-2023,Rugby Championship
Harry Wilson,RC22,2022-2023,Rugby Championship
Faf de Klerk,RC22,2022-2023,Rugby Championship
Ofa Tu'ungafasi,RC22,2022-2023,Rugby Championship
Irae Simone,RC22,2022-2023,Rugby Championship
Canan Moodie,RC22,2022-2023,Rugby Championship
Dane Coles,RC22,2022-2023,Rugby Championship
Kurt-Lee Arendse,RC22,2022-2023,Rugby Championship
Noah Lolesio,RC22,2022-2023,Rugby Championship
Finlay Christie,RC22,2022-2023,Rugby Championship
Jake Gordon,RC22,2022-2023,Rugby Championship
Pedro Rubiolo,RC22,2022-2023,Rugby Championship
Allan Alaalatoa,RC22,2022-2023,Rugby Championship
Taniela Tupou,RC22,2022-2023,Rugby Championship
Lucio Cinti,RC22,2022-2023,Rugby Championship
Steven Kitshoff,RC22,2022-2023,Rugby Championship
Eben Etzebeth,RC22,2022-2023,Rugby Championship
Sam Whitelock,RC22,2022-2023,Rugby Championship
Franco Mostert,RC22,2022-2023,Rugby Championship
Rory Arnold,RC22,2022-2023,Rugby Championship
Gonzalo Bertranou,RC22,2022-2023,Rugby Championship
Deon Fourie,RC22,2022-2023,Rugby Championship
Rodrigo Bruni,RC22,2022-2023,Rugby Championship
Aaron Smith,RC22,2022-2023,Rugby Championship
Damian Willemse,RC22,2022-2023,Rugby Championship
Tupou Vaa'i,RC22,2022-2023,Rugby Championship
James O'Connor,RC22,2022-2023,Rugby Championship
Dalton Papalii,RC22,2022-2023,Rugby Championship
James Slipper,RC22,2022-2023,Rugby Championship
Matt Gibbon,RC22,2022-2023,Rugby Championship
Romain Taofifénua,EOY22,2022-2023,End of Year Internationals
Dave Cherry,EOY22,2022-2023,End of Year Internationals
Sevu Reece,EOY22,2022-2023,End of Year Internationals
Seta Tuicuvu,EOY22,2022-2023,End of Year Internationals
Andrew Porter,EOY22,2022-2023,End of Year Internationals
John Dyer,EOY22,2022-2023,End of Year Internationals
Davit Niniashvili,EOY22,2022-2023,End of Year Internationals
Rory Sutherland,EOY22,2022-2023,End of Year Internationals
Mateo Sanguinetti,EOY22,2022-2023,End of Year Internationals
Corey Thomas,EOY22,2022-2023,End of Year Internationals
Ruan Ludick,EOY22,2022-2023,End of Year Internationals
Sosefo Sakalia,EOY22,2022-2023,End of Year Internationals
Akira Ioane,EOY22,2022-2023,End of Year Internationals
Kevin Lenssen,EOY22,2022-2023,End of Year Internationals
Tumua Manu,EOY22,2022-2023,End of Year Internationals
Jon Zabala,EOY22,2022-2023,End of Year Internationals
Dragoș Ser,EOY22,2022-2023,End of Year Internationals
Martín Alonso,EOY22,2022-2023,End of Year Internationals
Darcy Graham,EOY22,2022-2023,End of Year Internationals
Jack Cornelsen,EOY22,2022-2023,End of Year Internationals
Konstantin Mikautadze,EOY22,2022-2023,End of Year Internationals
Merab Sharikadze,EOY22,2022-2023,End of Year Internationals
Guillermo Pujadas,EOY22,2022-2023,End of Year Internationals
Alexandru Gordaș,EOY22,2022-2023,End of Year Internationals
Damian Stevens,EOY22,2022-2023,End of Year Internationals
Thierry Feuteu,EOY22,2022-2023,End of Year Internationals
Jac Morgan,EOY22,2022-2023,End of Year Internationals
Javier Carrasco,EOY22,2022-2023,End of Year Internationals
Levani Botia,EOY22,2022-2023,End of Year Internationals
Jerónimo de la Fuente,EOY22,2022-2023,End of Year Internationals
Gerhard van den Heever,EOY22,2022-2023,End of Year Internationals
Diego Magno,EOY22,2022-2023,End of Year Internationals
Florian Roșu,EOY22,2022-2023,End of Year Internationals
Gastón Mieres,EOY22,2022-2023,End of Year Internationals
Hugo Keenan,EOY22,2022-2023,End of Year Internationals
Iñaki Ayarza,EOY22,2022-2023,End of Year Internationals
Kwagga Smith,EOY22,2022-2023,End of Year Internationals
Guy Porter,EOY22,2022-2023,End of Year Internationals
Sandro Mamamtavrishvili,EOY22,2022-2023,End of Year Internationals
Sam Matavesi,EOY22,2022-2023,End of Year Internationals
Shalva Mamukashvili,EOY22,2022-2023,End of Year Internationals
Alexandru Savin,EOY22,2022-2023,End of Year Internationals
P. J. van Lill,EOY22,2022-2023,End of Year Internationals
Eliseo Morales,EOY22,2022-2023,End of Year Internationals
Matthew Klimchuk,EOY22,2022-2023,End of Year Internationals
Thibaud Flament,EOY22,2022-2023,End of Year Internationals
UJ Seuteni,EOY22,2022-2023,End of Year Internationals
Rob Valetini,EOY22,2022-2023,End of Year Internationals
Uini Atonio,EOY22,2022-2023,End of Year Internationals
Rio Dyer,EOY22,2022-2023,End of Year Internationals
Michael Leitch,EOY22,2022-2023,End of Year Internationals
Dave Porecki,EOY22,2022-2023,End of Year Internationals
Luka Matkava,EOY22,2022-2023,End of Year Internationals
Michael Hooper,EOY22,2022-2023,End of Year Internationals
Thomas Gallo,EOY22,2022-2023,End of Year Internationals
George Horne,EOY22,2022-2023,End of Year Internationals
Jack Crowley,EOY22,2022-2023,End of Year Internationals
Wicus Jacobs,EOY22,2022-2023,End of Year Internationals
Jonny Hill,EOY22,2022-2023,End of Year Internationals
Tomos Williams,EOY22,2022-2023,End of Year Internationals
André Esterhuizen,EOY22,2022-2023,End of Year Internationals
Pieter Labuschagne,EOY22,2022-2023,End of Year Internationals
Daan van der Avoird,EOY22,2022-2023,End of Year Internationals
Blair Kinghorn,EOY22,2022-2023,End of Year Internationals
Frans Malherbe,EOY22,2022-2023,End of Year Internationals
Adriaan Booysen,EOY22,2022-2023,End of Year Internationals
Kyle Steeves,EOY22,2022-2023,End of Year Internationals
Foster DeWitt,EOY22,2022-2023,End of Year Internationals
Tom Banks,EOY22,2022-2023,End of Year Internationals
Luca Morisi,EOY22,2022-2023,End of Year Internationals
Tate McDermott,EOY22,2022-2023,End of Year Internationals
Fritz Lee,EOY22,2022-2023,End of Year Internationals
Kalaveti Ravouvou,EOY22,2022-2023,End of Year Internationals
Louis Bruinsma,EOY22,2022-2023,End of Year Internationals
Anton Lienert-Brown,EOY22,2022-2023,End of Year Internationals
Mako Vunipola,EOY22,2022-2023,End of Year Internationals
Pete Samu,EOY22,2022-2023,End of Year Internationals
Jeffery Toomaga-Allen,EOY22,2022-2023,End of Year Internationals
Danny Toala,EOY22,2022-2023,End of Year Internationals
Jordi Jorba,EOY22,2022-2023,End of Year Internationals
Syuhei Takeuchi,EOY22,2022-2023,End of Year Internationals
Braydon Ennor,EOY22,2022-2023,End of Year Internationals
Tom Wright,EOY22,2022-2023,End of Year Internationals
Nepo Laulala,EOY22,2022-2023,End of Year Internationals
Grégory Alldritt,EOY22,2022-2023,End of Year Internationals
Makazole Mapimpi,EOY22,2022-2023,End of Year Internationals
Guillermo Domínguez,EOY22,2022-2023,End of Year Internationals
Will Stuart,EOY22,2022-2023,End of Year Internationals
Dan Lydiate,EOY22,2022-2023,End of Year Internationals
Nicky Smith,EOY22,2022-2023,End of Year Internationals
Otumaka Mausia,EOY22,2022-2023,End of Year Internationals
Lasha Khmaladze,EOY22,2022-2023,End of Year Internationals
Mihai Lazăr,EOY22,2022-2023,End of Year Internationals
Nic White,EOY22,2022-2023,End of Year Internationals
Alun Wyn Jones,EOY22,2022-2023,End of Year Internationals
Des Sepulona,EOY22,2022-2023,End of Year Internationals
Divan Rossouw,EOY22,2022-2023,End of Year Internationals
Manfredi Albanese,EOY22,2022-2023,End of Year Internationals
Sipili Falatea,EOY22,2022-2023,End of Year Internationals
Alexander Todua,EOY22,2022-2023,End of Year Internationals
Seilala Lam,EOY22,2022-2023,End of Year Internationals
Vilimoni Botitu,EOY22,2022-2023,End of Year Internationals
Daily Limmen,EOY22,2022-2023,End of Year Internationals
Santiago Carreras,EOY22,2022-2023,End of Year Internationals
Peter O'Mahony,EOY22,2022-2023,End of Year Internationals
Tala Gray,EOY22,2022-2023,End of Year Internationals
Atsushi Sakate,EOY22,2022-2023,End of Year Internationals
Garry Ringrose,EOY22,2022-2023,End of Year Internationals
Langi Gleeson,EOY22,2022-2023,End of Year Internationals
Jordan Taufua,EOY22,2022-2023,End of Year Internationals
Jeremy Loughman,EOY22,2022-2023,End of Year Internationals
Damian Strătilă,EOY22,2022-2023,End of Year Internationals
Matthis Lebel,EOY22,2022-2023,End of Year Internationals
Matías Dittus,EOY22,2022-2023,End of Year Internationals
Martín Sigren,EOY22,2022-2023,End of Year Internationals
Ross Braude,EOY22,2022-2023,End of Year Internationals
Nicolás Sánchez,EOY22,2022-2023,End of Year Internationals
Juan Cruz Mallía,EOY22,2022-2023,End of Year Internationals
Juan Manuel Alonso,EOY22,2022-2023,End of Year Internationals
Ned Hanigan,EOY22,2022-2023,End of Year Internationals
Guram Gogichashvili,EOY22,2022-2023,End of Year Internationals
Craig Millar,EOY22,2022-2023,End of Year Internationals
Ovidiu Cojocaru,EOY22,2022-2023,End of Year Internationals
Lachlan Lonergan,EOY22,2022-2023,End of Year Internationals
Jamie Ritchie,EOY22,2022-2023,End of Year Internationals
Richie Mo'unga,EOY22,2022-2023,End of Year Internationals
Víctor Sánchez,EOY22,2022-2023,End of Year Internationals
Edoardo Padovani,EOY22,2022-2023,End of Year Internationals
Thomas du Toit,EOY22,2022-2023,End of Year Internationals
Raúl Calzón,EOY22,2022-2023,End of Year Internationals
Brian Alainu'uese,EOY22,2022-2023,End of Year Internationals
Faf de Klerk,EOY22,2022-2023,End of Year Internationals
José Larenas,EOY22,2022-2023,End of Year Internationals
Peato Mauvaka,EOY22,2022-2023,End of Year Internationals
Ross Byrne,EOY22,2022-2023,End of Year Internationals
Nicolas Garafulic,EOY22,2022-2023,End of Year Internationals
Solomone Kata,EOY22,2022-2023,End of Year Internationals
Yusuke Kizu,EOY22,2022-2023,End of Year Internationals
Sam Talakai,EOY22,2022-2023,End of Year Internationals
Kamil Sobota,EOY22,2022-2023,End of Year Internationals
Aisea Halo,EOY22,2022-2023,End of Year Internationals
Vasil Lobzhanidze,EOY22,2022-2023,End of Year Internationals
Alfonso Escobar,EOY22,2022-2023,End of Year Internationals
Robert Baloucoune,EOY22,2022-2023,End of Year Internationals
Chris Vui,EOY22,2022-2023,End of Year Internationals
Siem Noorman,EOY22,2022-2023,End of Year Internationals
Kotaro Matsushima,EOY22,2022-2023,End of Year Internationals
Justin Tipuric,EOY22,2022-2023,End of Year Internationals
Jamie Bhatti,EOY22,2022-2023,End of Year Internationals
Gaël Fickou,EOY22,2022-2023,End of Year Internationals
Joe Perez,EOY22,2022-2023,End of Year Internationals
Tima Fainga'anuku,EOY22,2022-2023,End of Year Internationals
Taniela Tupou,EOY22,2022-2023,End of Year Internationals
Liam Murray,EOY22,2022-2023,End of Year Internationals
Conor Young,EOY22,2022-2023,End of Year Internationals
Dillon Lewis,EOY22,2022-2023,End of Year Internationals
Eben Etzebeth,EOY22,2022-2023,End of Year Internationals
Donald Brighouse,EOY22,2022-2023,End of Year Internationals
Franco Mostert,EOY22,2022-2023,End of Year Internationals
Bittor Aboitiz,EOY22,2022-2023,End of Year Internationals
Gonzalo Vinuesa,EOY22,2022-2023,End of Year Internationals
Javier Eissmann,EOY22,2022-2023,End of Year Internationals
Tommaso Allan,EOY22,2022-2023,End of Year Internationals
George Turner,EOY22,2022-2023,End of Year Internationals
Ignacio Péculo,EOY22,2022-2023,End of Year Internationals
Tupou Vaa'i,EOY22,2022-2023,End of Year Internationals
Damian Willemse,EOY22,2022-2023,End of Year Internationals
Andrew Quattrin,EOY22,2022-2023,End of Year Internationals
Lasha Lomidze,EOY22,2022-2023,End of Year Internationals
Vinaya Habosi,EOY22,2022-2023,End of Year Internationals
Beka Saghinadze,EOY22,2022-2023,End of Year Internationals
Matt Gibbon,EOY22,2022-2023,End of Year Internationals
Jack Willis,EOY22,2022-2023,End of Year Internationals
Ereatara Enari,EOY22,2022-2023,End of Year Internationals
Len Ikitau,EOY22,2022-2023,End of Year Internationals
Zander Fagerson,EOY22,2022-2023,End of Year Internationals
Lucas Rumball,EOY22,2022-2023,End of Year Internationals
Cyril Baille,EOY22,2022-2023,End of Year Internationals
Will Rowlands,EOY22,2022-2023,End of Year Internationals
Damian de Allende,EOY22,2022-2023,End of Year Internationals
Afaese Tauli,EOY22,2022-2023,End of Year Internationals
Max Deegan,EOY22,2022-2023,End of Year Internationals
Daniel Plai,EOY22,2022-2023,End of Year Internationals
Jack Dempsey,EOY22,2022-2023,End of Year Internationals
Bautista Güemes,EOY22,2022-2023,End of Year Internationals
Koo Ji-won,EOY22,2022-2023,End of Year Internationals
Tyler Rowland,EOY22,2022-2023,End of Year Internationals
Tornike Jalaghonia,EOY22,2022-2023,End of Year Internationals
Wimpie van der Walt,EOY22,2022-2023,End of Year Internationals
Faulua Makisi,EOY22,2022-2023,End of Year Internationals
Billy Vunipola,EOY22,2022-2023,End of Year Internationals
Gianmarco Lucchesi,EOY22,2022-2023,End of Year Internationals
Vaea Fifita,EOY22,2022-2023,End of Year Internationals
Augustine Pulu,EOY22,2022-2023,End of Year Internationals
Mark Nawaqanitawase,EOY22,2022-2023,End of Year Internationals
Jaden Hendrikse,EOY22,2022-2023,End of Year Internationals
Sam Simmonds,EOY22,2022-2023,End of Year Internationals
Viliame Mata,EOY22,2022-2023,End of Year Internationals
Scott Barrett,EOY22,2022-2023,End of Year Internationals
Ethan de Groot,EOY22,2022-2023,End of Year Internationals
Prince ǃGaoseb,EOY22,2022-2023,End of Year Internationals
Tomás Inciarte,EOY22,2022-2023,End of Year Internationals
Vicente del Hoyo,EOY22,2022-2023,End of Year Internationals
Ox Nché,EOY22,2022-2023,End of Year Internationals
Vlăduț Popa,EOY22,2022-2023,End of Year Internationals
Iñaki Mateu,EOY22,2022-2023,End of Year Internationals
Lorenzo Cannone,EOY22,2022-2023,End of Year Internationals
Hamish Watson,EOY22,2022-2023,End of Year Internationals
Warner Dearns,EOY22,2022-2023,End of Year Internationals
Delano Jansen van der Sligte,EOY22,2022-2023,End of Year Internationals
Hoskins Sotutu,EOY22,2022-2023,End of Year Internationals
Baptiste Couilloud,EOY22,2022-2023,End of Year Internationals
Charles Ollivon,EOY22,2022-2023,End of Year Internationals
Matías Benítez,EOY22,2022-2023,End of Year Internationals
Cadeyrn Neville,EOY22,2022-2023,End of Year Internationals
Eric Dosantos,EOY22,2022-2023,End of Year Internationals
Nick Frost,EOY22,2022-2023,End of Year Internationals
Nigel Ah Wong,EOY22,2022-2023,End of Year Internationals
Jonny May,EOY22,2022-2023,End of Year Internationals
Ali Price,EOY22,2022-2023,End of Year Internationals
Nicolas Onuțu,EOY22,2022-2023,End of Year Internationals
Joe Cokanasiga,EOY22,2022-2023,End of Year Internationals
Malcolm Marx,EOY22,2022-2023,End of Year Internationals
Tommy Reffell,EOY22,2022-2023,End of Year Internationals
Rhodri Jones,EOY22,2022-2023,End of Year Internationals
Dafydd Jenkins,EOY22,2022-2023,End of Year Internationals
Facundo Domínguez,EOY22,2022-2023,End of Year Internationals
Cian Healy,EOY22,2022-2023,End of Year Internationals
Jason Benade,EOY22,2022-2023,End of Year Internationals
Andrew Darlington,EOY22,2022-2023,End of Year Internationals
Matías Moroni,EOY22,2022-2023,End of Year Internationals
Hugo Langelaan,EOY22,2022-2023,End of Year Internationals
Pablo Matera,EOY22,2022-2023,End of Year Internationals
Robbie Povey,EOY22,2022-2023,End of Year Internationals
Rhys Priestland,EOY22,2022-2023,End of Year Internationals
Demur Tapladze,EOY22,2022-2023,End of Year Internationals
Jiuta Wainiqolo,EOY22,2022-2023,End of Year Internationals
Nephi Leatigaga,EOY22,2022-2023,End of Year Internationals
Raimundo Martínez,EOY22,2022-2023,End of Year Internationals
Fraser Brown,EOY22,2022-2023,End of Year Internationals
Bradley Roberts,EOY22,2022-2023,End of Year Internationals
J. W. Bell,EOY22,2022-2023,End of Year Internationals
Michael Alaalatoa,EOY22,2022-2023,End of Year Internationals
Jack Nowell,EOY22,2022-2023,End of Year Internationals
Jessy Wagemaker,EOY22,2022-2023,End of Year Internationals
Ratu Leone Rotuisolia,EOY22,2022-2023,End of Year Internationals
Shuhei Takeuchi,EOY22,2022-2023,End of Year Internationals
Sam Skinner,EOY22,2022-2023,End of Year Internationals
Owain Ruttan,EOY22,2022-2023,End of Year Internationals
Stephen Varney,EOY22,2022-2023,End of Year Internationals
Sam Lousi,EOY22,2022-2023,End of Year Internationals
Stephen Perofeta,EOY22,2022-2023,End of Year Internationals
Adriaan Ludick,EOY22,2022-2023,End of Year Internationals
Agustín Creevy,EOY22,2022-2023,End of Year Internationals
Vakh Abdaladze,EOY22,2022-2023,End of Year Internationals
Maxime Lucu,EOY22,2022-2023,End of Year Internationals
Mirian Modebadze,EOY22,2022-2023,End of Year Internationals
David Sisi,EOY22,2022-2023,End of Year Internationals
Ardie Savea,EOY22,2022-2023,End of Year Internationals
David Havili,EOY22,2022-2023,End of Year Internationals
Florin Surugiu,EOY22,2022-2023,End of Year Internationals
Nick Tompkins,EOY22,2022-2023,End of Year Internationals
Jimmy O'Brien,EOY22,2022-2023,End of Year Internationals
Ben Youngs,EOY22,2022-2023,End of Year Internationals
Roger Tuivasa-Sheck,EOY22,2022-2023,End of Year Internationals
Kini Murimurivalu,EOY22,2022-2023,End of Year Internationals
Afa Amosa,EOY22,2022-2023,End of Year Internationals
Federico Ruzza,EOY22,2022-2023,End of Year Internationals
Kieran Hardy,EOY22,2022-2023,End of Year Internationals
Pierre Schoeman,EOY22,2022-2023,End of Year Internationals
Murphy Walker,EOY22,2022-2023,End of Year Internationals
Giacomo Nicotera,EOY22,2022-2023,End of Year Internationals
Thomas Ramos,EOY22,2022-2023,End of Year Internationals
Tengiz Peranidze,EOY22,2022-2023,End of Year Internationals
Salvador Lues,EOY22,2022-2023,End of Year Internationals
Rodrigo Fernández,EOY22,2022-2023,End of Year Internationals
Beka Gorgadze,EOY22,2022-2023,End of Year Internationals
Pietro Ceccarelli,EOY22,2022-2023,End of Year Internationals
Mesu Dolokoto,EOY22,2022-2023,End of Year Internationals
Matthew Foulds,EOY22,2022-2023,End of Year Internationals
Manu Paea,EOY22,2022-2023,End of Year Internationals
Mark Coebergh,EOY22,2022-2023,End of Year Internationals
Reinaldo Piussi,EOY22,2022-2023,End of Year Internationals
Tudor Butnariu,EOY22,2022-2023,End of Year Internationals
Toa Halafihi,EOY22,2022-2023,End of Year Internationals
Ben Volavola,EOY22,2022-2023,End of Year Internationals
Brock Webster,EOY22,2022-2023,End of Year Internationals
Emiliano Boffelli,EOY22,2022-2023,End of Year Internationals
Luke Tagi,EOY22,2022-2023,End of Year Internationals
Josh Macleod,EOY22,2022-2023,End of Year Internationals
Keita Inagaki,EOY22,2022-2023,End of Year Internationals
Marcus Smith,EOY22,2022-2023,End of Year Internationals
Nick Timoney,EOY22,2022-2023,End of Year Internationals
Jano Otto,EOY22,2022-2023,End of Year Internationals
P. W. Steenkamp,EOY22,2022-2023,End of Year Internationals
Darryl Wellman,EOY22,2022-2023,End of Year Internationals
Matías Franco,EOY22,2022-2023,End of Year Internationals
Takuya Yamasawa,EOY22,2022-2023,End of Year Internationals
Lee-Roy Atalifo,EOY22,2022-2023,End of Year Internationals
Gheorghe Gajion,EOY22,2022-2023,End of Year Internationals
Canan Moodie,EOY22,2022-2023,End of Year Internationals
Robbie Henshaw,EOY22,2022-2023,End of Year Internationals
Stijn Albers,EOY22,2022-2023,End of Year Internationals
Shogo Nakano,EOY22,2022-2023,End of Year Internationals
Otar Giorgadze,EOY22,2022-2023,End of Year Internationals
Johannes van Heerden,EOY22,2022-2023,End of Year Internationals
Joe Heyes,EOY22,2022-2023,End of Year Internationals
Siaki Vikilani,EOY22,2022-2023,End of Year Internationals
Dan Sheehan,EOY22,2022-2023,End of Year Internationals
Santiago Civetta,EOY22,2022-2023,End of Year Internationals
Manuel Leindekar,EOY22,2022-2023,End of Year Internationals
Noah Lolesio,EOY22,2022-2023,End of Year Internationals
Siosaia Fifita,EOY22,2022-2023,End of Year Internationals
Naoto Saito,EOY22,2022-2023,End of Year Internationals
Jamison Gibson-Park,EOY22,2022-2023,End of Year Internationals
Andy Christie,EOY22,2022-2023,End of Year Internationals
Ellis Genge,EOY22,2022-2023,End of Year Internationals
Jake Gordon,EOY22,2022-2023,End of Year Internationals
Zane Kapeli,EOY22,2022-2023,End of Year Internationals
Cliven Loubser,EOY22,2022-2023,End of Year Internationals
D'Angelo Leuila,EOY22,2022-2023,End of Year Internationals
Aaron Smith,EOY22,2022-2023,End of Year Internationals
Dane Blacker,EOY22,2022-2023,End of Year Internationals
Baltazar Amaya,EOY22,2022-2023,End of Year Internationals
Ben Tameifuna,EOY22,2022-2023,End of Year Internationals
Ben LeSage,EOY22,2022-2023,End of Year Internationals
Marius Iftimiciuc,EOY22,2022-2023,End of Year Internationals
Josiah Morra,EOY22,2022-2023,End of Year Internationals
Malakai Fekitoa,EOY22,2022-2023,End of Year Internationals
Joaquín Milesi,EOY22,2022-2023,End of Year Internationals
Adrea Cocagi,EOY22,2022-2023,End of Year Internationals
Mark Bennett,EOY22,2022-2023,End of Year Internationals
Iñaki Gurruchaga,EOY22,2022-2023,End of Year Internationals
Felipe Arcos Pérez,EOY22,2022-2023,End of Year Internationals
Tedo Abzhandadze,EOY22,2022-2023,End of Year Internationals
Sam Wainwright,EOY22,2022-2023,End of Year Internationals
Aka Tabutsadze,EOY22,2022-2023,End of Year Internationals
Francisco Gómez Kodela,EOY22,2022-2023,End of Year Internationals
Louis van der Westhuizen,EOY22,2022-2023,End of Year Internationals
Giorgi Chkoidze,EOY22,2022-2023,End of Year Internationals
Matías Orlando,EOY22,2022-2023,End of Year Internationals
Dylan Riley,EOY22,2022-2023,End of Year Internationals
Pieter-Steph du Toit,EOY22,2022-2023,End of Year Internationals
Kyle Sinckler,EOY22,2022-2023,End of Year Internationals
Nahuel Tetaz Chaparro,EOY22,2022-2023,End of Year Internationals
Giorgi Kveseladze,EOY22,2022-2023,End of Year Internationals
Le Roux Malan,EOY22,2022-2023,End of Year Internationals
Fraser McReight,EOY22,2022-2023,End of Year Internationals
Duhan van der Merwe,EOY22,2022-2023,End of Year Internationals
Jamie George,EOY22,2022-2023,End of Year Internationals
Tommy Freeman,EOY22,2022-2023,End of Year Internationals
Caelan Doris,EOY22,2022-2023,End of Year Internationals
Teti Tela,EOY22,2022-2023,End of Year Internationals
Lucas Paulos,EOY22,2022-2023,End of Year Internationals
Callum Botchar,EOY22,2022-2023,End of Year Internationals
Chemigan Beukes,EOY22,2022-2023,End of Year Internationals
Alexander Kuntelia,EOY22,2022-2023,End of Year Internationals
Tom O'Toole,EOY22,2022-2023,End of Year Internationals
Jordie Barrett,EOY22,2022-2023,End of Year Internationals
George Bower,EOY22,2022-2023,End of Year Internationals
Diego Escobar,EOY22,2022-2023,End of Year Internationals
Santiago Pedrero,EOY22,2022-2023,End of Year Internationals
Owen Watkin,EOY22,2022-2023,End of Year Internationals
Reece Hodge,EOY22,2022-2023,End of Year Internationals
Matheo Triki,EOY22,2022-2023,End of Year Internationals
Jonny Gray,EOY22,2022-2023,End of Year Internationals
Nodar Cheishvili,EOY22,2022-2023,End of Year Internationals
Patrick Tuipulotu,EOY22,2022-2023,End of Year Internationals
Willie du Plessis,EOY22,2022-2023,End of Year Internationals
Warren Ludwig,EOY22,2022-2023,End of Year Internationals
Dalton Papali'i,EOY22,2022-2023,End of Year Internationals
Cameron Woki,EOY22,2022-2023,End of Year Internationals
Marvin Orie,EOY22,2022-2023,End of Year Internationals
Bundee Aki,EOY22,2022-2023,End of Year Internationals
Chris Harris,EOY22,2022-2023,End of Year Internationals
Luteru Tolai,EOY22,2022-2023,End of Year Internationals
Kenji Shimokawa,EOY22,2022-2023,End of Year Internationals
Temo Mayanavanua,EOY22,2022-2023,End of Year Internationals
George North,EOY22,2022-2023,End of Year Internationals
Santiago Ovejero,EOY22,2022-2023,End of Year Internationals
Monty Ioane,EOY22,2022-2023,End of Year Internationals
Ignacio Ruiz,EOY22,2022-2023,End of Year Internationals
Robert Neagu,EOY22,2022-2023,End of Year Internationals
Andrew Kellaway,EOY22,2022-2023,End of Year Internationals
Victor Leon,EOY22,2022-2023,End of Year Internationals
Bernard Foley,EOY22,2022-2023,End of Year Internationals
Finlay Bealham,EOY22,2022-2023,End of Year Internationals
Shannon Frizell,EOY22,2022-2023,End of Year Internationals
Augusto Böhme,EOY22,2022-2023,End of Year Internationals
Joe Hawkins,EOY22,2022-2023,End of Year Internationals
Lautaro Bazán,EOY22,2022-2023,End of Year Internationals
Ignacio Dotti,EOY22,2022-2023,End of Year Internationals
Kieran Treadwell,EOY22,2022-2023,End of Year Internationals
Felipe Berchesi,EOY22,2022-2023,End of Year Internationals
Livai Natave,EOY22,2022-2023,End of Year Internationals
Reda Wardi,EOY22,2022-2023,End of Year Internationals
Joe Apikotoa,EOY22,2022-2023,End of Year Internationals
Ignacio Silva,EOY22,2022-2023,End of Year Internationals
Joey Carbery,EOY22,2022-2023,End of Year Internationals
Sam Cane,EOY22,2022-2023,End of Year Internationals
Ken Owens,EOY22,2022-2023,End of Year Internationals
Vasile Balan,EOY22,2022-2023,End of Year Internationals
Adam Hastings,EOY22,2022-2023,End of Year Internationals
Facundo Isa,EOY22,2022-2023,End of Year Internationals
Tadhg Furlong,EOY22,2022-2023,End of Year Internationals
Mack Hansen,EOY22,2022-2023,End of Year Internationals
Cristi Chirică,EOY22,2022-2023,End of Year Internationals
Gonzalo López Bontempo,EOY22,2022-2023,End of Year Internationals
Niccolò Cannone,EOY22,2022-2023,End of Year Internationals
Api Ratuniyarawa,EOY22,2022-2023,End of Year Internationals
Matt Fagerson,EOY22,2022-2023,End of Year Internationals
Tomás Lavanini,EOY22,2022-2023,End of Year Internationals
Josh Larsen,EOY22,2022-2023,End of Year Internationals
Manie Libbok,EOY22,2022-2023,End of Year Internationals
Brodie Retallick,EOY22,2022-2023,End of Year Internationals
Hunter Paisami,EOY22,2022-2023,End of Year Internationals
Tommaso Menoncello,EOY22,2022-2023,End of Year Internationals
Lalakai Foketi,EOY22,2022-2023,End of Year Internationals
Joe McCarthy,EOY22,2022-2023,End of Year Internationals
Hayata Nakao,EOY22,2022-2023,End of Year Internationals
Jesse Kriel,EOY22,2022-2023,End of Year Internationals
Jordan Petaia,EOY22,2022-2023,End of Year Internationals
Tevita Ikanivere,EOY22,2022-2023,End of Year Internationals
Koen Bloemen,EOY22,2022-2023,End of Year Internationals
Jed Holloway,EOY22,2022-2023,End of Year Internationals
Beauden Barrett,EOY22,2022-2023,End of Year Internationals
Salmaan Moerat,EOY22,2022-2023,End of Year Internationals
Jack Singleton,EOY22,2022-2023,End of Year Internationals
Gareth Thomas,EOY22,2022-2023,End of Year Internationals
Matías Alemanno,EOY22,2022-2023,End of Year Internationals
Pablo Huete,EOY22,2022-2023,End of Year Internationals
Alejandro Alonso,EOY22,2022-2023,End of Year Internationals
Andrés Vilaseca,EOY22,2022-2023,End of Year Internationals
Kazuki Himeno,EOY22,2022-2023,End of Year Internationals
Sione Havili Talitui,EOY22,2022-2023,End of Year Internationals
Glen Young,EOY22,2022-2023,End of Year Internationals
Hinckley Vaovasa,EOY22,2022-2023,End of Year Internationals
Ange Capuozzo,EOY22,2022-2023,End of Year Internationals
Michele Lamaro,EOY22,2022-2023,End of Year Internationals
Manuel Diana,EOY22,2022-2023,End of Year Internationals
Kyle Baillie,EOY22,2022-2023,End of Year Internationals
Rik van Balkom,EOY22,2022-2023,End of Year Internationals
Jock Campbell,EOY22,2022-2023,End of Year Internationals
Guram Papidze,EOY22,2022-2023,End of Year Internationals
Simone Ferrari,EOY22,2022-2023,End of Year Internationals
Alapati Leiua,EOY22,2022-2023,End of Year Internationals
Lee Seung-sin,EOY22,2022-2023,End of Year Internationals
Solomone Funaki,EOY22,2022-2023,End of Year Internationals
Manu Tuilagi,EOY22,2022-2023,End of Year Internationals
Manuel Ardao,EOY22,2022-2023,End of Year Internationals
Alex Cuthbert,EOY22,2022-2023,End of Year Internationals
Luke Cowan-Dickie,EOY22,2022-2023,End of Year Internationals
Fletcher Newell,EOY22,2022-2023,End of Year Internationals
Sam Moli,EOY22,2022-2023,End of Year Internationals
Matías Garafulic,EOY22,2022-2023,End of Year Internationals
Ignacio Brex,EOY22,2022-2023,End of Year Internationals
Fetuli Paea,EOY22,2022-2023,End of Year Internationals
Ryohei Yamanaka,EOY22,2022-2023,End of Year Internationals
Maro Itoje,EOY22,2022-2023,End of Year Internationals
Willie le Roux,EOY22,2022-2023,End of Year Internationals
Julien Marchand,EOY22,2022-2023,End of Year Internationals
Anthony Jelonch,EOY22,2022-2023,End of Year Internationals
Sione Tuipulotu,EOY22,2022-2023,End of Year Internationals
Juan Martín González,EOY22,2022-2023,End of Year Internationals
Vincent Koch,EOY22,2022-2023,End of Year Internationals
Bastien Chalureau,EOY22,2022-2023,End of Year Internationals
Richard Hardwick,EOY22,2022-2023,End of Year Internationals
Ratu Peni Matawalu,EOY22,2022-2023,End of Year Internationals
Mario Pichardie,EOY22,2022-2023,End of Year Internationals
Yutaka Nagare,EOY22,2022-2023,End of Year Internationals
David Richard,EOY22,2022-2023,End of Year Internationals
Louis Rees-Zammit,EOY22,2022-2023,End of Year Internationals
Rodrigo Silva,EOY22,2022-2023,End of Year Internationals
Kurt-Lee Arendse,EOY22,2022-2023,End of Year Internationals
Finlay Christie,EOY22,2022-2023,End of Year Internationals
Sam Costelow,EOY22,2022-2023,End of Year Internationals
Enrico Lucchin,EOY22,2022-2023,End of Year Internationals
Ryoto Nakamura,EOY22,2022-2023,End of Year Internationals
Andrew Coe,EOY22,2022-2023,End of Year Internationals
George Moala,EOY22,2022-2023,End of Year Internationals
Tanginoa Halaifonua,EOY22,2022-2023,End of Year Internationals
Lindsey Stevens,EOY22,2022-2023,End of Year Internationals
Steven Kitshoff,EOY22,2022-2023,End of Year Internationals
Sam Whitelock,EOY22,2022-2023,End of Year Internationals
Ivan Nemer,EOY22,2022-2023,End of Year Internationals
Alejandro Suárez,EOY22,2022-2023,End of Year Internationals
Romain Ntamack,EOY22,2022-2023,End of Year Internationals
Gonzalo Bertranou,EOY22,2022-2023,End of Year Internationals
Dalton Papalii,EOY22,2022-2023,End of Year Internationals
Janco Venter,EOY22,2022-2023,End of Year Internationals
Tadhg Beirne,EOY22,2022-2023,End of Year Internationals
Jay Fonokalafi,EOY22,2022-2023,End of Year Internationals
David Lolohea,EOY22,2022-2023,End of Year Internationals
Dany Priso,EOY22,2022-2023,End of Year Internationals
Josh Thiel,EOY22,2022-2023,End of Year Internationals
Grant Gilchrist,EOY22,2022-2023,End of Year Internationals
Alex Coles,EOY22,2022-2023,End of Year Internationals
Stuart McCloskey,EOY22,2022-2023,End of Year Internationals
André van den Berg,EOY22,2022-2023,End of Year Internationals
Christ Tshiunza,EOY22,2022-2023,End of Year Internationals
Danilo Fischetti,EOY22,2022-2023,End of Year Internationals
Ross Bennie-Coulson,EOY22,2022-2023,End of Year Internationals
Tau Koloamatangi,EOY22,2022-2023,End of Year Internationals
Jonathan Danty,EOY22,2022-2023,End of Year Internationals
Tom Curry,EOY22,2022-2023,End of Year Internationals
Tomás Albornoz,EOY22,2022-2023,End of Year Internationals
Ben Carter,EOY22,2022-2023,End of Year Internationals
Cian Prendergast,EOY22,2022-2023,End of Year Internationals
Cameron Redpath,EOY22,2022-2023,End of Year Internationals
Conor Keys,EOY22,2022-2023,End of Year Internationals
Djustice Sears-Duru,EOY22,2022-2023,End of Year Internationals
Tomás Dussaillant,EOY22,2022-2023,End of Year Internationals
Siya Kolisi,EOY22,2022-2023,End of Year Internationals
Juan Echeverría,EOY22,2022-2023,End of Year Internationals
Will Skelton,EOY22,2022-2023,End of Year Internationals
Sekou Macalou,EOY22,2022-2023,End of Year Internationals
Lucas Bianchi,EOY22,2022-2023,End of Year Internationals
Jason Higgins,EOY22,2022-2023,End of Year Internationals
Frank Lomani,EOY22,2022-2023,End of Year Internationals
Jack Conan,EOY22,2022-2023,End of Year Internationals
Manasa Saulo,EOY22,2022-2023,End of Year Internationals
Brad Weber,EOY22,2022-2023,End of Year Internationals
Ewan Ashman,EOY22,2022-2023,End of Year Internationals
William Havili,EOY22,2022-2023,End of Year Internationals
WP Nel,EOY22,2022-2023,End of Year Internationals
Cheslin Kolbe,EOY22,2022-2023,End of Year Internationals
Steve Mafi,EOY22,2022-2023,End of Year Internationals
Evan Roos,EOY22,2022-2023,End of Year Internationals
Takeshi Hino,EOY22,2022-2023,End of Year Internationals
Caleb Clarke,EOY22,2022-2023,End of Year Internationals
Joel Merkler,EOY22,2022-2023,End of Year Internationals
Max Katjijeko,EOY22,2022-2023,End of Year Internationals
Manuel Zuliani,EOY22,2022-2023,End of Year Internationals
David Ribbans,EOY22,2022-2023,End of Year Internationals
Julián Montoya,EOY22,2022-2023,End of Year Internationals
Lood de Jager,EOY22,2022-2023,End of Year Internationals
Peter Lydon,EOY22,2022-2023,End of Year Internationals
Fonovai Tangimana,EOY22,2022-2023,End of Year Internationals
Florian Verhaeghe,EOY22,2022-2023,End of Year Internationals
Jim Boelrijk,EOY22,2022-2023,End of Year Internationals
Freddie Steward,EOY22,2022-2023,End of Year Internationals
Bautista Delguy,EOY22,2022-2023,End of Year Internationals
Stuart Hogg,EOY22,2022-2023,End of Year Internationals
Mateo Carreras,EOY22,2022-2023,End of Year Internationals
Ionuț Mureșan,EOY22,2022-2023,End of Year Internationals
Juan Zuccarino,EOY22,2022-2023,End of Year Internationals
Matthieu Jalibert,EOY22,2022-2023,End of Year Internationals
Tyrel Lomax,EOY22,2022-2023,End of Year Internationals
Cobus Reinach,EOY22,2022-2023,End of Year Internationals
Darcy Swain,EOY22,2022-2023,End of Year Internationals
Tudor Boldor,EOY22,2022-2023,End of Year Internationals
Jack van Poortvliet,EOY22,2022-2023,End of Year Internationals
Owen Farrell,EOY22,2022-2023,End of Year Internationals
Santiago Álvarez,EOY22,2022-2023,End of Year Internationals
Julen Goia,EOY22,2022-2023,End of Year Internationals
Casper Viviers,EOY22,2022-2023,End of Year Internationals
Taulupe Faletau,EOY22,2022-2023,End of Year Internationals
Gareth Anscombe,EOY22,2022-2023,End of Year Internationals
Simione Kuruvoli,EOY22,2022-2023,End of Year Internationals
Alexandru Bucur,EOY22,2022-2023,End of Year Internationals
Phil Kite,EOY22,2022-2023,End of Year Internationals
Folau Fainga'a,EOY22,2022-2023,End of Year Internationals
Conor Murray,EOY22,2022-2023,End of Year Internationals
Eroni Mawi,EOY22,2022-2023,End of Year Internationals
Leva Fifita,EOY22,2022-2023,End of Year Internationals
Afusipa Taumoepeau,EOY22,2022-2023,End of Year Internationals
Damian Penaud,EOY22,2022-2023,End of Year Internationals
Lado Chachanidze,EOY22,2022-2023,End of Year Internationals
Isoa Nasilasila,EOY22,2022-2023,End of Year Internationals
Felipe Aliaga,EOY22,2022-2023,End of Year Internationals
Jasper Wiese,EOY22,2022-2023,End of Year Internationals
Marius Simionescu,EOY22,2022-2023,End of Year Internationals
Pablo Casas,EOY22,2022-2023,End of Year Internationals
Anzelo Tuitavuki,EOY22,2022-2023,End of Year Internationals
Johan Deysel,EOY22,2022-2023,End of Year Internationals
Adam Beard,EOY22,2022-2023,End of Year Internationals
Pablo Miejimolle,EOY22,2022-2023,End of Year Internationals
Craig Casey,EOY22,2022-2023,End of Year Internationals
Marcos Kremer,EOY22,2022-2023,End of Year Internationals
Sioeli Lama,EOY22,2022-2023,End of Year Internationals
Clemente Saavedra,EOY22,2022-2023,End of Year Internationals
Jonathan Taumateine,EOY22,2022-2023,End of Year Internationals
James Ryan,EOY22,2022-2023,End of Year Internationals
Spike Salman,EOY22,2022-2023,End of Year Internationals
Rob Herring,EOY22,2022-2023,End of Year Internationals
Manu Leiataua,EOY22,2022-2023,End of Year Internationals
Santiago Videla,EOY22,2022-2023,End of Year Internationals
Tom Robertson,EOY22,2022-2023,End of Year Internationals
Duncan Paia'aua,EOY22,2022-2023,End of Year Internationals
Sebastian Negri,EOY22,2022-2023,End of Year Internationals
Alessandro Garbisi,EOY22,2022-2023,End of Year Internationals
Leroy Van Dam,EOY22,2022-2023,End of Year Internationals
Jordan Lay,EOY22,2022-2023,End of Year Internationals
Richie Gray,EOY22,2022-2023,End of Year Internationals
Rieko Ioane,EOY22,2022-2023,End of Year Internationals
Antoine Dupont,EOY22,2022-2023,End of Year Internationals
Kosuke Horikoshi,EOY22,2022-2023,End of Year Internationals
Codie Taylor,EOY22,2022-2023,End of Year Internationals
Lukas Carvallo,EOY22,2022-2023,End of Year Internationals
Mihai Macovei,EOY22,2022-2023,End of Year Internationals
Brice Ferrer,EOY22,2022-2023,End of Year Internationals
Damien Hoyland,EOY22,2022-2023,End of Year Internationals
Tevita Tatafu,EOY22,2022-2023,End of Year Internationals
TJ Perenara,EOY22,2022-2023,End of Year Internationals
Leigh Halfpenny,EOY22,2022-2023,End of Year Internationals
Waisea Nayacalevu,EOY22,2022-2023,End of Year Internationals
Mark Tele'a,EOY22,2022-2023,End of Year Internationals
Ben Donaldson,EOY22,2022-2023,End of Year Internationals
Kerman Aurrekoetxea,EOY22,2022-2023,End of Year Internationals
Paolo Garbisi,EOY22,2022-2023,End of Year Internationals
Bongi Mbonambi,EOY22,2022-2023,End of Year Internationals
Marco van Staden,EOY22,2022-2023,End of Year Internationals
Cooper Coats,EOY22,2022-2023,End of Year Internationals
Tomas Francis,EOY22,2022-2023,End of Year Internationals
Josh Adams,EOY22,2022-2023,End of Year Internationals
Gabriel Rupanu,EOY22,2022-2023,End of Year Internationals
Wolf van Dijk,EOY22,2022-2023,End of Year Internationals
TC Kisting,EOY22,2022-2023,End of Year Internationals
Kitione Kamikamica,EOY22,2022-2023,End of Year Internationals
Henry Slade,EOY22,2022-2023,End of Year Internationals
Albert Tuisue,EOY22,2022-2023,End of Year Internationals
Ross Thompson,EOY22,2022-2023,End of Year Internationals
Johnny Sexton,EOY22,2022-2023,End of Year Internationals
Ben White,EOY22,2022-2023,End of Year Internationals
Samisoni Taukei'aho,EOY22,2022-2023,End of Year Internationals
Eduardo Bello,EOY22,2022-2023,End of Year Internationals
Ryan Elias,EOY22,2022-2023,End of Year Internationals
Piula Faʻasalele,EOY22,2022-2023,End of Year Internationals
Rodney Iona,EOY22,2022-2023,End of Year Internationals
Ofa Tu'ungafasi,EOY22,2022-2023,End of Year Internationals
Sireli Maqala,EOY22,2022-2023,End of Year Internationals
Stacey Ili,EOY22,2022-2023,End of Year Internationals
Josh van der Flier,EOY22,2022-2023,End of Year Internationals
Johan Retief,EOY22,2022-2023,End of Year Internationals
Nika Abuladze,EOY22,2022-2023,End of Year Internationals
Facundo Gattas,EOY22,2022-2023,End of Year Internationals
Germán Kessler,EOY22,2022-2023,End of Year Internationals
Te Hauora Campbell,EOY22,2022-2023,End of Year Internationals
Santiago Medrano,EOY22,2022-2023,End of Year Internationals
Wian Conradie,EOY22,2022-2023,End of Year Internationals
Pierre Bruno,EOY22,2022-2023,End of Year Internationals
Felipe Echeverry,EOY22,2022-2023,End of Year Internationals
Atila Septar,EOY22,2022-2023,End of Year Internationals
Manuel Mora,EOY22,2022-2023,End of Year Internationals
Theo McFarland,EOY22,2022-2023,End of Year Internationals
Nicolas Rocaríes,EOY22,2022-2023,End of Year Internationals
Allan Alaalatoa,EOY22,2022-2023,End of Year Internationals
Yoram Moefana,EOY22,2022-2023,End of Year Internationals
Finn Russell,EOY22,2022-2023,End of Year Internationals
Tomasi Alosio,EOY22,2022-2023,End of Year Internationals
Piers von Dadelszen,EOY22,2022-2023,End of Year Internationals
Taleni Seu,EOY22,2022-2023,End of Year Internationals
Marcelo Torrealba,EOY22,2022-2023,End of Year Internationals
Deon Fourie,EOY22,2022-2023,End of Year Internationals
Lodi Buijs,EOY22,2022-2023,End of Year Internationals
Dirk Wierenga,EOY22,2022-2023,End of Year Internationals
Siate Tokolahi,EOY22,2022-2023,End of Year Internationals
Ollie Smith,EOY22,2022-2023,End of Year Internationals
James Slipper,EOY22,2022-2023,End of Year Internationals
Jack Willis,6N23,2022-2023,6 Nations
Romain Taofifénua,6N23,2022-2023,6 Nations
Christ Tshiunza,6N23,2022-2023,6 Nations
Danilo Fischetti,6N23,2022-2023,6 Nations
Andrew Porter,6N23,2022-2023,6 Nations
Jonathan Danty,6N23,2022-2023,6 Nations
Zander Fagerson,6N23,2022-2023,6 Nations
Rory Sutherland,6N23,2022-2023,6 Nations
Cyril Baille,6N23,2022-2023,6 Nations
Cameron Redpath,6N23,2022-2023,6 Nations
François Cros,6N23,2022-2023,6 Nations
Kyle Sinckler,6N23,2022-2023,6 Nations
Rónan Kelleher,6N23,2022-2023,6 Nations
Nick Isiekwe,6N23,2022-2023,6 Nations
Sekou Macalou,6N23,2022-2023,6 Nations
Jack Dempsey,6N23,2022-2023,6 Nations
Jack Conan,6N23,2022-2023,6 Nations
Ewan Ashman,6N23,2022-2023,6 Nations
Jamie George,6N23,2022-2023,6 Nations
Duhan van der Merwe,6N23,2022-2023,6 Nations
Kyle Steyn,6N23,2022-2023,6 Nations
Ollie Chessum,6N23,2022-2023,6 Nations
WP Nel,6N23,2022-2023,6 Nations
Caelan Doris,6N23,2022-2023,6 Nations
Jake Polledri,6N23,2022-2023,6 Nations
Mohamed Haouas,6N23,2022-2023,6 Nations
Jac Morgan,6N23,2022-2023,6 Nations
Anthony Watson,6N23,2022-2023,6 Nations
Tom O'Toole,6N23,2022-2023,6 Nations
Hugo Keenan,6N23,2022-2023,6 Nations
Simon Berghan,6N23,2022-2023,6 Nations
Jonny Gray,6N23,2022-2023,6 Nations
Lorenzo Cannone,6N23,2022-2023,6 Nations
Hamish Watson,6N23,2022-2023,6 Nations
Baptiste Couilloud,6N23,2022-2023,6 Nations
Bundee Aki,6N23,2022-2023,6 Nations
Manuel Zuliani,6N23,2022-2023,6 Nations
David Ribbans,6N23,2022-2023,6 Nations
Charles Ollivon,6N23,2022-2023,6 Nations
Chris Harris,6N23,2022-2023,6 Nations
Scott Baldwin,6N23,2022-2023,6 Nations
Freddie Steward,6N23,2022-2023,6 Nations
George North,6N23,2022-2023,6 Nations
Thibaud Flament,6N23,2022-2023,6 Nations
Ali Price,6N23,2022-2023,6 Nations
Ollie Lawrence,6N23,2022-2023,6 Nations
Stuart Hogg,6N23,2022-2023,6 Nations
Henry Arundell,6N23,2022-2023,6 Nations
Rhys Davies,6N23,2022-2023,6 Nations
Tommy Reffell,6N23,2022-2023,6 Nations
Matthieu Jalibert,6N23,2022-2023,6 Nations
Melvyn Jaminet,6N23,2022-2023,6 Nations
Uini Atonio,6N23,2022-2023,6 Nations
Finlay Bealham,6N23,2022-2023,6 Nations
Rio Dyer,6N23,2022-2023,6 Nations
Dafydd Jenkins,6N23,2022-2023,6 Nations
Owen Williams,6N23,2022-2023,6 Nations
Cian Healy,6N23,2022-2023,6 Nations
Thomas Lavault,6N23,2022-2023,6 Nations
Courtney Lawes,6N23,2022-2023,6 Nations
Jack van Poortvliet,6N23,2022-2023,6 Nations
George Horne,6N23,2022-2023,6 Nations
Jack Crowley,6N23,2022-2023,6 Nations
Max Malins,6N23,2022-2023,6 Nations
Owen Farrell,6N23,2022-2023,6 Nations
Tomos Williams,6N23,2022-2023,6 Nations
Joe Hawkins,6N23,2022-2023,6 Nations
Aaron Wainwright,6N23,2022-2023,6 Nations
Taulupe Faletau,6N23,2022-2023,6 Nations
Blair Kinghorn,6N23,2022-2023,6 Nations
Kieran Treadwell,6N23,2022-2023,6 Nations
Reda Wardi,6N23,2022-2023,6 Nations
Luca Morisi,6N23,2022-2023,6 Nations
Huw Jones,6N23,2022-2023,6 Nations
Fraser Brown,6N23,2022-2023,6 Nations
Bradley Roberts,6N23,2022-2023,6 Nations
Mako Vunipola,6N23,2022-2023,6 Nations
Romain Taofifenua,6N23,2022-2023,6 Nations
Dave Kilcoyne,6N23,2022-2023,6 Nations
Luca Bigi,6N23,2022-2023,6 Nations
Conor Murray,6N23,2022-2023,6 Nations
Damian Penaud,6N23,2022-2023,6 Nations
Ken Owens,6N23,2022-2023,6 Nations
Jack Walker,6N23,2022-2023,6 Nations
Tadhg Furlong,6N23,2022-2023,6 Nations
James Lowe,6N23,2022-2023,6 Nations
Sam Skinner,6N23,2022-2023,6 Nations
Mack Hansen,6N23,2022-2023,6 Nations
Stephen Varney,6N23,2022-2023,6 Nations
Adam Beard,6N23,2022-2023,6 Nations
Marco Zanon,6N23,2022-2023,6 Nations
Niccolò Cannone,6N23,2022-2023,6 Nations
Grégory Alldritt,6N23,2022-2023,6 Nations
Craig Casey,6N23,2022-2023,6 Nations
Matt Fagerson,6N23,2022-2023,6 Nations
James Ryan,6N23,2022-2023,6 Nations
Rob Herring,6N23,2022-2023,6 Nations
Marco Riccioni,6N23,2022-2023,6 Nations
Tommaso Menoncello,6N23,2022-2023,6 Nations
Ben Healy,6N23,2022-2023,6 Nations
Maxime Lucu,6N23,2022-2023,6 Nations
Alun Wyn Jones,6N23,2022-2023,6 Nations
Sebastian Negri,6N23,2022-2023,6 Nations
Alessandro Garbisi,6N23,2022-2023,6 Nations
Nick Tompkins,6N23,2022-2023,6 Nations
Gareth Thomas,6N23,2022-2023,6 Nations
Ben Youngs,6N23,2022-2023,6 Nations
Richie Gray,6N23,2022-2023,6 Nations
Sipili Falatea,6N23,2022-2023,6 Nations
Ethan Dumortier,6N23,2022-2023,6 Nations
Antoine Dupont,6N23,2022-2023,6 Nations
Jimmy O'Brien,6N23,2022-2023,6 Nations
Rhys Patchell,6N23,2022-2023,6 Nations
Peter O'Mahony,6N23,2022-2023,6 Nations
Federico Zani,6N23,2022-2023,6 Nations
Garry Ringrose,6N23,2022-2023,6 Nations
Ollie Hassell-Collins,6N23,2022-2023,6 Nations
Giovanni Pettinelli,6N23,2022-2023,6 Nations
Ange Capuozzo,6N23,2022-2023,6 Nations
Michele Lamaro,6N23,2022-2023,6 Nations
Leigh Halfpenny,6N23,2022-2023,6 Nations
Federico Ruzza,6N23,2022-2023,6 Nations
Kieran Hardy,6N23,2022-2023,6 Nations
Ben Curry,6N23,2022-2023,6 Nations
Pierre Schoeman,6N23,2022-2023,6 Nations
Dorian Aldegheri,6N23,2022-2023,6 Nations
Simone Ferrari,6N23,2022-2023,6 Nations
Dan Biggar,6N23,2022-2023,6 Nations
Giacomo Nicotera,6N23,2022-2023,6 Nations
Thomas Ramos,6N23,2022-2023,6 Nations
Paolo Garbisi,6N23,2022-2023,6 Nations
Josh Adams,6N23,2022-2023,6 Nations
Tomas Francis,6N23,2022-2023,6 Nations
Lewis Ludlam,6N23,2022-2023,6 Nations
Pietro Ceccarelli,6N23,2022-2023,6 Nations
Wyn Jones,6N23,2022-2023,6 Nations
Alex Cuthbert,6N23,2022-2023,6 Nations
Manu Tuilagi,6N23,2022-2023,6 Nations
Alex Dombrandt,6N23,2022-2023,6 Nations
Ben Earl,6N23,2022-2023,6 Nations
Simone Gesi,6N23,2022-2023,6 Nations
Alex Mitchell,6N23,2022-2023,6 Nations
Ryan Baird,6N23,2022-2023,6 Nations
Henry Slade,6N23,2022-2023,6 Nations
Dan Cole,6N23,2022-2023,6 Nations
Jamie Ritchie,6N23,2022-2023,6 Nations
Ignacio Brex,6N23,2022-2023,6 Nations
Johnny Sexton,6N23,2022-2023,6 Nations
Maro Itoje,6N23,2022-2023,6 Nations
Ben White,6N23,2022-2023,6 Nations
Edoardo Padovani,6N23,2022-2023,6 Nations
Julien Marchand,6N23,2022-2023,6 Nations
Marcus Smith,6N23,2022-2023,6 Nations
Nolann Le Garrec,6N23,2022-2023,6 Nations
Anthony Jelonch,6N23,2022-2023,6 Nations
Sione Tuipulotu,6N23,2022-2023,6 Nations
Scott Cummings,6N23,2022-2023,6 Nations
Bastien Chalureau,6N23,2022-2023,6 Nations
Iain Henderson,6N23,2022-2023,6 Nations
Peato Mauvaka,6N23,2022-2023,6 Nations
Luke Crosbie,6N23,2022-2023,6 Nations
Rhys Webb,6N23,2022-2023,6 Nations
Ross Byrne,6N23,2022-2023,6 Nations
Robbie Henshaw,6N23,2022-2023,6 Nations
Josh van der Flier,6N23,2022-2023,6 Nations
Rhys Carré,6N23,2022-2023,6 Nations
Louis Rees-Zammit,6N23,2022-2023,6 Nations
Paul Willemse,6N23,2022-2023,6 Nations
Dan Sheehan,6N23,2022-2023,6 Nations
Marco Manfredi,6N23,2022-2023,6 Nations
Jamison Gibson-Park,6N23,2022-2023,6 Nations
Pierre Bruno,6N23,2022-2023,6 Nations
Ellis Genge,6N23,2022-2023,6 Nations
Liam Williams,6N23,2022-2023,6 Nations
Justin Tipuric,6N23,2022-2023,6 Nations
Jamie Bhatti,6N23,2022-2023,6 Nations
Gaël Fickou,6N23,2022-2023,6 Nations
Alessandro Fusco,6N23,2022-2023,6 Nations
Gaëtan Barlot,6N23,2022-2023,6 Nations
Edoardo Iachizzi,6N23,2022-2023,6 Nations
Yoram Moefana,6N23,2022-2023,6 Nations
Dillon Lewis,6N23,2022-2023,6 Nations
Finn Russell,6N23,2022-2023,6 Nations
Romain Ntamack,6N23,2022-2023,6 Nations
Joe Marchant,6N23,2022-2023,6 Nations
Tommaso Allan,6N23,2022-2023,6 Nations
George Turner,6N23,2022-2023,6 Nations
Tadhg Beirne,6N23,2022-2023,6 Nations
Grant Gilchrist,6N23,2022-2023,6 Nations
Ollie Smith,6N23,2022-2023,6 Nations
Stuart McCloskey,6N23,2022-2023,6 Nations
Leon Brown,6N23,2022-2023,6 Nations
Mason Grady,6N23,2022-2023,6 Nations
Romain Taofifénua,6N24,2023-2024,6 Nations
Immanuel Feyi-Waboso,6N24,2023-2024,6 Nations
Nicolas Depoortère,6N24,2023-2024,6 Nations
Danilo Fischetti,6N24,2023-2024,6 Nations
Grant Gilchrist,6N24,2023-2024,6 Nations
Andrew Porter,6N24,2023-2024,6 Nations
Jonathan Danty,6N24,2023-2024,6 Nations
Zander Fagerson,6N24,2023-2024,6 Nations
Rory Sutherland,6N24,2023-2024,6 Nations
Cyril Baille,6N24,2023-2024,6 Nations
Cameron Redpath,6N24,2023-2024,6 Nations
François Cros,6N24,2023-2024,6 Nations
Will Rowlands,6N24,2023-2024,6 Nations
Esteban Abadie,6N24,2023-2024,6 Nations
Leonardo Marin,6N24,2023-2024,6 Nations
Rónan Kelleher,6N24,2023-2024,6 Nations
Theo Dan,6N24,2023-2024,6 Nations
Jack Dempsey,6N24,2023-2024,6 Nations
Georges-Henri Colombe,6N24,2023-2024,6 Nations
Jack Conan,6N24,2023-2024,6 Nations
Oli Jager,6N24,2023-2024,6 Nations
Ewan Ashman,6N24,2023-2024,6 Nations
Jamie George,6N24,2023-2024,6 Nations
Duhan van der Merwe,6N24,2023-2024,6 Nations
Kyle Steyn,6N24,2023-2024,6 Nations
Tommy Freeman,6N24,2023-2024,6 Nations
Ethan Roots,6N24,2023-2024,6 Nations
Gianmarco Lucchesi,6N24,2023-2024,6 Nations
Harry Paterson,6N24,2023-2024,6 Nations
Ollie Chessum,6N24,2023-2024,6 Nations
Joe Marler,6N24,2023-2024,6 Nations
Caelan Doris,6N24,2023-2024,6 Nations
Ciarán Frawley,6N24,2023-2024,6 Nations
Beno Obano,6N24,2023-2024,6 Nations
Tom O'Toole,6N24,2023-2024,6 Nations
Louis Lynagh,6N24,2023-2024,6 Nations
Stafford McDowall,6N24,2023-2024,6 Nations
Teddy Williams,6N24,2023-2024,6 Nations
Hugo Keenan,6N24,2023-2024,6 Nations
Owen Watkin,6N24,2023-2024,6 Nations
Lorenzo Cannone,6N24,2023-2024,6 Nations
Evan Lloyd,6N24,2023-2024,6 Nations
Ioan Lloyd,6N24,2023-2024,6 Nations
Cameron Woki,6N24,2023-2024,6 Nations
Bundee Aki,6N24,2023-2024,6 Nations
Manuel Zuliani,6N24,2023-2024,6 Nations
Harry Byrne,6N24,2023-2024,6 Nations
Charles Ollivon,6N24,2023-2024,6 Nations
Cameron Winnett,6N24,2023-2024,6 Nations
Andrea Zambonin,6N24,2023-2024,6 Nations
Freddie Steward,6N24,2023-2024,6 Nations
George North,6N24,2023-2024,6 Nations
Thibaud Flament,6N24,2023-2024,6 Nations
Ali Price,6N24,2023-2024,6 Nations
Ollie Lawrence,6N24,2023-2024,6 Nations
Monty Ioane,6N24,2023-2024,6 Nations
Rory Darge,6N24,2023-2024,6 Nations
Harri O'Connor,6N24,2023-2024,6 Nations
Sam Underhill,6N24,2023-2024,6 Nations
Calvin Nash,6N24,2023-2024,6 Nations
Tommy Reffell,6N24,2023-2024,6 Nations
Matthieu Jalibert,6N24,2023-2024,6 Nations
Uini Atonio,6N24,2023-2024,6 Nations
Finlay Bealham,6N24,2023-2024,6 Nations
Rio Dyer,6N24,2023-2024,6 Nations
Elliot Daly,6N24,2023-2024,6 Nations
Dafydd Jenkins,6N24,2023-2024,6 Nations
Cian Healy,6N24,2023-2024,6 Nations
Sébastien Taofifénua,6N24,2023-2024,6 Nations
Archie Griffin,6N24,2023-2024,6 Nations
Cai Evans,6N24,2023-2024,6 Nations
Jack Crowley,6N24,2023-2024,6 Nations
George Horne,6N24,2023-2024,6 Nations
George Furbank,6N24,2023-2024,6 Nations
Tomos Williams,6N24,2023-2024,6 Nations
Aaron Wainwright,6N24,2023-2024,6 Nations
Blair Kinghorn,6N24,2023-2024,6 Nations
Reda Wardi,6N24,2023-2024,6 Nations
Fraser Dingwall,6N24,2023-2024,6 Nations
Huw Jones,6N24,2023-2024,6 Nations
Alec Hepburn,6N24,2023-2024,6 Nations
Ben Spencer,6N24,2023-2024,6 Nations
Conor Murray,6N24,2023-2024,6 Nations
Lorenzo Pani,6N24,2023-2024,6 Nations
Damian Penaud,6N24,2023-2024,6 Nations
Federico Mori,6N24,2023-2024,6 Nations
Tadhg Furlong,6N24,2023-2024,6 Nations
James Lowe,6N24,2023-2024,6 Nations
Sam Skinner,6N24,2023-2024,6 Nations
Stephen Varney,6N24,2023-2024,6 Nations
Kyle Rowe,6N24,2023-2024,6 Nations
Adam Beard,6N24,2023-2024,6 Nations
James Botham,6N24,2023-2024,6 Nations
Niccolò Cannone,6N24,2023-2024,6 Nations
Grégory Alldritt,6N24,2023-2024,6 Nations
Jordan Larmour,6N24,2023-2024,6 Nations
Craig Casey,6N24,2023-2024,6 Nations
Matt Fagerson,6N24,2023-2024,6 Nations
Will Stuart,6N24,2023-2024,6 Nations
James Ryan,6N24,2023-2024,6 Nations
Mackenzie Martin,6N24,2023-2024,6 Nations
Tommaso Menoncello,6N24,2023-2024,6 Nations
Joe McCarthy,6N24,2023-2024,6 Nations
Ben Healy,6N24,2023-2024,6 Nations
Maxime Lucu,6N24,2023-2024,6 Nations
Martin Page-Relo,6N24,2023-2024,6 Nations
Keiron Assiratti,6N24,2023-2024,6 Nations
Alessandro Garbisi,6N24,2023-2024,6 Nations
Sebastian Negri,6N24,2023-2024,6 Nations
Elliot Dee,6N24,2023-2024,6 Nations
Nick Tompkins,6N24,2023-2024,6 Nations
Richie Gray,6N24,2023-2024,6 Nations
Gareth Thomas,6N24,2023-2024,6 Nations
Peter O'Mahony,6N24,2023-2024,6 Nations
Garry Ringrose,6N24,2023-2024,6 Nations
Ange Capuozzo,6N24,2023-2024,6 Nations
Jeremy Loughman,6N24,2023-2024,6 Nations
Michele Lamaro,6N24,2023-2024,6 Nations
Léo Barré,6N24,2023-2024,6 Nations
Federico Ruzza,6N24,2023-2024,6 Nations
Paul Boudehent,6N24,2023-2024,6 Nations
Kieran Hardy,6N24,2023-2024,6 Nations
Louis Bielle-Biarrey,6N24,2023-2024,6 Nations
Posolo Tuilagi,6N24,2023-2024,6 Nations
Dorian Aldegheri,6N24,2023-2024,6 Nations
Pierre Schoeman,6N24,2023-2024,6 Nations
Elliot Millar-Mills,6N24,2023-2024,6 Nations
Matthis Lebel,6N24,2023-2024,6 Nations
Matteo Canali,6N24,2023-2024,6 Nations
Simone Ferrari,6N24,2023-2024,6 Nations
Thomas Ramos,6N24,2023-2024,6 Nations
Giacomo Nicotera,6N24,2023-2024,6 Nations
Paolo Garbisi,6N24,2023-2024,6 Nations
George Martin,6N24,2023-2024,6 Nations
Gareth Davies,6N24,2023-2024,6 Nations
Josh Adams,6N24,2023-2024,6 Nations
Pietro Ceccarelli,6N24,2023-2024,6 Nations
Fin Smith,6N24,2023-2024,6 Nations
Manu Tuilagi,6N24,2023-2024,6 Nations
Riccardo Favretto,6N24,2023-2024,6 Nations
Mirco Spagnolo,6N24,2023-2024,6 Nations
Ben Earl,6N24,2023-2024,6 Nations
Alex Dombrandt,6N24,2023-2024,6 Nations
Paul Gabrillagues,6N24,2023-2024,6 Nations
Ryan Baird,6N24,2023-2024,6 Nations
Alex Mitchell,6N24,2023-2024,6 Nations
Henry Slade,6N24,2023-2024,6 Nations
Dan Cole,6N24,2023-2024,6 Nations
Jamie Ritchie,6N24,2023-2024,6 Nations
Taine Basham,6N24,2023-2024,6 Nations
Chandler Cunningham-South,6N24,2023-2024,6 Nations
Ignacio Brex,6N24,2023-2024,6 Nations
Maro Itoje,6N24,2023-2024,6 Nations
George Ford,6N24,2023-2024,6 Nations
Ben White,6N24,2023-2024,6 Nations
Ross Vintcent,6N24,2023-2024,6 Nations
Julien Marchand,6N24,2023-2024,6 Nations
Kemsley Mathias,6N24,2023-2024,6 Nations
Ryan Elias,6N24,2023-2024,6 Nations
Marcus Smith,6N24,2023-2024,6 Nations
Nolann Le Garrec,6N24,2023-2024,6 Nations
Scott Cummings,6N24,2023-2024,6 Nations
Sione Tuipulotu,6N24,2023-2024,6 Nations
Giosuè Zilocchi,6N24,2023-2024,6 Nations
Iain Henderson,6N24,2023-2024,6 Nations
Corey Domachowski,6N24,2023-2024,6 Nations
Javan Sebastian,6N24,2023-2024,6 Nations
Peato Mauvaka,6N24,2023-2024,6 Nations
Luke Crosbie,6N24,2023-2024,6 Nations
Robbie Henshaw,6N24,2023-2024,6 Nations
Josh van der Flier,6N24,2023-2024,6 Nations
Paul Willemse,6N24,2023-2024,6 Nations
Dan Sheehan,6N24,2023-2024,6 Nations
Jamison Gibson-Park,6N24,2023-2024,6 Nations
Danny Care,6N24,2023-2024,6 Nations
Andy Christie,6N24,2023-2024,6 Nations
Sam Costelow,6N24,2023-2024,6 Nations
Ellis Genge,6N24,2023-2024,6 Nations
Gaël Fickou,6N24,2023-2024,6 Nations
Joe Roberts,6N24,2023-2024,6 Nations
Alex Mann,6N24,2023-2024,6 Nations
Yoram Moefana,6N24,2023-2024,6 Nations
Finn Russell,6N24,2023-2024,6 Nations
Dillon Lewis,6N24,2023-2024,6 Nations
Emmanuel Meafou,6N24,2023-2024,6 Nations
Tommaso Allan,6N24,2023-2024,6 Nations
George Turner,6N24,2023-2024,6 Nations
Tadhg Beirne,6N24,2023-2024,6 Nations
Alexandre Roumat,6N24,2023-2024,6 Nations
Alessandro Izekor,6N24,2023-2024,6 Nations
Alex Coles,6N24,2023-2024,6 Nations
Stuart McCloskey,6N24,2023-2024,6 Nations
Leon Brown,6N24,2023-2024,6 Nations
Mason Grady,6N24,2023-2024,6 Nations
Billy Pollard,RC24,2024-2025,Rugby Championship
Ruan Nortjé,RC24,2024-2025,Rugby Championship
Elrigh Louw,RC24,2024-2025,Rugby Championship
Sevu Reece,RC24,2024-2025,Rugby Championship
Max Jorgensen,RC24,2024-2025,Rugby Championship
Len Ikitau,RC24,2024-2025,Rugby Championship
Tomás Albornoz,RC24,2024-2025,Rugby Championship
Lukhan Salakaia-Loto,RC24,2024-2025,Rugby Championship
Pieter-Steph du Toit,RC24,2024-2025,Rugby Championship
Siya Kolisi,RC24,2024-2025,Rugby Championship
Damian de Allende,RC24,2024-2025,Rugby Championship
Santiago Grondona,RC24,2024-2025,Rugby Championship
Santiago Cordero,RC24,2024-2025,Rugby Championship
Marika Koroibete,RC24,2024-2025,Rugby Championship
Fraser McReight,RC24,2024-2025,Rugby Championship
Sam Darry,RC24,2024-2025,Rugby Championship
Santiago Chocobares,RC24,2024-2025,Rugby Championship
Jaden Hendrikse,RC24,2024-2025,Rugby Championship
Luke Jacobson,RC24,2024-2025,Rugby Championship
Tom Lynagh,RC24,2024-2025,Rugby Championship
Scott Barrett,RC24,2024-2025,Rugby Championship
Ignacio Calles,RC24,2024-2025,Rugby Championship
Cheslin Kolbe,RC24,2024-2025,Rugby Championship
Angus Blyth,RC24,2024-2025,Rugby Championship
Ethan de Groot,RC24,2024-2025,Rugby Championship
Josh Nasser,RC24,2024-2025,Rugby Championship
Jordie Barrett,RC24,2024-2025,Rugby Championship
Ox Nché,RC24,2024-2025,Rugby Championship
Kwagga Smith,RC24,2024-2025,Rugby Championship
Zane Nonggorr,RC24,2024-2025,Rugby Championship
Caleb Clarke,RC24,2024-2025,Rugby Championship
Patrick Tuipulotu,RC24,2024-2025,Rugby Championship
Dalton Papali'i,RC24,2024-2025,Rugby Championship
Ofa Tuʻungafasi,RC24,2024-2025,Rugby Championship
Harry Plummer,RC24,2024-2025,Rugby Championship
Julián Montoya,RC24,2024-2025,Rugby Championship
Nick Frost,RC24,2024-2025,Rugby Championship
Bautista Delguy,RC24,2024-2025,Rugby Championship
Mateo Carreras,RC24,2024-2025,Rugby Championship
Will Jordan,RC24,2024-2025,Rugby Championship
Ignacio Ruiz,RC24,2024-2025,Rugby Championship
Malcolm Marx,RC24,2024-2025,Rugby Championship
Rob Valetini,RC24,2024-2025,Rugby Championship
Andrew Kellaway,RC24,2024-2025,Rugby Championship
Tyrel Lomax,RC24,2024-2025,Rugby Championship
Johan Grobbelaar,RC24,2024-2025,Rugby Championship
Cobus Reinach,RC24,2024-2025,Rugby Championship
Asafo Aumua,RC24,2024-2025,Rugby Championship
Morné van den Berg,RC24,2024-2025,Rugby Championship
Grant Williams,RC24,2024-2025,Rugby Championship
Damian McKenzie,RC24,2024-2025,Rugby Championship
Hamish Stewart,RC24,2024-2025,Rugby Championship
Thomas Gallo,RC24,2024-2025,Rugby Championship
Jan-Hendrik Wessels,RC24,2024-2025,Rugby Championship
Matías Moroni,RC24,2024-2025,Rugby Championship
Angus Bell,RC24,2024-2025,Rugby Championship
Aphelele Fassi,RC24,2024-2025,Rugby Championship
Pablo Matera,RC24,2024-2025,Rugby Championship
Lautaro Bazán,RC24,2024-2025,Rugby Championship
Frans Malherbe,RC24,2024-2025,Rugby Championship
Gonzalo García,RC24,2024-2025,Rugby Championship
Tate McDermott,RC24,2024-2025,Rugby Championship
Anton Lienert-Brown,RC24,2024-2025,Rugby Championship
Sam Cane,RC24,2024-2025,Rugby Championship
Isaac Aedo Kailea,RC24,2024-2025,Rugby Championship
Jasper Wiese,RC24,2024-2025,Rugby Championship
Handré Pollard,RC24,2024-2025,Rugby Championship
Samipeni Finau,RC24,2024-2025,Rugby Championship
Tom Wright,RC24,2024-2025,Rugby Championship
Efraín Elías,RC24,2024-2025,Rugby Championship
Tamaiti Williams,RC24,2024-2025,Rugby Championship
Marcos Kremer,RC24,2024-2025,Rugby Championship
Ben-Jason Dixon,RC24,2024-2025,Rugby Championship
Makazole Mapimpi,RC24,2024-2025,Rugby Championship
Dylan Pietsch,RC24,2024-2025,Rugby Championship
Tomás Lavanini,RC24,2024-2025,Rugby Championship
Seru Uru,RC24,2024-2025,Rugby Championship
Pasilio Tosi,RC24,2024-2025,Rugby Championship
Manie Libbok,RC24,2024-2025,Rugby Championship
Hunter Paisami,RC24,2024-2025,Rugby Championship
Nic White,RC24,2024-2025,Rugby Championship
Agustín Creevy,RC24,2024-2025,Rugby Championship
Jesse Kriel,RC24,2024-2025,Rugby Championship
Matt Faessler,RC24,2024-2025,Rugby Championship
Cortez Ratima,RC24,2024-2025,Rugby Championship
Beauden Barrett,RC24,2024-2025,Rugby Championship
Salmaan Moerat,RC24,2024-2025,Rugby Championship
Ardie Savea,RC24,2024-2025,Rugby Championship
Franco Molina,RC24,2024-2025,Rugby Championship
David Havili,RC24,2024-2025,Rugby Championship
Rieko Ioane,RC24,2024-2025,Rugby Championship
Guido Petti,RC24,2024-2025,Rugby Championship
Joel Sclavi,RC24,2024-2025,Rugby Championship
Joaquín Oviedo,RC24,2024-2025,Rugby Championship
Codie Taylor,RC24,2024-2025,Rugby Championship
Gerhard Steenekamp,RC24,2024-2025,Rugby Championship
Santiago Carreras,RC24,2024-2025,Rugby Championship
Mayco Vivas,RC24,2024-2025,Rugby Championship
Wallace Sititi,RC24,2024-2025,Rugby Championship
Langi Gleeson,RC24,2024-2025,Rugby Championship
TJ Perenara,RC24,2024-2025,Rugby Championship
Mark Tele'a,RC24,2024-2025,Rugby Championship
Ben Donaldson,RC24,2024-2025,Rugby Championship
Carlo Tizzano,RC24,2024-2025,Rugby Championship
Bongi Mbonambi,RC24,2024-2025,Rugby Championship
Marco van Staden,RC24,2024-2025,Rugby Championship
Juan Cruz Mallía,RC24,2024-2025,Rugby Championship
Pedro Delgado,RC24,2024-2025,Rugby Championship
Fletcher Newell,RC24,2024-2025,Rugby Championship
Willie le Roux,RC24,2024-2025,Rugby Championship
Eduardo Bello,RC24,2024-2025,Rugby Championship
Thomas du Toit,RC24,2024-2025,Rugby Championship
Lukhanyo Am,RC24,2024-2025,Rugby Championship
Juan Martín González,RC24,2024-2025,Rugby Championship
Jeremy Williams,RC24,2024-2025,Rugby Championship
Vincent Koch,RC24,2024-2025,Rugby Championship
Harry Wilson,RC24,2024-2025,Rugby Championship
Ofa Tu'ungafasi,RC24,2024-2025,Rugby Championship
Canan Moodie,RC24,2024-2025,Rugby Championship
Lucio Sordoni,RC24,2024-2025,Rugby Championship
Filipo Daugunu,RC24,2024-2025,Rugby Championship
Kurt-Lee Arendse,RC24,2024-2025,Rugby Championship
Noah Lolesio,RC24,2024-2025,Rugby Championship
Josh Lord,RC24,2024-2025,Rugby Championship
Rodrigo Isgró,RC24,2024-2025,Rugby Championship
Sacha Feinberg-Mngomezulu,RC24,2024-2025,Rugby Championship
Josh Flook,RC24,2024-2025,Rugby Championship
Jake Gordon,RC24,2024-2025,Rugby Championship
Ethan Blackadder,RC24,2024-2025,Rugby Championship
Pedro Rubiolo,RC24,2024-2025,Rugby Championship
Allan Alaalatoa,RC24,2024-2025,Rugby Championship
Taniela Tupou,RC24,2024-2025,Rugby Championship
Lucio Cinti,RC24,2024-2025,Rugby Championship
Eben Etzebeth,RC24,2024-2025,Rugby Championship
Gonzalo Bertranou,RC24,2024-2025,Rugby Championship
Brandon Paenga-Amosa,RC24,2024-2025,Rugby Championship
Tom Hooper,RC24,2024-2025,Rugby Championship
Luke Reimer,RC24,2024-2025,Rugby Championship
Tupou Vaa'i,RC24,2024-2025,Rugby Championship
James Slipper,RC24,2024-2025,Rugby Championship
Josh Canham,RC24,2024-2025,Rugby Championship
Iakopo Mapu,PC24,2024-2025,Pacific Cup
Marco Fepulea'i,PC24,2024-2025,Pacific Cup
Josiah Morra,PC24,2024-2025,Pacific Cup
Andrew Tuala,PC24,2024-2025,Pacific Cup
Danny Tusitala,PC24,2024-2025,Pacific Cup
Onehunga Havili,PC24,2024-2025,Pacific Cup
Adrea Cocagi,PC24,2024-2025,Pacific Cup
Toby Fricker,PC24,2024-2025,Pacific Cup
Solomone Aniseko,PC24,2024-2025,Pacific Cup
Tau Koloamatangi,PC24,2024-2025,Pacific Cup
Apisalome Vota,PC24,2024-2025,Pacific Cup
Lucas Rumball,PC24,2024-2025,Pacific Cup
Sosefo Sakalia,PC24,2024-2025,Pacific Cup
Peni Ravai,PC24,2024-2025,Pacific Cup
Kaden Duguid,PC24,2024-2025,Pacific Cup
Ratu Rotuisolia,PC24,2024-2025,Pacific Cup
Amato Fakatava,PC24,2024-2025,Pacific Cup
Dylan Riley,PC24,2024-2025,Pacific Cup
Djustice Sears-Duru,PC24,2024-2025,Pacific Cup
Bryce Campbell,PC24,2024-2025,Pacific Cup
Sam Slade,PC24,2024-2025,Pacific Cup
Kanji Shimokawa,PC24,2024-2025,Pacific Cup
Yusuke Kajimura,PC24,2024-2025,Pacific Cup
Jason Higgins,PC24,2024-2025,Pacific Cup
Inia Tabuavou,PC24,2024-2025,Pacific Cup
Frank Lomani,PC24,2024-2025,Pacific Cup
Nate Augspurger,PC24,2024-2025,Pacific Cup
Tevita Ahokovi,PC24,2024-2025,Pacific Cup
Jethro Felemi,PC24,2024-2025,Pacific Cup
Faulua Makisi,PC24,2024-2025,Pacific Cup
Thomas Tu'avao,PC24,2024-2025,Pacific Cup
Junta Hamano,PC24,2024-2025,Pacific Cup
Murphy Taramai,PC24,2024-2025,Pacific Cup
Jone Naikabula,PC24,2024-2025,Pacific Cup
Isaiah Collins-Mapusua,PC24,2024-2025,Pacific Cup
Cole Keith,PC24,2024-2025,Pacific Cup
Penisoni Fineanganofo,PC24,2024-2025,Pacific Cup
Paul Mullen,PC24,2024-2025,Pacific Cup
Callum Botchar,PC24,2024-2025,Pacific Cup
James Stockwood,PC24,2024-2025,Pacific Cup
Kenta Matsuoka,PC24,2024-2025,Pacific Cup
Latu Akauola,PC24,2024-2025,Pacific Cup
Dominic Besag,PC24,2024-2025,Pacific Cup
Harumichi Tatekawa,PC24,2024-2025,Pacific Cup
Kapeli Pifeleti,PC24,2024-2025,Pacific Cup
Siôn Parry,PC24,2024-2025,Pacific Cup
Izaiha Moore-Aiono,PC24,2024-2025,Pacific Cup
Isaiah Armstrong-Ravula,PC24,2024-2025,Pacific Cup
Paddy Ryan,PC24,2024-2025,Pacific Cup
Warner Dearns,PC24,2024-2025,Pacific Cup
Lotu Inisi,PC24,2024-2025,Pacific Cup
Keijiro Tamefusa,PC24,2024-2025,Pacific Cup
Senio Toleafoa,PC24,2024-2025,Pacific Cup
Luteru Tolai,PC24,2024-2025,Pacific Cup
Kitione Salawa Jr.,PC24,2024-2025,Pacific Cup
Cory Daniel,PC24,2024-2025,Pacific Cup
Temo Mayanavanua,PC24,2024-2025,Pacific Cup
Fine Inisi,PC24,2024-2025,Pacific Cup
Sam Tuitupou,PC24,2024-2025,Pacific Cup
Lalomilo Lalomilo,PC24,2024-2025,Pacific Cup
Jonah Mau'u,PC24,2024-2025,Pacific Cup
Dewald Kotze,PC24,2024-2025,Pacific Cup
Pono Davis,PC24,2024-2025,Pacific Cup
Peter Nelson,PC24,2024-2025,Pacific Cup
Moni Tongaʻuiha,PC24,2024-2025,Pacific Cup
Michael Curry,PC24,2024-2025,Pacific Cup
Sama Malolo,PC24,2024-2025,Pacific Cup
Salesi Tuifua,PC24,2024-2025,Pacific Cup
Tupou Ma'afu Afungia,PC24,2024-2025,Pacific Cup
Mitch Wilson,PC24,2024-2025,Pacific Cup
Rand Santos,PC24,2024-2025,Pacific Cup
Izzak Kelly,PC24,2024-2025,Pacific Cup
Conner Mooneyham,PC24,2024-2025,Pacific Cup
Caleb Muntz,PC24,2024-2025,Pacific Cup
Mason Flesch,PC24,2024-2025,Pacific Cup
Eroni Mawi,PC24,2024-2025,Pacific Cup
Taichi Takahashi,PC24,2024-2025,Pacific Cup
Isoa Nasilasila,PC24,2024-2025,Pacific Cup
Shuhei Takeuchi,PC24,2024-2025,Pacific Cup
Tiennan Costley,PC24,2024-2025,Pacific Cup
Iosefo Masi,PC24,2024-2025,Pacific Cup
Yoshitaka Yazaki,PC24,2024-2025,Pacific Cup
Nic Benn,PC24,2024-2025,Pacific Cup
Juan-Philip Smith,PC24,2024-2025,Pacific Cup
Ilaisa Droasese,PC24,2024-2025,Pacific Cup
Tavite Lopeti,PC24,2024-2025,Pacific Cup
Mesake Vocevoce,PC24,2024-2025,Pacific Cup
Olajuwon Noa,PC24,2024-2025,Pacific Cup
Luke Carty,PC24,2024-2025,Pacific Cup
Tevita Ikanivere,PC24,2024-2025,Pacific Cup
Eishin Kuwano,PC24,2024-2025,Pacific Cup
Sean McNulty,PC24,2024-2025,Pacific Cup
Pisi Leilua,PC24,2024-2025,Pacific Cup
Samu Tawake,PC24,2024-2025,Pacific Cup
Paea Fonoifua,PC24,2024-2025,Pacific Cup
Vili Helu,PC24,2024-2025,Pacific Cup
Haereiti Hetet,PC24,2024-2025,Pacific Cup
Chris Mattina,PC24,2024-2025,Pacific Cup
Takoda McMullin,PC24,2024-2025,Pacific Cup
Epeli Momo,PC24,2024-2025,Pacific Cup
Melani Matavao,PC24,2024-2025,Pacific Cup
Vuate Karawalevu,PC24,2024-2025,Pacific Cup
Kafaikamoana Vaea,PC24,2024-2025,Pacific Cup
Moses Sorovi,PC24,2024-2025,Pacific Cup
Nicholas McCurran,PC24,2024-2025,Pacific Cup
Sanaila Waqa,PC24,2024-2025,Pacific Cup
Josiah Unga,PC24,2024-2025,Pacific Cup
Meli Derenalagi,PC24,2024-2025,Pacific Cup
Ethan McVeigh,PC24,2024-2025,Pacific Cup
Atsushi Sakate,PC24,2024-2025,Pacific Cup
Jack Iscaro,PC24,2024-2025,Pacific Cup
Selestino Ravutaumada,PC24,2024-2025,Pacific Cup
Takato Okabe,PC24,2024-2025,Pacific Cup
Peni Matawalu,PC24,2024-2025,Pacific Cup
Vutulongo Puloka,PC24,2024-2025,Pacific Cup
Alapati Leiua,PC24,2024-2025,Pacific Cup
Ben Nee-Nee,PC24,2024-2025,Pacific Cup
Payton Telea-Ilalio,PC24,2024-2025,Pacific Cup
Alex Maughan,PC24,2024-2025,Pacific Cup
Brock Gallagher,PC24,2024-2025,Pacific Cup
Lee Seung-sin,PC24,2024-2025,Pacific Cup
Cooper Coats,PC24,2024-2025,Pacific Cup
Tomoki Osada,PC24,2024-2025,Pacific Cup
Ponepati Loganimasi,PC24,2024-2025,Pacific Cup
Nikolai Foliaki,PC24,2024-2025,Pacific Cup
Matthew Oworu,PC24,2024-2025,Pacific Cup
Mesu Dolokoto,PC24,2024-2025,Pacific Cup
Manu Paea,PC24,2024-2025,Pacific Cup
Mamoru Harada,PC24,2024-2025,Pacific Cup
Tommaso Boni,PC24,2024-2025,Pacific Cup
Albert Tuisue,PC24,2024-2025,Pacific Cup
Brook Toomalatai,PC24,2024-2025,Pacific Cup
Taiki Koyama,PC24,2024-2025,Pacific Cup
Fetuli Paea,PC24,2024-2025,Pacific Cup
Siaosi Nai,PC24,2024-2025,Pacific Cup
Shogo Miura,PC24,2024-2025,Pacific Cup
Greg Peterson,PC24,2024-2025,Pacific Cup
Rodney Iona,PC24,2024-2025,Pacific Cup
Tyler Pulini,PC24,2024-2025,Pacific Cup
Mark Balaski,PC24,2024-2025,Pacific Cup
Malo Tuitama,PC24,2024-2025,Pacific Cup
Jamason Faʻanana-Schultz,PC24,2024-2025,Pacific Cup
Ruben de Haas,PC24,2024-2025,Pacific Cup
Takuya Yamasawa,PC24,2024-2025,Pacific Cup
Stacey Ili,PC24,2024-2025,Pacific Cup
Tyler Matchem,PC24,2024-2025,Pacific Cup
Jake Turnbull,PC24,2024-2025,Pacific Cup
Harison Mataele,PC24,2024-2025,Pacific Cup
Meli Tuni,PC24,2024-2025,Pacific Cup
Hapakuki Moala-Liava'a,PC24,2024-2025,Pacific Cup
Talon McMullin,PC24,2024-2025,Pacific Cup
Melani Nanai,PC24,2024-2025,Pacific Cup
Elia Canakaivata,PC24,2024-2025,Pacific Cup
Aisea Halo,PC24,2024-2025,Pacific Cup
Patrick Pellegrini,PC24,2024-2025,Pacific Cup
Takayoshi Mohara,PC24,2024-2025,Pacific Cup
John Tapueluelu,PC24,2024-2025,Pacific Cup
Kelemete Finau-Fetuli,PC24,2024-2025,Pacific Cup
Brandon Televave,PC24,2024-2025,Pacific Cup
Jason Damm,PC24,2024-2025,Pacific Cup
Theo McFarland,PC24,2024-2025,Pacific Cup
Andrew Coe,PC24,2024-2025,Pacific Cup
Conor Young,PC24,2024-2025,Pacific Cup
Calixto Martinez,PC24,2024-2025,Pacific Cup
Tomasi Alosio,PC24,2024-2025,Pacific Cup
D'Angelo Leuila,PC24,2024-2025,Pacific Cup
Afa Moleli,PC24,2024-2025,Pacific Cup
Tupou Afungia,PC24,2024-2025,Pacific Cup
Tuna Tuitama,PC24,2024-2025,Pacific Cup
Esau Filimoehala,PC24,2024-2025,Pacific Cup
Andrew Quattrin,PC24,2024-2025,Pacific Cup
Tietie Tuimauga,PC24,2024-2025,Pacific Cup
Epineri Uluviti,PC24,2024-2025,Pacific Cup
Ben Tameifuna,PC24,2024-2025,Pacific Cup
Elisapeta Alofipo,PC24,2024-2025,Pacific Cup
Ethan Fryer,PC24,2024-2025,Pacific Cup
Ben LeSage,PC24,2024-2025,Pacific Cup
Aki Seiuli,PC24,2024-2025,Pacific Cup
Shinobu Fujiwara,PC24,2024-2025,Pacific Cup
Hugo Aubry,EOY24,2024-2025,End of Year Internationals
Rory Hutchinson,EOY24,2024-2025,End of Year Internationals
Josua Tuisova,EOY24,2024-2025,End of Year Internationals
Romain Taofifénua,EOY24,2024-2025,End of Year Internationals
Endy Willian,EOY24,2024-2025,End of Year Internationals
Devan Flanders,EOY24,2024-2025,End of Year Internationals
Elrigh Louw,EOY24,2024-2025,End of Year Internationals
Sevu Reece,EOY24,2024-2025,End of Year Internationals
Andrew Porter,EOY24,2024-2025,End of Year Internationals
Pablo Guirao,EOY24,2024-2025,End of Year Internationals
Davit Niniashvili,EOY24,2024-2025,End of Year Internationals
Sam Prendergast,EOY24,2024-2025,End of Year Internationals
Ben Muncaster,EOY24,2024-2025,End of Year Internationals
Rory Sutherland,EOY24,2024-2025,End of Year Internationals
Mateo Sanguinetti,EOY24,2024-2025,End of Year Internationals
Corrado Stetco,EOY24,2024-2025,End of Year Internationals
Sosefo Sakalia,EOY24,2024-2025,End of Year Internationals
Talia'uli Sikuea,EOY24,2024-2025,End of Year Internationals
Diego Pinheiro,EOY24,2024-2025,End of Year Internationals
Kanji Shimokawa,EOY24,2024-2025,End of Year Internationals
Semi Radradra,EOY24,2024-2025,End of Year Internationals
Diogo Ferreira,EOY24,2024-2025,End of Year Internationals
Tupou Ma'afu-Afungia,EOY24,2024-2025,End of Year Internationals
Gregor Brown,EOY24,2024-2025,End of Year Internationals
Nick Isiekwe,EOY24,2024-2025,End of Year Internationals
Santiago Grondona,EOY24,2024-2025,End of Year Internationals
Nate Augspurger,EOY24,2024-2025,End of Year Internationals
Jon Zabala,EOY24,2024-2025,End of Year Internationals
Keelan Chapman,EOY24,2024-2025,End of Year Internationals
Darcy Graham,EOY24,2024-2025,End of Year Internationals
Gavin Coombes,EOY24,2024-2025,End of Year Internationals
Wilton Rebolo,EOY24,2024-2025,End of Year Internationals
Guillermo Pujadas,EOY24,2024-2025,End of Year Internationals
Théo Bastardie,EOY24,2024-2025,End of Year Internationals
Jone Naikabula,EOY24,2024-2025,End of Year Internationals
José Madeira,EOY24,2024-2025,End of Year Internationals
Calum Scott,EOY24,2024-2025,End of Year Internationals
Tom Lynagh,EOY24,2024-2025,End of Year Internationals
Matt Worley,EOY24,2024-2025,End of Year Internationals
Javier Carrasco,EOY24,2024-2025,End of Year Internationals
Jac Morgan,EOY24,2024-2025,End of Year Internationals
Florian Roșu,EOY24,2024-2025,End of Year Internationals
Stafford McDowall,EOY24,2024-2025,End of Year Internationals
Gastón Mieres,EOY24,2024-2025,End of Year Internationals
Hugo Keenan,EOY24,2024-2025,End of Year Internationals
Iñaki Ayarza,EOY24,2024-2025,End of Year Internationals
Kwagga Smith,EOY24,2024-2025,End of Year Internationals
Jamie Osborne,EOY24,2024-2025,End of Year Internationals
Harry McLaughlin-Phillips,EOY24,2024-2025,End of Year Internationals
Sandro Mamamtavrishvili,EOY24,2024-2025,End of Year Internationals
Sam Matavesi,EOY24,2024-2025,End of Year Internationals
Simão Bento,EOY24,2024-2025,End of Year Internationals
Andrei Mahu,EOY24,2024-2025,End of Year Internationals
Rafael Teixeira,EOY24,2024-2025,End of Year Internationals
Alexandru Savin,EOY24,2024-2025,End of Year Internationals
Gela Aprasidze,EOY24,2024-2025,End of Year Internationals
Cameron Hanekom,EOY24,2024-2025,End of Year Internationals
Olujare Oguntibeju,EOY24,2024-2025,End of Year Internationals
Mesulame Dolokoto,EOY24,2024-2025,End of Year Internationals
Rhodri Williams,EOY24,2024-2025,End of Year Internationals
Luka Begic,EOY24,2024-2025,End of Year Internationals
Cameron Winnett,EOY24,2024-2025,End of Year Internationals
Daichi Akiyama,EOY24,2024-2025,End of Year Internationals
Jesse Mackail,EOY24,2024-2025,End of Year Internationals
Thibaud Flament,EOY24,2024-2025,End of Year Internationals
Adrian Mitu,EOY24,2024-2025,End of Year Internationals
Rob Valetini,EOY24,2024-2025,End of Year Internationals
John Hodnett,EOY24,2024-2025,End of Year Internationals
Asafo Aumua,EOY24,2024-2025,End of Year Internationals
Uini Atonio,EOY24,2024-2025,End of Year Internationals
Darby Lancaster,EOY24,2024-2025,End of Year Internationals
Shay McCarthy,EOY24,2024-2025,End of Year Internationals
Rio Dyer,EOY24,2024-2025,End of Year Internationals
Damian McKenzie,EOY24,2024-2025,End of Year Internationals
João Granate,EOY24,2024-2025,End of Year Internationals
Luka Matkava,EOY24,2024-2025,End of Year Internationals
Thomas Gallo,EOY24,2024-2025,End of Year Internationals
Jack Crowley,EOY24,2024-2025,End of Year Internationals
Ignacio Facciolo,EOY24,2024-2025,End of Year Internationals
George Horne,EOY24,2024-2025,End of Year Internationals
Gabriel Aviragnet,EOY24,2024-2025,End of Year Internationals
Sam Miller,EOY24,2024-2025,End of Year Internationals
Tomos Williams,EOY24,2024-2025,End of Year Internationals
André Esterhuizen,EOY24,2024-2025,End of Year Internationals
Blair Kinghorn,EOY24,2024-2025,End of Year Internationals
Ben O'Connor,EOY24,2024-2025,End of Year Internationals
Giorgi Tsutskiridze,EOY24,2024-2025,End of Year Internationals
Mitch Wilson,EOY24,2024-2025,End of Year Internationals
Huw Jones,EOY24,2024-2025,End of Year Internationals
Tate McDermott,EOY24,2024-2025,End of Year Internationals
Conner Mooneyham,EOY24,2024-2025,End of Year Internationals
Caleb Muntz,EOY24,2024-2025,End of Year Internationals
Anton Lienert-Brown,EOY24,2024-2025,End of Year Internationals
Tom Jordan,EOY24,2024-2025,End of Year Internationals
Ben Spencer,EOY24,2024-2025,End of Year Internationals
Carlos Deus,EOY24,2024-2025,End of Year Internationals
Fin Baxter,EOY24,2024-2025,End of Year Internationals
Estanislao Bay,EOY24,2024-2025,End of Year Internationals
Bruno Sáez,EOY24,2024-2025,End of Year Internationals
Tom Wright,EOY24,2024-2025,End of Year Internationals
Martiniano Cian,EOY24,2024-2025,End of Year Internationals
Grégory Alldritt,EOY24,2024-2025,End of Year Internationals
José Rebelo de Andrade,EOY24,2024-2025,End of Year Internationals
Jamie Pincott,EOY24,2024-2025,End of Year Internationals
Charlie Atkinson,EOY24,2024-2025,End of Year Internationals
Tamaiti Williams,EOY24,2024-2025,End of Year Internationals
Makazole Mapimpi,EOY24,2024-2025,End of Year Internationals
Will Stuart,EOY24,2024-2025,End of Year Internationals
Nicolaas Immelman,EOY24,2024-2025,End of Year Internationals
Nicky Smith,EOY24,2024-2025,End of Year Internationals
Nic White,EOY24,2024-2025,End of Year Internationals
Juan Bautista Pedemonte,EOY24,2024-2025,End of Year Internationals
Joe Brial,EOY24,2024-2025,End of Year Internationals
Faizal Solomona-Penesa,EOY24,2024-2025,End of Year Internationals
Matteo Dell'Acqua,EOY24,2024-2025,End of Year Internationals
Justin Mataele,EOY24,2024-2025,End of Year Internationals
Henry Pollock,EOY24,2024-2025,End of Year Internationals
Samu Tawake,EOY24,2024-2025,End of Year Internationals
Steevy Cerqueira,EOY24,2024-2025,End of Year Internationals
Franco Molina,EOY24,2024-2025,End of Year Internationals
Vili Helu,EOY24,2024-2025,End of Year Internationals
Dewi Lake,EOY24,2024-2025,End of Year Internationals
Diogo Hasse Ferreira,EOY24,2024-2025,End of Year Internationals
Alex Alonso,EOY24,2024-2025,End of Year Internationals
Tom Clarkson,EOY24,2024-2025,End of Year Internationals
Alexander Todua,EOY24,2024-2025,End of Year Internationals
Vilimoni Botitu,EOY24,2024-2025,End of Year Internationals
Santiago Carreras,EOY24,2024-2025,End of Year Internationals
Sanaila Waqa,EOY24,2024-2025,End of Year Internationals
Duane Aholelei,EOY24,2024-2025,End of Year Internationals
Duarte Torgal,EOY24,2024-2025,End of Year Internationals
Peter O'Mahony,EOY24,2024-2025,End of Year Internationals
Issak Fines-Leleiwasa,EOY24,2024-2025,End of Year Internationals
Ethan McVeigh,EOY24,2024-2025,End of Year Internationals
Atsushi Sakate,EOY24,2024-2025,End of Year Internationals
Shaun Stevenson,EOY24,2024-2025,End of Year Internationals
Garry Ringrose,EOY24,2024-2025,End of Year Internationals
Langi Gleeson,EOY24,2024-2025,End of Year Internationals
Samuel Marques,EOY24,2024-2025,End of Year Internationals
Tima Fainga’anuku,EOY24,2024-2025,End of Year Internationals
Paddy Patterson,EOY24,2024-2025,End of Year Internationals
Justo Piccardo,EOY24,2024-2025,End of Year Internationals
Matías Dittus,EOY24,2024-2025,End of Year Internationals
Alex Craig,EOY24,2024-2025,End of Year Internationals
Martín Sigren,EOY24,2024-2025,End of Year Internationals
Juan Cruz Mallía,EOY24,2024-2025,End of Year Internationals
Juan Manuel Alonso,EOY24,2024-2025,End of Year Internationals
Harry Potter,EOY24,2024-2025,End of Year Internationals
Vasco Baptista,EOY24,2024-2025,End of Year Internationals
Moisés Duque,EOY24,2024-2025,End of Year Internationals
Ovidiu Cojocaru,EOY24,2024-2025,End of Year Internationals
Mateo Viñals,EOY24,2024-2025,End of Year Internationals
Lachlan Lonergan,EOY24,2024-2025,End of Year Internationals
José Lima,EOY24,2024-2025,End of Year Internationals
Jamie Ritchie,EOY24,2024-2025,End of Year Internationals
RG Snyman,EOY24,2024-2025,End of Year Internationals
George Ford,EOY24,2024-2025,End of Year Internationals
Sekope Lopeti-Moli,EOY24,2024-2025,End of Year Internationals
Kemsley Mathias,EOY24,2024-2025,End of Year Internationals
Thomas du Toit,EOY24,2024-2025,End of Year Internationals
Nolann Le Garrec,EOY24,2024-2025,End of Year Internationals
Lukhanyo Am,EOY24,2024-2025,End of Year Internationals
Greg Peterson,EOY24,2024-2025,End of Year Internationals
Ștefan Buruiană,EOY24,2024-2025,End of Year Internationals
Ryan Lonergan,EOY24,2024-2025,End of Year Internationals
Harry Wilson,EOY24,2024-2025,End of Year Internationals
Ollie Sleightholme,EOY24,2024-2025,End of Year Internationals
Peato Mauvaka,EOY24,2024-2025,End of Year Internationals
Luke Crosbie,EOY24,2024-2025,End of Year Internationals
Harison Mataele,EOY24,2024-2025,End of Year Internationals
Raffaele Storti,EOY24,2024-2025,End of Year Internationals
Afolabi Fasogbon,EOY24,2024-2025,End of Year Internationals
Nathan De Thierry,EOY24,2024-2025,End of Year Internationals
Ilia Spanderashvili,EOY24,2024-2025,End of Year Internationals
Cosmin Manole,EOY24,2024-2025,End of Year Internationals
Kamil Sobota,EOY24,2024-2025,End of Year Internationals
Aisea Halo,EOY24,2024-2025,End of Year Internationals
Vasil Lobzhanidze,EOY24,2024-2025,End of Year Internationals
John Tapueluelu,EOY24,2024-2025,End of Year Internationals
Ellis Bevan,EOY24,2024-2025,End of Year Internationals
Théo Attissogbé,EOY24,2024-2025,End of Year Internationals
Alfonso Escobar,EOY24,2024-2025,End of Year Internationals
Wilco Louw,EOY24,2024-2025,End of Year Internationals
Bautista Basso,EOY24,2024-2025,End of Year Internationals
Thomas Ahern,EOY24,2024-2025,End of Year Internationals
Gaël Fickou,EOY24,2024-2025,End of Year Internationals
Jamie Bhatti,EOY24,2024-2025,End of Year Internationals
Tima Fainga'anuku,EOY24,2024-2025,End of Year Internationals
Taniela Tupou,EOY24,2024-2025,End of Year Internationals
Cadan Murley,EOY24,2024-2025,End of Year Internationals
Conor Young,EOY24,2024-2025,End of Year Internationals
Lucio Cinti,EOY24,2024-2025,End of Year Internationals
Eben Etzebeth,EOY24,2024-2025,End of Year Internationals
Ștefan Iancu,EOY24,2024-2025,End of Year Internationals
Franco Mostert,EOY24,2024-2025,End of Year Internationals
Gabriel Oghre,EOY24,2024-2025,End of Year Internationals
Gonzalo Vinuesa,EOY24,2024-2025,End of Year Internationals
Jack Brown,EOY24,2024-2025,End of Year Internationals
Tommaso Allan,EOY24,2024-2025,End of Year Internationals
Matt Currie,EOY24,2024-2025,End of Year Internationals
Lucas Martins,EOY24,2024-2025,End of Year Internationals
Ignacio Péculo,EOY24,2024-2025,End of Year Internationals
António Campos,EOY24,2024-2025,End of Year Internationals
Caíque Silva,EOY24,2024-2025,End of Year Internationals
Tupou Vaa'i,EOY24,2024-2025,End of Year Internationals
Josh Jacomb,EOY24,2024-2025,End of Year Internationals
Hugh Tizard,EOY24,2024-2025,End of Year Internationals
Jacob Stockdale,EOY24,2024-2025,End of Year Internationals
Dino Lamb,EOY24,2024-2025,End of Year Internationals
Andrew Quattrin,EOY24,2024-2025,End of Year Internationals
Ruadhán Quinn,EOY24,2024-2025,End of Year Internationals
Alexandre Roumat,EOY24,2024-2025,End of Year Internationals
Yanis Horvat,EOY24,2024-2025,End of Year Internationals
Ethan Fryer,EOY24,2024-2025,End of Year Internationals
Hugh McCormick-Houston,EOY24,2024-2025,End of Year Internationals
Josh Canham,EOY24,2024-2025,End of Year Internationals
Beka Saghinadze,EOY24,2024-2025,End of Year Internationals
Vilive Miramira,EOY24,2024-2025,End of Year Internationals
Zacceus Cinnamond,EOY24,2024-2025,End of Year Internationals
Immanuel Feyi-Waboso,EOY24,2024-2025,End of Year Internationals
João Marino,EOY24,2024-2025,End of Year Internationals
Lucas Rumball,EOY24,2024-2025,End of Year Internationals
Zander Fagerson,EOY24,2024-2025,End of Year Internationals
Len Ikitau,EOY24,2024-2025,End of Year Internationals
Tyler McNutt,EOY24,2024-2025,End of Year Internationals
Patrick Jenkinson,EOY24,2024-2025,End of Year Internationals
Gabriel Oliveira,EOY24,2024-2025,End of Year Internationals
Will Rowlands,EOY24,2024-2025,End of Year Internationals
Pedro Vicente,EOY24,2024-2025,End of Year Internationals
Lukhan Salakaia-Loto,EOY24,2024-2025,End of Year Internationals
Damian de Allende,EOY24,2024-2025,End of Year Internationals
Daniel Plai,EOY24,2024-2025,End of Year Internationals
Santiago Cordero,EOY24,2024-2025,End of Year Internationals
Jack Dempsey,EOY24,2024-2025,End of Year Internationals
Georges-Henri Colombe,EOY24,2024-2025,End of Year Internationals
Mike Haley,EOY24,2024-2025,End of Year Internationals
George Dyer,EOY24,2024-2025,End of Year Internationals
Andy Muirhead,EOY24,2024-2025,End of Year Internationals
Santiago Lopes,EOY24,2024-2025,End of Year Internationals
Samu Kerevi,EOY24,2024-2025,End of Year Internationals
Tornike Jalaghonia,EOY24,2024-2025,End of Year Internationals
João Amaral,EOY24,2024-2025,End of Year Internationals
Faulua Makisi,EOY24,2024-2025,End of Year Internationals
Sam Darry,EOY24,2024-2025,End of Year Internationals
Gianmarco Lucchesi,EOY24,2024-2025,End of Year Internationals
Jaden Hendrikse,EOY24,2024-2025,End of Year Internationals
Saula Ma'u,EOY24,2024-2025,End of Year Internationals
Rus Tuima,EOY24,2024-2025,End of Year Internationals
Paul Mullen,EOY24,2024-2025,End of Year Internationals
Scott Barrett,EOY24,2024-2025,End of Year Internationals
Tomás Appleton,EOY24,2024-2025,End of Year Internationals
Felipe Gonçalves,EOY24,2024-2025,End of Year Internationals
Louis Lynagh,EOY24,2024-2025,End of Year Internationals
Ethan de Groot,EOY24,2024-2025,End of Year Internationals
Ox Nché,EOY24,2024-2025,End of Year Internationals
D'Arcy Rae,EOY24,2024-2025,End of Year Internationals
Kapeli Pifeleti,EOY24,2024-2025,End of Year Internationals
Gregor Hiddleston,EOY24,2024-2025,End of Year Internationals
Iñaki Mateu,EOY24,2024-2025,End of Year Internationals
Lorenzo Cannone,EOY24,2024-2025,End of Year Internationals
Warner Dearns,EOY24,2024-2025,End of Year Internationals
Lotu Inisi,EOY24,2024-2025,End of Year Internationals
Charles Ollivon,EOY24,2024-2025,End of Year Internationals
Ruben Love,EOY24,2024-2025,End of Year Internationals
Nick Frost,EOY24,2024-2025,End of Year Internationals
Cory Daniel,EOY24,2024-2025,End of Year Internationals
Jacobo Ruiz,EOY24,2024-2025,End of Year Internationals
Ali Price,EOY24,2024-2025,End of Year Internationals
Ollie Lawrence,EOY24,2024-2025,End of Year Internationals
Rory Darge,EOY24,2024-2025,End of Year Internationals
Du'Plessis Kirifi,EOY24,2024-2025,End of Year Internationals
Siaosi Nginingini,EOY24,2024-2025,End of Year Internationals
Will Jordan,EOY24,2024-2025,End of Year Internationals
Sam Underhill,EOY24,2024-2025,End of Year Internationals
Manuel Cardoso Pinto,EOY24,2024-2025,End of Year Internationals
Malcolm Marx,EOY24,2024-2025,End of Year Internationals
Tommy Reffell,EOY24,2024-2025,End of Year Internationals
Asher Opoku-Fordjour,EOY24,2024-2025,End of Year Internationals
Matteo Avitabile,EOY24,2024-2025,End of Year Internationals
Jude Harding,EOY24,2024-2025,End of Year Internationals
Pono Davis,EOY24,2024-2025,End of Year Internationals
Grant Williams,EOY24,2024-2025,End of Year Internationals
Cian Healy,EOY24,2024-2025,End of Year Internationals
Noah Brown,EOY24,2024-2025,End of Year Internationals
Tom Lambert,EOY24,2024-2025,End of Year Internationals
Max Williamson,EOY24,2024-2025,End of Year Internationals
Mickaël Guillard,EOY24,2024-2025,End of Year Internationals
Angus Bell,EOY24,2024-2025,End of Year Internationals
Matías Moroni,EOY24,2024-2025,End of Year Internationals
Luka Ivanishvili,EOY24,2024-2025,End of Year Internationals
Paula Latu,EOY24,2024-2025,End of Year Internationals
Pablo Matera,EOY24,2024-2025,End of Year Internationals
Jesse Kilgour,EOY24,2024-2025,End of Year Internationals
Tony Butler,EOY24,2024-2025,End of Year Internationals
Demur Tapladze,EOY24,2024-2025,End of Year Internationals
Jiuta Wainiqolo,EOY24,2024-2025,End of Year Internationals
Fraser Dingwall,EOY24,2024-2025,End of Year Internationals
Raimundo Martínez,EOY24,2024-2025,End of Year Internationals
Florin Bărdașu,EOY24,2024-2025,End of Year Internationals
J. W. Bell,EOY24,2024-2025,End of Year Internationals
Mason Flesch,EOY24,2024-2025,End of Year Internationals
Evan O'Connell,EOY24,2024-2025,End of Year Internationals
Shuhei Takeuchi,EOY24,2024-2025,End of Year Internationals
James Lowe,EOY24,2024-2025,End of Year Internationals
Yoshitaka Yazaki,EOY24,2024-2025,End of Year Internationals
Samipeni Finau,EOY24,2024-2025,End of Year Internationals
Marco Zanon,EOY24,2024-2025,End of Year Internationals
Stephen Perofeta,EOY24,2024-2025,End of Year Internationals
Gus McCarthy,EOY24,2024-2025,End of Year Internationals
Ronan Foxe,EOY24,2024-2025,End of Year Internationals
Dylan Pietsch,EOY24,2024-2025,End of Year Internationals
Mesake Vocevoce,EOY24,2024-2025,End of Year Internationals
Mark Prior,EOY24,2024-2025,End of Year Internationals
Matheus Cláudio,EOY24,2024-2025,End of Year Internationals
Matt Heaton,EOY24,2024-2025,End of Year Internationals
Maxime Lucu,EOY24,2024-2025,End of Year Internationals
Martin Page-Relo,EOY24,2024-2025,End of Year Internationals
Billy Proctor,EOY24,2024-2025,End of Year Internationals
Rhys James,EOY24,2024-2025,End of Year Internationals
Blair Murray,EOY24,2024-2025,End of Year Internationals
Ardie Savea,EOY24,2024-2025,End of Year Internationals
Sean McNulty,EOY24,2024-2025,End of Year Internationals
David Havili,EOY24,2024-2025,End of Year Internationals
Kieran Ryan,EOY24,2024-2025,End of Year Internationals
Oscar Beard,EOY24,2024-2025,End of Year Internationals
Benjamin Axten-Burrett,EOY24,2024-2025,End of Year Internationals
Jason Tomane,EOY24,2024-2025,End of Year Internationals
Joaquín Oviedo,EOY24,2024-2025,End of Year Internationals
Giorgi Mamaiashvili,EOY24,2024-2025,End of Year Internationals
Diego Arbelo,EOY24,2024-2025,End of Year Internationals
Setareki Turagacoke,EOY24,2024-2025,End of Year Internationals
Juan González,EOY24,2024-2025,End of Year Internationals
Meli Derenalagi,EOY24,2024-2025,End of Year Internationals
Georges Shvelidze,EOY24,2024-2025,End of Year Internationals
Léo Barré,EOY24,2024-2025,End of Year Internationals
Federico Ruzza,EOY24,2024-2025,End of Year Internationals
Paul Boudehent,EOY24,2024-2025,End of Year Internationals
Waqa Nalaga,EOY24,2024-2025,End of Year Internationals
Takato Okabe,EOY24,2024-2025,End of Year Internationals
Louis Bielle-Biarrey,EOY24,2024-2025,End of Year Internationals
Ben Curry,EOY24,2024-2025,End of Year Internationals
Pierre Schoeman,EOY24,2024-2025,End of Year Internationals
Elliot Millar-Mills,EOY24,2024-2025,End of Year Internationals
Tom Hill,EOY24,2024-2025,End of Year Internationals
Carlo Tizzano,EOY24,2024-2025,End of Year Internationals
George Martin,EOY24,2024-2025,End of Year Internationals
Giacomo Nicotera,EOY24,2024-2025,End of Year Internationals
Thomas Ramos,EOY24,2024-2025,End of Year Internationals
Marcel Renata,EOY24,2024-2025,End of Year Internationals
Tengiz Peranidze,EOY24,2024-2025,End of Year Internationals
Nicolas Azevedo,EOY24,2024-2025,End of Year Internationals
Dallas McLeod,EOY24,2024-2025,End of Year Internationals
Leonel Moreno,EOY24,2024-2025,End of Year Internationals
Rodrigo Fernández,EOY24,2024-2025,End of Year Internationals
Cam Roigard,EOY24,2024-2025,End of Year Internationals
Matthew Oworu,EOY24,2024-2025,End of Year Internationals
Greg Fisilau,EOY24,2024-2025,End of Year Internationals
Mesu Dolokoto,EOY24,2024-2025,End of Year Internationals
Pietro Ceccarelli,EOY24,2024-2025,End of Year Internationals
Fin Smith,EOY24,2024-2025,End of Year Internationals
Riccardo Favretto,EOY24,2024-2025,End of Year Internationals
Brodie McAlister,EOY24,2024-2025,End of Year Internationals
c,EOY24,2024-2025,End of Year Internationals
Mirco Spagnolo,EOY24,2024-2025,End of Year Internationals
Chay Fihaki,EOY24,2024-2025,End of Year Internationals
Jone Koroiduadua,EOY24,2024-2025,End of Year Internationals
Henrique Ferreira,EOY24,2024-2025,End of Year Internationals
Emmanuel Iyogun,EOY24,2024-2025,End of Year Internationals
Benjamín Videla,EOY24,2024-2025,End of Year Internationals
Tudor Butnariu,EOY24,2024-2025,End of Year Internationals
Chandler Cunningham-South,EOY24,2024-2025,End of Year Internationals
Robert Tenório,EOY24,2024-2025,End of Year Internationals
Taiki Koyama,EOY24,2024-2025,End of Year Internationals
Lolesio Sailosi,EOY24,2024-2025,End of Year Internationals
Luke Tagi,EOY24,2024-2025,End of Year Internationals
António Rebelo de Andrade,EOY24,2024-2025,End of Year Internationals
Tane Edmed,EOY24,2024-2025,End of Year Internationals
Ross Vintcent,EOY24,2024-2025,End of Year Internationals
Marcus Smith,EOY24,2024-2025,End of Year Internationals
Naoto Saitō,EOY24,2024-2025,End of Year Internationals
Taine Plumtree,EOY24,2024-2025,End of Year Internationals
Malo Tuitama,EOY24,2024-2025,End of Year Internationals
Niall Scannell,EOY24,2024-2025,End of Year Internationals
Manuel Vareiro,EOY24,2024-2025,End of Year Internationals
Ruben de Haas,EOY24,2024-2025,End of Year Internationals
Freddie Thomas,EOY24,2024-2025,End of Year Internationals
António Machado Santos,EOY24,2024-2025,End of Year Internationals
Jean-Baptiste Gros,EOY24,2024-2025,End of Year Internationals
Gheorghe Gajion,EOY24,2024-2025,End of Year Internationals
Canan Moodie,EOY24,2024-2025,End of Year Internationals
Cormac Izuchukwu,EOY24,2024-2025,End of Year Internationals
Robbie Henshaw,EOY24,2024-2025,End of Year Internationals
Lorenzo Massari,EOY24,2024-2025,End of Year Internationals
Gabriel Ibitoye,EOY24,2024-2025,End of Year Internationals
Takayoshi Mohara,EOY24,2024-2025,End of Year Internationals
Alex Samuel,EOY24,2024-2025,End of Year Internationals
Joe Heyes,EOY24,2024-2025,End of Year Internationals
Sunia Fameitau,EOY24,2024-2025,End of Year Internationals
Santiago Civetta,EOY24,2024-2025,End of Year Internationals
Manuel Leindekar,EOY24,2024-2025,End of Year Internationals
Noah Lolesio,EOY24,2024-2025,End of Year Internationals
Siosaia Fifita,EOY24,2024-2025,End of Year Internationals
Jamison Gibson-Park,EOY24,2024-2025,End of Year Internationals
Ekain Imaz,EOY24,2024-2025,End of Year Internationals
Kelemete Finau-Fetuli,EOY24,2024-2025,End of Year Internationals
Ben Afshar,EOY24,2024-2025,End of Year Internationals
Josh Flook,EOY24,2024-2025,End of Year Internationals
Tom Rogers,EOY24,2024-2025,End of Year Internationals
Stephen Archer,EOY24,2024-2025,End of Year Internationals
Ellis Genge,EOY24,2024-2025,End of Year Internationals
Jake Gordon,EOY24,2024-2025,End of Year Internationals
Alessandro Fusco,EOY24,2024-2025,End of Year Internationals
Opeti Helu,EOY24,2024-2025,End of Year Internationals
Calixto Martinez,EOY24,2024-2025,End of Year Internationals
Noah Hotham,EOY24,2024-2025,End of Year Internationals
Takuro Matsunaga,EOY24,2024-2025,End of Year Internationals
Jamie Dobie,EOY24,2024-2025,End of Year Internationals
José Paiva dos Santos,EOY24,2024-2025,End of Year Internationals
Naitoa Ah Kuoi,EOY24,2024-2025,End of Year Internationals
Ross McCann,EOY24,2024-2025,End of Year Internationals
Tupou Afungia,EOY24,2024-2025,End of Year Internationals
John Bryant,EOY24,2024-2025,End of Year Internationals
Baltazar Amaya,EOY24,2024-2025,End of Year Internationals
Ben Tameifuna,EOY24,2024-2025,End of Year Internationals
Ben LeSage,EOY24,2024-2025,End of Year Internationals
Alberto Carmona,EOY24,2024-2025,End of Year Internationals
Shinobu Fujiwara,EOY24,2024-2025,End of Year Internationals
Marius Iftimiciuc,EOY24,2024-2025,End of Year Internationals
Josiah Morra,EOY24,2024-2025,End of Year Internationals
Kyle Sullivan,EOY24,2024-2025,End of Year Internationals
Nicolas Martins,EOY24,2024-2025,End of Year Internationals
Max Jorgensen,EOY24,2024-2025,End of Year Internationals
Iñaki Gurruchaga,EOY24,2024-2025,End of Year Internationals
Apisalome Vota,EOY24,2024-2025,End of Year Internationals
Poasi Tonga,EOY24,2024-2025,End of Year Internationals
Marko Gazzotti,EOY24,2024-2025,End of Year Internationals
Felipe Arcos Pérez,EOY24,2024-2025,End of Year Internationals
Tedo Abzhandadze,EOY24,2024-2025,End of Year Internationals
Aka Tabutsadze,EOY24,2024-2025,End of Year Internationals
Francisco Gómez Kodela,EOY24,2024-2025,End of Year Internationals
Lasha Jaiani,EOY24,2024-2025,End of Year Internationals
Fin Richardson,EOY24,2024-2025,End of Year Internationals
Matías Orlando,EOY24,2024-2025,End of Year Internationals
Dylan Riley,EOY24,2024-2025,End of Year Internationals
Mosese Tuipulotu,EOY24,2024-2025,End of Year Internationals
Joaquín Myszka,EOY24,2024-2025,End of Year Internationals
Álvaro García,EOY24,2024-2025,End of Year Internationals
Pieter-Steph du Toit,EOY24,2024-2025,End of Year Internationals
Mateo Perillo,EOY24,2024-2025,End of Year Internationals
Giorgi Kveseladze,EOY24,2024-2025,End of Year Internationals
Yusuke Kajimura,EOY24,2024-2025,End of Year Internationals
Cody Thomas,EOY24,2024-2025,End of Year Internationals
Mikheil Babunashvili,EOY24,2024-2025,End of Year Internationals
Fraser McReight,EOY24,2024-2025,End of Year Internationals
Tornike Kakhoidze,EOY24,2024-2025,End of Year Internationals
Will Porter,EOY24,2024-2025,End of Year Internationals
Jamie George,EOY24,2024-2025,End of Year Internationals
Duhan van der Merwe,EOY24,2024-2025,End of Year Internationals
Jethro Felemi,EOY24,2024-2025,End of Year Internationals
Tommy Freeman,EOY24,2024-2025,End of Year Internationals
Junta Hamano,EOY24,2024-2025,End of Year Internationals
Gonzalo López-Bontempo,EOY24,2024-2025,End of Year Internationals
Ben Donald,EOY24,2024-2025,End of Year Internationals
Caelan Doris,EOY24,2024-2025,End of Year Internationals
Arron Reed,EOY24,2024-2025,End of Year Internationals
Paul Popoaia,EOY24,2024-2025,End of Year Internationals
Callum Botchar,EOY24,2024-2025,End of Year Internationals
Max Llewellyn,EOY24,2024-2025,End of Year Internationals
Ciarán Frawley,EOY24,2024-2025,End of Year Internationals
Angus Blyth,EOY24,2024-2025,End of Year Internationals
Tom O'Toole,EOY24,2024-2025,End of Year Internationals
Saimoni Uluinakauvadra,EOY24,2024-2025,End of Year Internationals
Jordie Barrett,EOY24,2024-2025,End of Year Internationals
George Bower,EOY24,2024-2025,End of Year Internationals
Diego Escobar,EOY24,2024-2025,End of Year Internationals
Kenta Matsuoka,EOY24,2024-2025,End of Year Internationals
Hélder Bryan Lúcio,EOY24,2024-2025,End of Year Internationals
Santiago Pedrero,EOY24,2024-2025,End of Year Internationals
Stefan Buruiana,EOY24,2024-2025,End of Year Internationals
James Stockwood,EOY24,2024-2025,End of Year Internationals
Harumichi Tatekawa,EOY24,2024-2025,End of Year Internationals
Isaiah Mapusua,EOY24,2024-2025,End of Year Internationals
Siôn Parry,EOY24,2024-2025,End of Year Internationals
Romain Buros,EOY24,2024-2025,End of Year Internationals
Gabin Villière,EOY24,2024-2025,End of Year Internationals
Zane Nonggorr,EOY24,2024-2025,End of Year Internationals
Matheo Triki,EOY24,2024-2025,End of Year Internationals
Patrick Tuipulotu,EOY24,2024-2025,End of Year Internationals
Gabriel Paganini,EOY24,2024-2025,End of Year Internationals
Ewan Johnson,EOY24,2024-2025,End of Year Internationals
Bundee Aki,EOY24,2024-2025,End of Year Internationals
Harry Plummer,EOY24,2024-2025,End of Year Internationals
Keijiro Tamefusa,EOY24,2024-2025,End of Year Internationals
Matheus Rocha,EOY24,2024-2025,End of Year Internationals
Domingo Saavedra,EOY24,2024-2025,End of Year Internationals
Lachie Anderson,EOY24,2024-2025,End of Year Internationals
Freddy Douglas,EOY24,2024-2025,End of Year Internationals
Temo Mayanavanua,EOY24,2024-2025,End of Year Internationals
Santiago Ovejero,EOY24,2024-2025,End of Year Internationals
Monty Ioane,EOY24,2024-2025,End of Year Internationals
Alex Saleta,EOY24,2024-2025,End of Year Internationals
Ignacio Ruiz,EOY24,2024-2025,End of Year Internationals
Andrew Kellaway,EOY24,2024-2025,End of Year Internationals
Alin Conache,EOY24,2024-2025,End of Year Internationals
Dylan Richardson,EOY24,2024-2025,End of Year Internationals
Ernesto Tchimino,EOY24,2024-2025,End of Year Internationals
Harry Hoopert,EOY24,2024-2025,End of Year Internationals
Finlay Bealham,EOY24,2024-2025,End of Year Internationals
AJ MacGinty,EOY24,2024-2025,End of Year Internationals
Archie Griffin,EOY24,2024-2025,End of Year Internationals
Hugo Camacho,EOY24,2024-2025,End of Year Internationals
Shilo Klein,EOY24,2024-2025,End of Year Internationals
Ovidiu Neagu,EOY24,2024-2025,End of Year Internationals
Lucas Tranquez,EOY24,2024-2025,End of Year Internationals
Rory Cinnamond,EOY24,2024-2025,End of Year Internationals
George Furbank,EOY24,2024-2025,End of Year Internationals
Augusto Böhme,EOY24,2024-2025,End of Year Internationals
Luka Japaridze,EOY24,2024-2025,End of Year Internationals
Lautaro Bazán,EOY24,2024-2025,End of Year Internationals
Salesi Tuifua,EOY24,2024-2025,End of Year Internationals
Ignacio Dotti,EOY24,2024-2025,End of Year Internationals
Domingos Cabral,EOY24,2024-2025,End of Year Internationals
Ignacio Piñeiro,EOY24,2024-2025,End of Year Internationals
Livai Natave,EOY24,2024-2025,End of Year Internationals
Reda Wardi,EOY24,2024-2025,End of Year Internationals
Giorgi Javakhia,EOY24,2024-2025,End of Year Internationals
Gonzalo García,EOY24,2024-2025,End of Year Internationals
Sam Cane,EOY24,2024-2025,End of Year Internationals
Vasile Balan,EOY24,2024-2025,End of Year Internationals
Adam Hastings,EOY24,2024-2025,End of Year Internationals
Jamie Lauder,EOY24,2024-2025,End of Year Internationals
Frederico Couto,EOY24,2024-2025,End of Year Internationals
Ben Gunter,EOY24,2024-2025,End of Year Internationals
Mack Hansen,EOY24,2024-2025,End of Year Internationals
Cristi Chirică,EOY24,2024-2025,End of Year Internationals
Johnny Matthews,EOY24,2024-2025,End of Year Internationals
Kyle Rowe,EOY24,2024-2025,End of Year Internationals
James Botham,EOY24,2024-2025,End of Year Internationals
Niccolò Cannone,EOY24,2024-2025,End of Year Internationals
Tom Roebuck,EOY24,2024-2025,End of Year Internationals
Peter Lakai,EOY24,2024-2025,End of Year Internationals
Ignacio Álvarez,EOY24,2024-2025,End of Year Internationals
Tom Pearson,EOY24,2024-2025,End of Year Internationals
Matt Fagerson,EOY24,2024-2025,End of Year Internationals
Riley Higgins,EOY24,2024-2025,End of Year Internationals
Archie McParland,EOY24,2024-2025,End of Year Internationals
Guy Spanton,EOY24,2024-2025,End of Year Internationals
Tavite Lopeti,EOY24,2024-2025,End of Year Internationals
Seru Uru,EOY24,2024-2025,End of Year Internationals
Manie Libbok,EOY24,2024-2025,End of Year Internationals
Iulian Harțig,EOY24,2024-2025,End of Year Internationals
Harri Morris,EOY24,2024-2025,End of Year Internationals
Tommaso Menoncello,EOY24,2024-2025,End of Year Internationals
Ciprian Chiriac,EOY24,2024-2025,End of Year Internationals
Joe McCarthy,EOY24,2024-2025,End of Year Internationals
Jesse Kriel,EOY24,2024-2025,End of Year Internationals
Matt Faessler,EOY24,2024-2025,End of Year Internationals
Tevita Ikanivere,EOY24,2024-2025,End of Year Internationals
Lucas Santamaría,EOY24,2024-2025,End of Year Internationals
Beauden Barrett,EOY24,2024-2025,End of Year Internationals
Keiron Assiratti,EOY24,2024-2025,End of Year Internationals
Tom Horton,EOY24,2024-2025,End of Year Internationals
Gareth Thomas,EOY24,2024-2025,End of Year Internationals
Haereiti Hetet,EOY24,2024-2025,End of Year Internationals
Matías Alemanno,EOY24,2024-2025,End of Year Internationals
Guido Petti,EOY24,2024-2025,End of Year Internationals
Alejandro Alonso,EOY24,2024-2025,End of Year Internationals
Vuate Karawalevu,EOY24,2024-2025,End of Year Internationals
Gerhard Steenekamp,EOY24,2024-2025,End of Year Internationals
Isaia Walker-Leawere,EOY24,2024-2025,End of Year Internationals
Kazuki Himeno,EOY24,2024-2025,End of Year Internationals
Ike Irusta,EOY24,2024-2025,End of Year Internationals
Lucas Spago,EOY24,2024-2025,End of Year Internationals
Vicente Boronat,EOY24,2024-2025,End of Year Internationals
Sione Havili Talitui,EOY24,2024-2025,End of Year Internationals
Owen Watkin,EOY24,2024-2025,End of Year Internationals
Hinckley Vaovasa,EOY24,2024-2025,End of Year Internationals
Ange Capuozzo,EOY24,2024-2025,End of Year Internationals
Michele Lamaro,EOY24,2024-2025,End of Year Internationals
Manuel Diana,EOY24,2024-2025,End of Year Internationals
Vicente Del Hoyo,EOY24,2024-2025,End of Year Internationals
Émilien Gailleton,EOY24,2024-2025,End of Year Internationals
Vlad Neculau,EOY24,2024-2025,End of Year Internationals
Joey Walton,EOY24,2024-2025,End of Year Internationals
Jock Campbell,EOY24,2024-2025,End of Year Internationals
Tyler Matcham,EOY24,2024-2025,End of Year Internationals
Simone Ferrari,EOY24,2024-2025,End of Year Internationals
George Bell,EOY24,2024-2025,End of Year Internationals
Ernesto Tchimin,EOY24,2024-2025,End of Year Internationals
Ponepati Loganimasi,EOY24,2024-2025,End of Year Internationals
Josh Bayliss,EOY24,2024-2025,End of Year Internationals
Alex Dombrandt,EOY24,2024-2025,End of Year Internationals
Ben Earl,EOY24,2024-2025,End of Year Internationals
Luke Cowan-Dickie,EOY24,2024-2025,End of Year Internationals
Mamoru Harada,EOY24,2024-2025,End of Year Internationals
Fletcher Newell,EOY24,2024-2025,End of Year Internationals
Sam Moli,EOY24,2024-2025,End of Year Internationals
Dan Cole,EOY24,2024-2025,End of Year Internationals
Liam McConnell,EOY24,2024-2025,End of Year Internationals
Yukio Morikawa,EOY24,2024-2025,End of Year Internationals
Matías Garafulic,EOY24,2024-2025,End of Year Internationals
Ignacio Brex,EOY24,2024-2025,End of Year Internationals
Fetuli Paea,EOY24,2024-2025,End of Year Internationals
Maro Itoje,EOY24,2024-2025,End of Year Internationals
Josh Hathaway,EOY24,2024-2025,End of Year Internationals
Willie le Roux,EOY24,2024-2025,End of Year Internationals
Julien Marchand,EOY24,2024-2025,End of Year Internationals
Billy Burns,EOY24,2024-2025,End of Year Internationals
Sione Tuipulotu,EOY24,2024-2025,End of Year Internationals
Jacopo Trulla,EOY24,2024-2025,End of Year Internationals
Juan Martín González,EOY24,2024-2025,End of Year Internationals
Jeremy Williams,EOY24,2024-2025,End of Year Internationals
Juan Cruz Reyes,EOY24,2024-2025,End of Year Internationals
Vincent Koch,EOY24,2024-2025,End of Year Internationals
Taylor Gontineac,EOY24,2024-2025,End of Year Internationals
Rory Scannell,EOY24,2024-2025,End of Year Internationals
Iain Henderson,EOY24,2024-2025,End of Year Internationals
Ollie Sapsford,EOY24,2024-2025,End of Year Internationals
Taniela Filimone,EOY24,2024-2025,End of Year Internationals
António Prim,EOY24,2024-2025,End of Year Internationals
Diarmuid Barron,EOY24,2024-2025,End of Year Internationals
Giorgi Akhaladze,EOY24,2024-2025,End of Year Internationals
Elia Canakaivata,EOY24,2024-2025,End of Year Internationals
Kurt-Lee Arendse,EOY24,2024-2025,End of Year Internationals
Imanol Urraza,EOY24,2024-2025,End of Year Internationals
Josh Lord,EOY24,2024-2025,End of Year Internationals
Finlay Christie,EOY24,2024-2025,End of Year Internationals
Sam Costelow,EOY24,2024-2025,End of Year Internationals
Jason Damm,EOY24,2024-2025,End of Year Internationals
Pedro Rubiolo,EOY24,2024-2025,End of Year Internationals
Andrew Coe,EOY24,2024-2025,End of Year Internationals
Gonzalo Bertranou,EOY24,2024-2025,End of Year Internationals
Epineri Uluiviti,EOY24,2024-2025,End of Year Internationals
Tom Hooper,EOY24,2024-2025,End of Year Internationals
Luke van der Smit,EOY24,2024-2025,End of Year Internationals
Daniel Lima,EOY24,2024-2025,End of Year Internationals
Tadhg Beirne,EOY24,2024-2025,End of Year Internationals
Grant Gilchrist,EOY24,2024-2025,End of Year Internationals
Alessandro Izekor,EOY24,2024-2025,End of Year Internationals
Stuart McCloskey,EOY24,2024-2025,End of Year Internationals
David Costa,EOY24,2024-2025,End of Year Internationals
Billy Pollard,EOY24,2024-2025,End of Year Internationals
Christ Tshiunza,EOY24,2024-2025,End of Year Internationals
Danilo Fischetti,EOY24,2024-2025,End of Year Internationals
Kurt Eklund,EOY24,2024-2025,End of Year Internationals
Tau Koloamatangi,EOY24,2024-2025,End of Year Internationals
Vano Karkadze,EOY24,2024-2025,End of Year Internationals
Tom Curry,EOY24,2024-2025,End of Year Internationals
Curtis Langdon,EOY24,2024-2025,End of Year Internationals
Tom Dodd,EOY24,2024-2025,End of Year Internationals
Pierce MacKinlay-West,EOY24,2024-2025,End of Year Internationals
Tomás Albornoz,EOY24,2024-2025,End of Year Internationals
Nicolás Garafulic,EOY24,2024-2025,End of Year Internationals
Kaden Duguid,EOY24,2024-2025,End of Year Internationals
Cristóbal Game,EOY24,2024-2025,End of Year Internationals
Cian Prendergast,EOY24,2024-2025,End of Year Internationals
Amato Fakatava,EOY24,2024-2025,End of Year Internationals
François Cros,EOY24,2024-2025,End of Year Internationals
Raphaël Nieto,EOY24,2024-2025,End of Year Internationals
Matthew Tweddle,EOY24,2024-2025,End of Year Internationals
Leonardo Marin,EOY24,2024-2025,End of Year Internationals
Siya Kolisi,EOY24,2024-2025,End of Year Internationals
Asier Usárraga,EOY24,2024-2025,End of Year Internationals
Rónan Kelleher,EOY24,2024-2025,End of Year Internationals
Tomás Casares,EOY24,2024-2025,End of Year Internationals
Will Skelton,EOY24,2024-2025,End of Year Internationals
Theo Dan,EOY24,2024-2025,End of Year Internationals
Jason Higgins,EOY24,2024-2025,End of Year Internationals
Inia Tabuavou,EOY24,2024-2025,End of Year Internationals
Frank Lomani,EOY24,2024-2025,End of Year Internationals
Lucas Bianchi,EOY24,2024-2025,End of Year Internationals
Tevita Ahokovi,EOY24,2024-2025,End of Year Internationals
Alexsandre Kuntelia,EOY24,2024-2025,End of Year Internationals
Fineen Wycherley,EOY24,2024-2025,End of Year Internationals
Irakli Aptsiauri,EOY24,2024-2025,End of Year Internationals
Johnny Ika,EOY24,2024-2025,End of Year Internationals
Ewan Ashman,EOY24,2024-2025,End of Year Internationals
Corey Toole,EOY24,2024-2025,End of Year Internationals
Massimo de Lutiis,EOY24,2024-2025,End of Year Internationals
Tiaan Tauakipulu,EOY24,2024-2025,End of Year Internationals
Noah Flesch,EOY24,2024-2025,End of Year Internationals
William Havili,EOY24,2024-2025,End of Year Internationals
Kemu Valetini,EOY24,2024-2025,End of Year Internationals
Semisi Paea,EOY24,2024-2025,End of Year Internationals
Cole Keith,EOY24,2024-2025,End of Year Internationals
Ignacio Calles,EOY24,2024-2025,End of Year Internationals
Jack Combes,EOY24,2024-2025,End of Year Internationals
Joaquín Suárez,EOY24,2024-2025,End of Year Internationals
Ben Thomas,EOY24,2024-2025,End of Year Internationals
Cheslin Kolbe,EOY24,2024-2025,End of Year Internationals
Marshall Sykes,EOY24,2024-2025,End of Year Internationals
Josh Nasser,EOY24,2024-2025,End of Year Internationals
Pau Aira,EOY24,2024-2025,End of Year Internationals
Ethan Coughlan,EOY24,2024-2025,End of Year Internationals
Dominic Besag,EOY24,2024-2025,End of Year Internationals
Quinn Tupaea,EOY24,2024-2025,End of Year Internationals
Victor Silva,EOY24,2024-2025,End of Year Internationals
André da Cunha,EOY24,2024-2025,End of Year Internationals
Caleb Clarke,EOY24,2024-2025,End of Year Internationals
Isaiah Armstrong-Ravula,EOY24,2024-2025,End of Year Internationals
Paddy Ryan,EOY24,2024-2025,End of Year Internationals
Charlie Higson-Smith,EOY24,2024-2025,End of Year Internationals
Manuel Zuliani,EOY24,2024-2025,End of Year Internationals
Julián Montoya,EOY24,2024-2025,End of Year Internationals
Fonovai Tangimana,EOY24,2024-2025,End of Year Internationals
Lam Jak Shing,EOY24,2024-2025,End of Year Internationals
Erich Storti,EOY24,2024-2025,End of Year Internationals
Freddie Steward,EOY24,2024-2025,End of Year Internationals
Arthur Clark,EOY24,2024-2025,End of Year Internationals
Bautista Delguy,EOY24,2024-2025,End of Year Internationals
Fine Inisi,EOY24,2024-2025,End of Year Internationals
Mateo Carreras,EOY24,2024-2025,End of Year Internationals
Matthieu Jalibert,EOY24,2024-2025,End of Year Internationals
Johan Grobbelaar,EOY24,2024-2025,End of Year Internationals
Tyrel Lomax,EOY24,2024-2025,End of Year Internationals
Norman Aguayo,EOY24,2024-2025,End of Year Internationals
Fabian Holland,EOY24,2024-2025,End of Year Internationals
Caleb Delany,EOY24,2024-2025,End of Year Internationals
Cobus Reinach,EOY24,2024-2025,End of Year Internationals
Darcy Swain,EOY24,2024-2025,End of Year Internationals
Harry Randall,EOY24,2024-2025,End of Year Internationals
Gauthier Minguillón,EOY24,2024-2025,End of Year Internationals
Hamish Stewart,EOY24,2024-2025,End of Year Internationals
Peter Nelson,EOY24,2024-2025,End of Year Internationals
Jack van Poortvliet,EOY24,2024-2025,End of Year Internationals
Virgil Ghenea,EOY24,2024-2025,End of Year Internationals
Tom Farrell,EOY24,2024-2025,End of Year Internationals
Tom Willis,EOY24,2024-2025,End of Year Internationals
Santiago Álvarez,EOY24,2024-2025,End of Year Internationals
Aphelele Fassi,EOY24,2024-2025,End of Year Internationals
Aaron Wainwright,EOY24,2024-2025,End of Year Internationals
Gareth Anscombe,EOY24,2024-2025,End of Year Internationals
Simione Kuruvoli,EOY24,2024-2025,End of Year Internationals
Alexandru Bucur,EOY24,2024-2025,End of Year Internationals
Xavier Numia,EOY24,2024-2025,End of Year Internationals
Cristi Boboc,EOY24,2024-2025,End of Year Internationals
Izzak Kelly,EOY24,2024-2025,End of Year Internationals
Moni Tonga'uiha,EOY24,2024-2025,End of Year Internationals
Simon Parker,EOY24,2024-2025,End of Year Internationals
Conor Murray,EOY24,2024-2025,End of Year Internationals
Eroni Mawi,EOY24,2024-2025,End of Year Internationals
Felipe Aliaga,EOY24,2024-2025,End of Year Internationals
Lado Chachanidze,EOY24,2024-2025,End of Year Internationals
Isoa Nasilasila,EOY24,2024-2025,End of Year Internationals
Will Muir,EOY24,2024-2025,End of Year Internationals
Marius Simionescu,EOY24,2024-2025,End of Year Internationals
Jasper Wiese,EOY24,2024-2025,End of Year Internationals
Mikey Jones,EOY24,2024-2025,End of Year Internationals
Ícaro Amarillo,EOY24,2024-2025,End of Year Internationals
Handré Pollard,EOY24,2024-2025,End of Year Internationals
Adam Beard,EOY24,2024-2025,End of Year Internationals
Kemal Altinok,EOY24,2024-2025,End of Year Internationals
Bradley Slater,EOY24,2024-2025,End of Year Internationals
Nic Benn,EOY24,2024-2025,End of Year Internationals
Craig Casey,EOY24,2024-2025,End of Year Internationals
Rory Scott,EOY24,2024-2025,End of Year Internationals
Marcos Kremer,EOY24,2024-2025,End of Year Internationals
Clemente Saavedra,EOY24,2024-2025,End of Year Internationals
Pasilio Tosi,EOY24,2024-2025,End of Year Internationals
James Ryan,EOY24,2024-2025,End of Year Internationals
Matt Gallagher,EOY24,2024-2025,End of Year Internationals
Rob Herring,EOY24,2024-2025,End of Year Internationals
Joseph Sua'ali'i,EOY24,2024-2025,End of Year Internationals
Marco Riccioni,EOY24,2024-2025,End of Year Internationals
Santiago Videla,EOY24,2024-2025,End of Year Internationals
Luke Carty,EOY24,2024-2025,End of Year Internationals
Ben Healy,EOY24,2024-2025,End of Year Internationals
Isaac Kailea,EOY24,2024-2025,End of Year Internationals
Cortez Ratima,EOY24,2024-2025,End of Year Internationals
Thierry Futeu,EOY24,2024-2025,End of Year Internationals
Sebastian Negri,EOY24,2024-2025,End of Year Internationals
Alessandro Garbisi,EOY24,2024-2025,End of Year Internationals
Luka Nioradze,EOY24,2024-2025,End of Year Internationals
Will Hurd,EOY24,2024-2025,End of Year Internationals
Seung-hyuk Lee,EOY24,2024-2025,End of Year Internationals
Lucas Strabucchi,EOY24,2024-2025,End of Year Internationals
Rieko Ioane,EOY24,2024-2025,End of Year Internationals
Joel Sclavi,EOY24,2024-2025,End of Year Internationals
Antoine Dupont,EOY24,2024-2025,End of Year Internationals
Codie Taylor,EOY24,2024-2025,End of Year Internationals
Ryan Smith,EOY24,2024-2025,End of Year Internationals
Nicholas McCurran,EOY24,2024-2025,End of Year Internationals
Mark O'Keeffe,EOY24,2024-2025,End of Year Internationals
Eddie James,EOY24,2024-2025,End of Year Internationals
Josiah Unga,EOY24,2024-2025,End of Year Internationals
Brice Ferrer,EOY24,2024-2025,End of Year Internationals
AJ Lam,EOY24,2024-2025,End of Year Internationals
Wallace Sititi,EOY24,2024-2025,End of Year Internationals
Adrio de Melo,EOY24,2024-2025,End of Year Internationals
Jack Iscaro,EOY24,2024-2025,End of Year Internationals
Tevita Tatafu,EOY24,2024-2025,End of Year Internationals
TJ Perenara,EOY24,2024-2025,End of Year Internationals
Waisea Nayacalevu,EOY24,2024-2025,End of Year Internationals
Mark Tele'a,EOY24,2024-2025,End of Year Internationals
Patrick Harrison,EOY24,2024-2025,End of Year Internationals
Ben Donaldson,EOY24,2024-2025,End of Year Internationals
Abel da Cunha,EOY24,2024-2025,End of Year Internationals
Joe Carpenter,EOY24,2024-2025,End of Year Internationals
Peni Matawalu,EOY24,2024-2025,End of Year Internationals
Álvar Gimeno,EOY24,2024-2025,End of Year Internationals
Kerman Aurrekoetxea,EOY24,2024-2025,End of Year Internationals
Alex Maughan,EOY24,2024-2025,End of Year Internationals
Paolo Garbisi,EOY24,2024-2025,End of Year Internationals
Marco van Staden,EOY24,2024-2025,End of Year Internationals
Bongi Mbonambi,EOY24,2024-2025,End of Year Internationals
Brock Gallagher,EOY24,2024-2025,End of Year Internationals
Tomoki Osada,EOY24,2024-2025,End of Year Internationals
Cooper Coats,EOY24,2024-2025,End of Year Internationals
Mihai Graure,EOY24,2024-2025,End of Year Internationals
Jamie Shillcock,EOY24,2024-2025,End of Year Internationals
Gabriel Rupanu,EOY24,2024-2025,End of Year Internationals
Corey Kellow,EOY24,2024-2025,End of Year Internationals
Ryan Baird,EOY24,2024-2025,End of Year Internationals
Henry Slade,EOY24,2024-2025,End of Year Internationals
Albert Tuisue,EOY24,2024-2025,End of Year Internationals
Ross Thompson,EOY24,2024-2025,End of Year Internationals
Ben White,EOY24,2024-2025,End of Year Internationals
Giulio Bertaccini,EOY24,2024-2025,End of Year Internationals
Ryan Elias,EOY24,2024-2025,End of Year Internationals
Mitch Richardson,EOY24,2024-2025,End of Year Internationals
Diarmuid Kilgallen,EOY24,2024-2025,End of Year Internationals
Scott Cummings,EOY24,2024-2025,End of Year Internationals
Leone Rotuisolia,EOY24,2024-2025,End of Year Internationals
Tevita Manumua,EOY24,2024-2025,End of Year Internationals
Ofa Tu'ungafasi,EOY24,2024-2025,End of Year Internationals
Mikey Grandy,EOY24,2024-2025,End of Year Internationals
Sireli Maqala,EOY24,2024-2025,End of Year Internationals
Josh van der Flier,EOY24,2024-2025,End of Year Internationals
Jake Turnbull,EOY24,2024-2025,End of Year Internationals
Nika Abuladze,EOY24,2024-2025,End of Year Internationals
John Ryan,EOY24,2024-2025,End of Year Internationals
Patrick Pellegrini,EOY24,2024-2025,End of Year Internationals
Kini Naholo,EOY24,2024-2025,End of Year Internationals
Rodrigo Isgró,EOY24,2024-2025,End of Year Internationals
Oliver Haig,EOY24,2024-2025,End of Year Internationals
Bernardo Vázquez,EOY24,2024-2025,End of Year Internationals
Rhys van Nek,EOY24,2024-2025,End of Year Internationals
Hugo González,EOY24,2024-2025,End of Year Internationals
Maxwell Threlkeld,EOY24,2024-2025,End of Year Internationals
Allan Alaalatoa,EOY24,2024-2025,End of Year Internationals
Yoram Moefana,EOY24,2024-2025,End of Year Internationals
Finn Russell,EOY24,2024-2025,End of Year Internationals
Kitione Salawa,EOY24,2024-2025,End of Year Internationals
Brandon Paenga-Amosa,EOY24,2024-2025,End of Year Internationals
Emmanuel Meafou,EOY24,2024-2025,End of Year Internationals
Marcelo Torrealba,EOY24,2024-2025,End of Year Internationals
Luke Reimer,EOY24,2024-2025,End of Year Internationals
Jordan Hendrikse,EOY24,2024-2025,End of Year Internationals
James Holmes,EOY24,2024-2025,End of Year Internationals
James Slipper,EOY24,2024-2025,End of Year Internationals
Mason Grady,EOY24,2024-2025,End of Year Internationals
Romain Taofifénua,6N25,2024-2025,6 Nations
Dave Cherry,6N25,2024-2025,6 Nations
Danilo Fischetti,6N25,2024-2025,6 Nations
Sam Prendergast,6N25,2024-2025,6 Nations
Andrew Porter,6N25,2024-2025,6 Nations
Ben Muncaster,6N25,2024-2025,6 Nations
Tom Curry,6N25,2024-2025,6 Nations
Zander Fagerson,6N25,2024-2025,6 Nations
Rory Sutherland,6N25,2024-2025,6 Nations
Cyril Baille,6N25,2024-2025,6 Nations
François Cros,6N25,2024-2025,6 Nations
Will Rowlands,6N25,2024-2025,6 Nations
Leonardo Marin,6N25,2024-2025,6 Nations
Gregor Brown,6N25,2024-2025,6 Nations
Rónan Kelleher,6N25,2024-2025,6 Nations
Hugo Auradou,6N25,2024-2025,6 Nations
Georges-Henri Colombe,6N25,2024-2025,6 Nations
Jack Dempsey,6N25,2024-2025,6 Nations
Jack Conan,6N25,2024-2025,6 Nations
Theo Dan,6N25,2024-2025,6 Nations
Jack Boyle,6N25,2024-2025,6 Nations
Ewan Ashman,6N25,2024-2025,6 Nations
Darcy Graham,6N25,2024-2025,6 Nations
Duhan van der Merwe,6N25,2024-2025,6 Nations
Jamie George,6N25,2024-2025,6 Nations
Tommy Freeman,6N25,2024-2025,6 Nations
Gianmarco Lucchesi,6N25,2024-2025,6 Nations
Ollie Chessum,6N25,2024-2025,6 Nations
Caelan Doris,6N25,2024-2025,6 Nations
Jac Morgan,6N25,2024-2025,6 Nations
Max Llewellyn,6N25,2024-2025,6 Nations
Marshall Sykes,6N25,2024-2025,6 Nations
Ben Thomas,6N25,2024-2025,6 Nations
Ted Hill,6N25,2024-2025,6 Nations
Stafford McDowall,6N25,2024-2025,6 Nations
Teddy Williams,6N25,2024-2025,6 Nations
Hugo Keenan,6N25,2024-2025,6 Nations
Owen Watkin,6N25,2024-2025,6 Nations
Jamie Osborne,6N25,2024-2025,6 Nations
Jonny Gray,6N25,2024-2025,6 Nations
Lorenzo Cannone,6N25,2024-2025,6 Nations
Evan Lloyd,6N25,2024-2025,6 Nations
Ewan Johnson,6N25,2024-2025,6 Nations
Bundee Aki,6N25,2024-2025,6 Nations
Manuel Zuliani,6N25,2024-2025,6 Nations
Rhodri Williams,6N25,2024-2025,6 Nations
Freddie Steward,6N25,2024-2025,6 Nations
Thibaud Flament,6N25,2024-2025,6 Nations
Ollie Lawrence,6N25,2024-2025,6 Nations
Rory Darge,6N25,2024-2025,6 Nations
Monty Ioane,6N25,2024-2025,6 Nations
Calvin Nash,6N25,2024-2025,6 Nations
Tommy Reffell,6N25,2024-2025,6 Nations
Matthieu Jalibert,6N25,2024-2025,6 Nations
Uini Atonio,6N25,2024-2025,6 Nations
Finlay Bealham,6N25,2024-2025,6 Nations
Elliot Daly,6N25,2024-2025,6 Nations
Dafydd Jenkins,6N25,2024-2025,6 Nations
Cian Healy,6N25,2024-2025,6 Nations
Harry Randall,6N25,2024-2025,6 Nations
WillGriff John,6N25,2024-2025,6 Nations
George Horne,6N25,2024-2025,6 Nations
Jack Crowley,6N25,2024-2025,6 Nations
Mickaël Guillard,6N25,2024-2025,6 Nations
Tom Willis,6N25,2024-2025,6 Nations
Jack van Poortvliet,6N25,2024-2025,6 Nations
Tomos Williams,6N25,2024-2025,6 Nations
Aaron Wainwright,6N25,2024-2025,6 Nations
Taulupe Faletau,6N25,2024-2025,6 Nations
Blair Kinghorn,6N25,2024-2025,6 Nations
Gareth Anscombe,6N25,2024-2025,6 Nations
Fraser Dingwall,6N25,2024-2025,6 Nations
Huw Jones,6N25,2024-2025,6 Nations
Tom Jordan,6N25,2024-2025,6 Nations
Conor Murray,6N25,2024-2025,6 Nations
Damian Penaud,6N25,2024-2025,6 Nations
Fin Baxter,6N25,2024-2025,6 Nations
Tadhg Furlong,6N25,2024-2025,6 Nations
James Lowe,6N25,2024-2025,6 Nations
Sam Skinner,6N25,2024-2025,6 Nations
Mack Hansen,6N25,2024-2025,6 Nations
Stephen Varney,6N25,2024-2025,6 Nations
Kyle Rowe,6N25,2024-2025,6 Nations
James Botham,6N25,2024-2025,6 Nations
Niccolò Cannone,6N25,2024-2025,6 Nations
Grégory Alldritt,6N25,2024-2025,6 Nations
Tom Roebuck,6N25,2024-2025,6 Nations
Gus McCarthy,6N25,2024-2025,6 Nations
Matt Fagerson,6N25,2024-2025,6 Nations
Will Stuart,6N25,2024-2025,6 Nations
James Ryan,6N25,2024-2025,6 Nations
Matt Gallagher,6N25,2024-2025,6 Nations
Rob Herring,6N25,2024-2025,6 Nations
Nicky Smith,6N25,2024-2025,6 Nations
Marco Riccioni,6N25,2024-2025,6 Nations
Tommaso Menoncello,6N25,2024-2025,6 Nations
Joe McCarthy,6N25,2024-2025,6 Nations
Maxime Lucu,6N25,2024-2025,6 Nations
Martin Page-Relo,6N25,2024-2025,6 Nations
Keiron Assiratti,6N25,2024-2025,6 Nations
Henry Pollock,6N25,2024-2025,6 Nations
Blair Murray,6N25,2024-2025,6 Nations
Sebastian Negri,6N25,2024-2025,6 Nations
Elliot Dee,6N25,2024-2025,6 Nations
Will Hurd,6N25,2024-2025,6 Nations
Alessandro Garbisi,6N25,2024-2025,6 Nations
Nick Tompkins,6N25,2024-2025,6 Nations
Gareth Thomas,6N25,2024-2025,6 Nations
Dewi Lake,6N25,2024-2025,6 Nations
Antoine Dupont,6N25,2024-2025,6 Nations
Tom Clarkson,6N25,2024-2025,6 Nations
Eddie James,6N25,2024-2025,6 Nations
Dan Edwards,6N25,2024-2025,6 Nations
Peter O'Mahony,6N25,2024-2025,6 Nations
Garry Ringrose,6N25,2024-2025,6 Nations
Ange Capuozzo,6N25,2024-2025,6 Nations
Michele Lamaro,6N25,2024-2025,6 Nations
Léo Barré,6N25,2024-2025,6 Nations
Émilien Gailleton,6N25,2024-2025,6 Nations
Federico Ruzza,6N25,2024-2025,6 Nations
Paul Boudehent,6N25,2024-2025,6 Nations
Henry Thomas,6N25,2024-2025,6 Nations
Louis Bielle-Biarrey,6N25,2024-2025,6 Nations
Ben Curry,6N25,2024-2025,6 Nations
Pierre Schoeman,6N25,2024-2025,6 Nations
Dorian Aldegheri,6N25,2024-2025,6 Nations
Simone Ferrari,6N25,2024-2025,6 Nations
Thomas Ramos,6N25,2024-2025,6 Nations
Giacomo Nicotera,6N25,2024-2025,6 Nations
Paolo Garbisi,6N25,2024-2025,6 Nations
George Martin,6N25,2024-2025,6 Nations
Jarrod Evans,6N25,2024-2025,6 Nations
Josh Adams,6N25,2024-2025,6 Nations
Fin Smith,6N25,2024-2025,6 Nations
Riccardo Favretto,6N25,2024-2025,6 Nations
Luke Cowan-Dickie,6N25,2024-2025,6 Nations
Ben Earl,6N25,2024-2025,6 Nations
Mirco Spagnolo,6N25,2024-2025,6 Nations
Simone Gesi,6N25,2024-2025,6 Nations
Ryan Baird,6N25,2024-2025,6 Nations
Alex Mitchell,6N25,2024-2025,6 Nations
Henry Slade,6N25,2024-2025,6 Nations
Jamie Ritchie,6N25,2024-2025,6 Nations
Chandler Cunningham-South,6N25,2024-2025,6 Nations
Ignacio Brex,6N25,2024-2025,6 Nations
Maro Itoje,6N25,2024-2025,6 Nations
Ben White,6N25,2024-2025,6 Nations
Josh Hathaway,6N25,2024-2025,6 Nations
George Ford,6N25,2024-2025,6 Nations
Ross Vintcent,6N25,2024-2025,6 Nations
Julien Marchand,6N25,2024-2025,6 Nations
Marcus Smith,6N25,2024-2025,6 Nations
Nolann Le Garrec,6N25,2024-2025,6 Nations
Anthony Jelonch,6N25,2024-2025,6 Nations
Jacopo Trulla,6N25,2024-2025,6 Nations
Giosuè Zilocchi,6N25,2024-2025,6 Nations
Iain Henderson,6N25,2024-2025,6 Nations
Freddie Thomas,6N25,2024-2025,6 Nations
Ollie Sleightholme,6N25,2024-2025,6 Nations
Jean-Baptiste Gros,6N25,2024-2025,6 Nations
Luca Rizzoli,6N25,2024-2025,6 Nations
Peato Mauvaka,6N25,2024-2025,6 Nations
Robbie Henshaw,6N25,2024-2025,6 Nations
Josh van der Flier,6N25,2024-2025,6 Nations
Oscar Jégou,6N25,2024-2025,6 Nations
Joe Heyes,6N25,2024-2025,6 Nations
Dan Sheehan,6N25,2024-2025,6 Nations
Pierre-Louis Barassi,6N25,2024-2025,6 Nations
Théo Attissogbé,6N25,2024-2025,6 Nations
Jamison Gibson-Park,6N25,2024-2025,6 Nations
Tom Rogers,6N25,2024-2025,6 Nations
Ellis Genge,6N25,2024-2025,6 Nations
Liam Williams,6N25,2024-2025,6 Nations
Jamie Bhatti,6N25,2024-2025,6 Nations
Gaël Fickou,6N25,2024-2025,6 Nations
Joe Roberts,6N25,2024-2025,6 Nations
Cadan Murley,6N25,2024-2025,6 Nations
Yoram Moefana,6N25,2024-2025,6 Nations
Finn Russell,6N25,2024-2025,6 Nations
Romain Ntamack,6N25,2024-2025,6 Nations
Jamie Dobie,6N25,2024-2025,6 Nations
Ellis Mee,6N25,2024-2025,6 Nations
Emmanuel Meafou,6N25,2024-2025,6 Nations
Tommaso Allan,6N25,2024-2025,6 Nations
Tadhg Beirne,6N25,2024-2025,6 Nations
Dino Lamb,6N25,2024-2025,6 Nations
Alexandre Roumat,6N25,2024-2025,6 Nations
Grant Gilchrist,6N25,2024-2025,6 Nations
