match_id,match_date,match_time,home_score,away_score,referee,home_tries,away_tries,home_possession,away_possession,home_territory,away_territory,home_possession_own_half,away_possession_own_half,home_possession_opponent_half,away_possession_opponent_half,home_possession_opponent_22,away_possession_opponent_22,home_scrums_played,away_scrums_played,home_scrums_won,away_scrums_won,home_scrums_lost,away_scrums_lost,home_scrums_reset,away_scrums_reset,home_lineouts_played,away_lineouts_played,home_lineouts_own_won,away_lineouts_own_won,home_lineouts_opponents_won,away_lineouts_opponents_won,home_knockons,away_knockons,home_penalties_scored,away_penalties_scored,home_penalties_conceded,away_penalties_conceded,home_yellow_cards,away_yellow_cards,home_red_cards,away_red_cards,home_tackles_made,away_tackles_made,home_tackles_off_made,away_tackles_off_made,home_tackles_missed,away_tackles_missed,home_kicks,away_kicks,home_passes,away_passes,home_line_breaks,away_line_breaks,home_offloads,away_offloads,home_turnovers,away_turnovers,home_bonus_points,away_bonus_points
8106,2017-08-26,15:10,23.0,23.0,Mathieu Raynal,2.0,2.0,50.0,50.0,61.0,39.0,58.0,42.0,40.0,60.0,59.0,41.0,16.0,5.0,9.0,5.0,2.0,0.0,5.0,0.0,17.0,5.0,8.0,4.0,0.0,5.0,5.0,11.0,3.0,3.0,8.0,9.0,0,1,0,0,120.0,193.0,7.0,17.0,11.0,19.0,15.0,17.0,171.0,122.0,9,5,9,9,0,0,0,0
8107,2017-08-26,18:00,10.0,19.0,Alexandre Ruiz,1.0,3.0,50.0,50.0,53.0,47.0,60.0,40.0,47.0,53.0,53.0,47.0,10.0,10.0,7.0,7.0,0.0,0.0,3.0,3.0,21.0,11.0,18.0,9.0,0.0,0.0,10.0,11.0,1.0,0.0,7.0,16.0,2,2,0,0,136.0,170.0,12.0,24.0,26.0,21.0,13.0,21.0,104.0,148.0,2,5,14,10,0,0,0,0
8108,2017-08-26,18:00,48.0,19.0,Tual Trainini,7.0,3.0,50.0,50.0,38.0,62.0,43.0,57.0,63.0,37.0,44.0,56.0,10.0,12.0,6.0,8.0,2.0,2.0,2.0,2.0,10.0,13.0,10.0,8.0,1.0,0.0,8.0,9.0,1.0,0.0,10.0,9.0,0,1,0,0,217.0,100.0,26.0,5.0,19.0,14.0,18.0,10.0,87.0,129.0,3,3,11,7,0,0,1,0
8109,2017-08-26,18:00,25.0,21.0,Maxime Chalon,3.0,2.0,50.0,50.0,42.0,58.0,55.0,45.0,59.0,41.0,43.0,57.0,8.0,7.0,5.0,4.0,0.0,0.0,3.0,3.0,9.0,8.0,4.0,7.0,0.0,1.0,9.0,9.0,2.0,3.0,9.0,9.0,1,1,0,0,150.0,232.0,5.0,23.0,26.0,24.0,23.0,28.0,155.0,152.0,3,3,19,3,0,0,0,1
8110,2017-08-26,18:00,16.0,25.0,Sebastien Minery,1.0,3.0,50.0,50.0,52.0,48.0,36.0,64.0,49.0,51.0,49.0,51.0,13.0,5.0,9.0,3.0,1.0,1.0,3.0,1.0,9.0,17.0,7.0,13.0,4.0,0.0,10.0,14.0,3.0,2.0,11.0,10.0,1,1,0,0,156.0,192.0,10.0,6.0,18.0,21.0,15.0,21.0,163.0,146.0,3,4,19,9,0,0,0,0
8111,2017-08-26,20:45,32.0,25.0,Thomas Charabas,3.0,3.0,50.0,50.0,54.0,46.0,64.0,36.0,46.0,54.0,54.0,46.0,11.0,4.0,8.0,2.0,0.0,2.0,3.0,0.0,10.0,16.0,6.0,8.0,3.0,1.0,11.0,12.0,5.0,2.0,11.0,12.0,0,1,0,0,164.0,175.0,23.0,18.0,27.0,25.0,19.0,20.0,143.0,150.0,9,4,13,11,0,0,0,1
8112,2017-08-27,17:00,41.0,14.0,Laurent Cardona,4.0,2.0,50.0,50.0,46.0,54.0,47.0,53.0,54.0,46.0,47.0,53.0,8.0,7.0,6.0,6.0,0.0,0.0,2.0,1.0,12.0,17.0,11.0,13.0,1.0,0.0,10.0,9.0,5.0,0.0,10.0,10.0,0,0,0,0,124.0,154.0,8.0,6.0,25.0,27.0,21.0,15.0,132.0,124.0,11,5,16,6,0,0,0,0
8113,2017-09-02,14:45,23.0,19.0,Pierre Brousset,2.0,3.0,50.0,50.0,43.0,57.0,19.0,81.0,61.0,39.0,43.0,57.0,11.0,16.0,7.0,10.0,2.0,0.0,2.0,6.0,13.0,9.0,9.0,8.0,0.0,1.0,6.0,14.0,3.0,0.0,5.0,10.0,1,0,0,1,137.0,150.0,14.0,7.0,17.0,21.0,13.0,11.0,114.0,114.0,5,3,9,13,0,0,0,1
8114,2017-09-02,16:45,35.0,24.0,Mathieu Raynal,5.0,2.0,50.0,50.0,50.0,50.0,47.0,53.0,50.0,50.0,51.0,49.0,16.0,8.0,12.0,5.0,2.0,0.0,2.0,3.0,8.0,10.0,7.0,8.0,0.0,1.0,5.0,17.0,2.0,1.0,9.0,8.0,2,1,0,0,177.0,163.0,15.0,9.0,38.0,10.0,21.0,10.0,125.0,172.0,3,3,13,20,0,0,1,0
8115,2017-09-02,18:45,33.0,19.0,Romain Poite,5.0,1.0,50.0,50.0,49.0,51.0,70.0,30.0,50.0,50.0,49.0,51.0,12.0,5.0,6.0,3.0,0.0,1.0,6.0,1.0,16.0,8.0,13.0,7.0,1.0,1.0,10.0,9.0,2.0,4.0,7.0,14.0,0,2,0,0,129.0,142.0,9.0,18.0,14.0,23.0,27.0,21.0,111.0,98.0,7,3,5,9,0,0,1,0
8116,2017-09-02,18:45,29.0,14.0,Jonathan Dufort,2.0,1.0,50.0,50.0,55.0,45.0,56.0,44.0,42.0,58.0,58.0,42.0,13.0,5.0,9.0,3.0,0.0,0.0,4.0,2.0,12.0,11.0,12.0,8.0,1.0,0.0,2.0,6.0,5.0,3.0,10.0,11.0,0,0,0,0,152.0,121.0,17.0,9.0,10.0,19.0,22.0,11.0,90.0,127.0,6,6,8,13,0,0,0,0
8117,2017-09-02,18:45,37.0,6.0,Ludovic Cayre,5.0,0.0,50.0,50.0,65.0,35.0,78.0,22.0,36.0,64.0,65.0,35.0,12.0,8.0,12.0,7.0,0.0,0.0,0.0,1.0,13.0,10.0,11.0,8.0,0.0,0.0,18.0,11.0,2.0,2.0,8.0,10.0,0,0,0,0,136.0,195.0,15.0,15.0,17.0,26.0,20.0,16.0,178.0,143.0,11,4,17,8,0,0,1,0
8118,2017-09-02,20:45,23.0,19.0,Cyril Lafon,2.0,1.0,50.0,50.0,42.0,58.0,46.0,54.0,58.0,42.0,46.0,54.0,9.0,9.0,8.0,7.0,0.0,1.0,1.0,1.0,7.0,11.0,6.0,8.0,0.0,0.0,4.0,10.0,3.0,4.0,10.0,8.0,2,2,0,0,221.0,146.0,22.0,12.0,25.0,29.0,12.0,16.0,131.0,228.0,6,1,19,8,0,0,0,1
8119,2017-09-03,16:50,21.0,16.0,Pascal Gauzere,2.0,1.0,50.0,50.0,52.0,48.0,66.0,34.0,48.0,52.0,52.0,48.0,10.0,14.0,6.0,12.0,1.0,0.0,3.0,2.0,17.0,11.0,12.0,4.0,0.0,1.0,12.0,8.0,3.0,3.0,7.0,14.0,1,2,0,0,149.0,139.0,15.0,19.0,16.0,25.0,19.0,17.0,132.0,125.0,5,3,8,14,0,0,0,1
8120,2017-09-09,14:45,51.0,20.0,Romain Poite,6.0,2.0,50.0,50.0,40.0,60.0,38.0,62.0,60.0,40.0,40.0,60.0,7.0,10.0,3.0,5.0,2.0,3.0,2.0,2.0,12.0,12.0,11.0,9.0,1.0,0.0,7.0,6.0,2.0,2.0,11.0,11.0,1,2,0,0,151.0,193.0,12.0,14.0,17.0,27.0,11.0,6.0,191.0,164.0,13,8,20,7,0,0,1,0
8121,2017-09-09,18:00,6.0,25.0,Laurent Cardona,0.0,3.0,50.0,50.0,47.0,53.0,44.0,56.0,53.0,47.0,47.0,53.0,6.0,11.0,4.0,9.0,0.0,1.0,2.0,1.0,18.0,14.0,10.0,8.0,4.0,3.0,13.0,4.0,2.0,2.0,10.0,17.0,1,2,0,0,152.0,196.0,9.0,16.0,25.0,21.0,17.0,32.0,150.0,103.0,2,1,15,9,0,0,0,1
8122,2017-09-09,18:00,12.0,10.0,Julien Castaignede,0.0,1.0,50.0,50.0,48.0,52.0,58.0,42.0,50.0,50.0,48.0,52.0,12.0,8.0,7.0,4.0,1.0,2.0,4.0,2.0,8.0,12.0,5.0,10.0,0.0,2.0,9.0,10.0,4.0,1.0,6.0,9.0,0,1,0,0,157.0,186.0,10.0,12.0,15.0,23.0,14.0,16.0,159.0,94.0,6,5,3,9,0,0,0,1
8123,2017-09-09,18:00,30.0,10.0,Adrien Descottes,2.0,1.0,50.0,50.0,51.0,49.0,50.0,50.0,48.0,52.0,52.0,48.0,5.0,14.0,4.0,9.0,1.0,0.0,0.0,5.0,16.0,12.0,12.0,9.0,1.0,0.0,13.0,12.0,5.0,1.0,6.0,11.0,0,1,0,0,149.0,186.0,9.0,17.0,10.0,17.0,24.0,24.0,130.0,154.0,5,2,12,11,0,0,0,0
8124,2017-09-09,20:45,17.0,22.0,Pascal Gauzere,1.0,1.0,50.0,50.0,48.0,52.0,51.0,49.0,51.0,49.0,48.0,52.0,9.0,8.0,6.0,5.0,0.0,1.0,3.0,2.0,9.0,10.0,6.0,8.0,2.0,1.0,11.0,8.0,4.0,5.0,12.0,11.0,0,0,0,0,134.0,122.0,16.0,18.0,26.0,20.0,28.0,34.0,97.0,84.0,2,4,4,7,0,0,1,0
8125,2017-09-10,12:30,30.0,14.0,Maxime Chalon,3.0,2.0,50.0,50.0,49.0,51.0,48.0,52.0,51.0,49.0,50.0,50.0,6.0,10.0,5.0,7.0,0.0,1.0,1.0,2.0,15.0,18.0,8.0,11.0,2.0,1.0,8.0,10.0,3.0,0.0,13.0,8.0,0,1,0,0,126.0,145.0,10.0,15.0,22.0,22.0,25.0,18.0,145.0,108.0,3,6,9,4,0,0,0,0
8126,2017-09-10,16:50,20.0,16.0,Alexandre Ruiz,2.0,1.0,50.0,50.0,55.0,45.0,60.0,40.0,44.0,56.0,54.0,46.0,8.0,12.0,5.0,8.0,1.0,0.0,2.0,4.0,18.0,13.0,12.0,3.0,2.0,1.0,14.0,1.0,1.0,3.0,9.0,10.0,2,1,0,0,189.0,156.0,16.0,15.0,29.0,20.0,23.0,23.0,145.0,132.0,4,3,13,15,0,0,0,1
8127,2017-09-16,14:45,53.0,17.0,Thomas Charabas,7.0,1.0,50.0,50.0,58.0,42.0,60.0,40.0,41.0,59.0,56.0,44.0,10.0,4.0,7.0,2.0,0.0,2.0,3.0,0.0,8.0,5.0,3.0,3.0,1.0,2.0,5.0,12.0,2.0,4.0,6.0,10.0,0,1,0,0,158.0,201.0,14.0,24.0,17.0,27.0,14.0,5.0,194.0,163.0,10,7,26,15,0,0,1,0
8128,2017-09-16,18:00,49.0,14.0,Ludovic Cayre,6.0,1.0,50.0,50.0,46.0,54.0,41.0,59.0,55.0,45.0,46.0,54.0,12.0,8.0,7.0,2.0,1.0,3.0,4.0,3.0,10.0,12.0,8.0,9.0,0.0,1.0,7.0,9.0,3.0,3.0,12.0,9.0,0,0,0,0,145.0,118.0,17.0,13.0,14.0,25.0,24.0,13.0,146.0,125.0,10,7,8,7,0,0,1,0
8129,2017-09-16,18:00,28.0,13.0,Alexandre Ruiz,3.0,1.0,50.0,50.0,48.0,52.0,46.0,54.0,54.0,46.0,47.0,53.0,13.0,5.0,8.0,4.0,1.0,0.0,4.0,1.0,16.0,8.0,11.0,7.0,0.0,2.0,5.0,16.0,3.0,2.0,5.0,7.0,1,1,0,0,159.0,154.0,8.0,8.0,17.0,19.0,30.0,20.0,168.0,167.0,6,7,11,7,0,0,0,0
8130,2017-09-16,18:00,15.0,20.0,Cyril Lafon,0.0,2.0,50.0,50.0,49.0,51.0,49.0,51.0,49.0,51.0,50.0,50.0,11.0,7.0,8.0,5.0,2.0,0.0,1.0,2.0,10.0,6.0,7.0,4.0,0.0,2.0,7.0,11.0,5.0,2.0,6.0,11.0,0,0,0,0,263.0,149.0,34.0,18.0,32.0,23.0,13.0,5.0,97.0,213.0,7,9,9,23,0,0,1,0
8131,2017-09-16,20:45,62.0,6.0,Pierre Brousset,8.0,0.0,50.0,50.0,55.0,45.0,59.0,41.0,45.0,55.0,54.0,46.0,10.0,13.0,6.0,6.0,1.0,3.0,3.0,4.0,12.0,8.0,10.0,6.0,1.0,0.0,12.0,6.0,2.0,2.0,9.0,7.0,2,2,0,0,122.0,149.0,10.0,13.0,7.0,28.0,9.0,9.0,175.0,119.0,14,3,16,12,0,0,1,0
8132,2017-09-17,12:30,25.0,13.0,Tual Trainini,3.0,1.0,50.0,50.0,62.0,38.0,72.0,28.0,38.0,62.0,61.0,39.0,14.0,8.0,11.0,5.0,0.0,1.0,3.0,2.0,10.0,17.0,6.0,10.0,2.0,0.0,10.0,9.0,2.0,2.0,11.0,10.0,0,1,0,0,164.0,214.0,14.0,15.0,21.0,35.0,11.0,8.0,207.0,175.0,3,5,17,7,0,0,0,0
8133,2017-09-17,16:50,43.0,20.0,Mathieu Raynal,5.0,2.0,50.0,50.0,68.0,32.0,80.0,20.0,34.0,66.0,68.0,32.0,10.0,10.0,8.0,5.0,0.0,1.0,2.0,4.0,12.0,11.0,11.0,10.0,1.0,1.0,9.0,7.0,1.0,2.0,6.0,11.0,0,1,0,0,94.0,155.0,7.0,9.0,10.0,20.0,21.0,17.0,125.0,103.0,6,5,7,5,0,0,1,0
8134,2017-09-23,14:45,23.0,21.0,Mathieu Raynal,2.0,1.0,50.0,50.0,51.0,49.0,53.0,47.0,48.0,52.0,51.0,49.0,12.0,14.0,8.0,12.0,0.0,1.0,4.0,1.0,15.0,8.0,11.0,7.0,0.0,1.0,16.0,11.0,3.0,3.0,10.0,12.0,2,1,0,0,122.0,95.0,20.0,10.0,23.0,17.0,20.0,20.0,104.0,119.0,4,7,6,6,0,0,0,1
8135,2017-09-23,18:00,57.0,12.0,Sebastien Minery,8.0,2.0,50.0,50.0,40.0,60.0,63.0,37.0,64.0,36.0,43.0,57.0,7.0,11.0,6.0,6.0,0.0,1.0,1.0,4.0,16.0,6.0,11.0,5.0,0.0,1.0,12.0,5.0,1.0,0.0,5.0,11.0,1,0,0,0,193.0,197.0,12.0,16.0,25.0,27.0,12.0,13.0,162.0,197.0,4,5,22,10,0,0,1,0
8136,2017-09-23,18:00,14.0,20.0,Adrien Descottes,2.0,2.0,50.0,50.0,56.0,44.0,72.0,28.0,44.0,56.0,53.0,47.0,8.0,8.0,6.0,7.0,1.0,0.0,1.0,1.0,12.0,12.0,6.0,10.0,0.0,2.0,9.0,8.0,0.0,2.0,11.0,13.0,0,1,0,0,152.0,296.0,17.0,34.0,16.0,9.0,11.0,16.0,117.0,167.0,0,4,7,13,0,0,1,0
8137,2017-09-23,18:00,47.0,17.0,Laurent Cardona,5.0,2.0,50.0,50.0,40.0,60.0,62.0,38.0,63.0,37.0,42.0,58.0,14.0,8.0,11.0,5.0,0.0,2.0,3.0,1.0,9.0,10.0,6.0,6.0,1.0,1.0,6.0,11.0,4.0,1.0,7.0,12.0,0,0,0,1,181.0,141.0,9.0,9.0,21.0,18.0,19.0,13.0,129.0,146.0,6,4,14,16,0,0,1,0
8138,2017-09-23,20:45,19.0,22.0,Pascal Gauzere,1.0,3.0,50.0,50.0,51.0,49.0,76.0,24.0,48.0,52.0,53.0,47.0,10.0,8.0,5.0,4.0,2.0,0.0,3.0,4.0,18.0,12.0,15.0,9.0,0.0,0.0,7.0,9.0,4.0,1.0,7.0,11.0,0,1,0,0,130.0,134.0,20.0,5.0,25.0,8.0,21.0,23.0,90.0,94.0,1,6,5,6,0,0,1,0
8139,2017-09-24,12:30,31.0,12.0,Tual Trainini,4.0,0.0,50.0,50.0,43.0,57.0,53.0,47.0,60.0,40.0,47.0,53.0,16.0,11.0,9.0,7.0,3.0,0.0,4.0,4.0,12.0,12.0,10.0,8.0,0.0,1.0,8.0,18.0,1.0,4.0,12.0,10.0,1,1,0,0,150.0,112.0,9.0,10.0,22.0,18.0,18.0,9.0,114.0,157.0,7,5,8,10,0,0,1,0
8140,2017-09-24,16:50,15.0,19.0,Jonathan Dufort,0.0,3.0,50.0,50.0,52.0,48.0,62.0,38.0,48.0,52.0,51.0,49.0,11.0,8.0,6.0,6.0,2.0,0.0,3.0,2.0,11.0,12.0,9.0,7.0,2.0,0.0,6.0,9.0,4.0,0.0,10.0,10.0,0,1,0,0,156.0,148.0,14.0,15.0,21.0,9.0,21.0,16.0,126.0,140.0,3,2,6,15,0,0,1,1
8141,2017-09-30,14:45,26.0,20.0,Romain Poite,1.0,2.0,50.0,50.0,58.0,42.0,63.0,37.0,43.0,57.0,56.0,44.0,9.0,7.0,7.0,7.0,0.0,0.0,2.0,0.0,17.0,13.0,11.0,7.0,2.0,2.0,11.0,7.0,4.0,2.0,7.0,11.0,0,2,0,0,175.0,187.0,19.0,21.0,22.0,27.0,23.0,14.0,130.0,193.0,2,8,12,14,0,0,0,1
8142,2017-09-30,18:00,9.0,39.0,Maxime Chalon,0.0,4.0,50.0,50.0,47.0,53.0,15.0,85.0,54.0,46.0,47.0,53.0,13.0,9.0,8.0,7.0,2.0,0.0,3.0,2.0,16.0,13.0,10.0,10.0,0.0,3.0,12.0,9.0,3.0,2.0,10.0,11.0,0,0,1,0,169.0,159.0,13.0,27.0,13.0,14.0,17.0,23.0,102.0,145.0,2,5,4,15,0,0,0,1
8143,2017-09-30,18:00,23.0,25.0,Ludovic Cayre,2.0,3.0,50.0,50.0,53.0,47.0,89.0,11.0,48.0,52.0,53.0,47.0,8.0,11.0,7.0,9.0,1.0,0.0,0.0,2.0,17.0,13.0,11.0,13.0,0.0,2.0,11.0,9.0,3.0,2.0,4.0,10.0,1,1,0,0,74.0,165.0,3.0,21.0,4.0,14.0,25.0,33.0,157.0,76.0,2,2,8,2,0,0,1,0
8144,2017-09-30,18:00,30.0,10.0,Jonathan Dufort,2.0,1.0,50.0,50.0,66.0,34.0,64.0,36.0,36.0,64.0,64.0,36.0,13.0,13.0,8.0,6.0,2.0,3.0,3.0,4.0,13.0,10.0,12.0,6.0,0.0,0.0,11.0,5.0,3.0,1.0,6.0,9.0,0,0,0,0,105.0,249.0,18.0,29.0,6.0,29.0,17.0,18.0,224.0,62.0,8,1,22,5,0,0,0,0
8145,2017-09-30,20:45,17.0,20.0,Pierre Brousset,2.0,2.0,50.0,50.0,52.0,48.0,70.0,30.0,48.0,52.0,52.0,48.0,9.0,8.0,6.0,4.0,1.0,1.0,2.0,3.0,11.0,13.0,7.0,9.0,1.0,1.0,3.0,8.0,1.0,2.0,7.0,8.0,0,1,0,0,118.0,167.0,7.0,19.0,15.0,34.0,21.0,24.0,154.0,122.0,6,3,10,10,0,0,1,0
8146,2017-10-01,12:30,54.0,10.0,Thomas Charabas,7.0,1.0,50.0,50.0,47.0,53.0,52.0,48.0,51.0,49.0,47.0,53.0,6.0,12.0,5.0,6.0,1.0,1.0,0.0,5.0,13.0,12.0,12.0,7.0,0.0,0.0,10.0,8.0,0.0,1.0,8.0,9.0,0,0,0,0,194.0,129.0,20.0,9.0,23.0,23.0,23.0,18.0,137.0,168.0,4,4,7,10,0,0,1,0
8147,2017-10-01,16:50,29.0,23.0,Cyril Lafon,2.0,2.0,50.0,50.0,57.0,43.0,66.0,34.0,43.0,57.0,56.0,44.0,13.0,9.0,7.0,6.0,0.0,1.0,6.0,2.0,13.0,11.0,10.0,7.0,0.0,0.0,10.0,8.0,5.0,3.0,16.0,12.0,1,1,0,0,187.0,120.0,21.0,10.0,30.0,9.0,13.0,10.0,98.0,183.0,3,2,7,9,0,0,0,1
8148,2017-10-07,14:45,31.0,20.0,Sebastien Minery,3.0,2.0,50.0,50.0,45.0,55.0,33.0,67.0,54.0,46.0,46.0,54.0,11.0,7.0,9.0,5.0,0.0,0.0,2.0,2.0,8.0,13.0,6.0,10.0,0.0,0.0,9.0,10.0,4.0,2.0,7.0,10.0,1,1,0,0,257.0,93.0,22.0,9.0,17.0,15.0,27.0,24.0,79.0,190.0,2,7,8,15,0,0,0,0
8149,2017-10-07,16:45,30.0,27.0,Pierre Brousset,3.0,2.0,50.0,50.0,57.0,43.0,51.0,49.0,41.0,59.0,56.0,44.0,18.0,2.0,6.0,2.0,4.0,0.0,8.0,0.0,8.0,10.0,5.0,5.0,0.0,0.0,7.0,10.0,2.0,5.0,9.0,7.0,0,1,0,0,168.0,147.0,11.0,9.0,16.0,15.0,23.0,24.0,134.0,116.0,5,4,13,17,0,0,0,1
8150,2017-10-07,18:45,27.0,22.0,Adrien Descottes,1.0,3.0,50.0,50.0,34.0,66.0,30.0,70.0,66.0,34.0,34.0,66.0,17.0,11.0,11.0,7.0,1.0,2.0,5.0,2.0,8.0,13.0,8.0,8.0,2.0,0.0,10.0,10.0,5.0,1.0,9.0,11.0,0,1,0,0,165.0,132.0,10.0,8.0,23.0,31.0,25.0,13.0,111.0,135.0,3,3,15,10,0,0,0,1
8151,2017-10-07,18:45,16.0,19.0,Tual Trainini,1.0,1.0,50.0,50.0,54.0,46.0,32.0,68.0,46.0,54.0,54.0,46.0,5.0,8.0,2.0,4.0,2.0,1.0,1.0,3.0,13.0,11.0,7.0,6.0,1.0,1.0,8.0,5.0,3.0,4.0,12.0,12.0,0,1,0,0,169.0,177.0,13.0,14.0,20.0,28.0,18.0,21.0,117.0,168.0,3,4,11,11,0,0,1,0
8152,2017-10-07,20:45,6.0,25.0,Laurent Cardona,0.0,3.0,50.0,50.0,49.0,51.0,54.0,46.0,53.0,47.0,49.0,51.0,12.0,7.0,11.0,6.0,0.0,0.0,1.0,1.0,8.0,16.0,3.0,15.0,1.0,3.0,9.0,10.0,2.0,2.0,9.0,8.0,1,0,0,0,199.0,230.0,18.0,15.0,18.0,20.0,18.0,22.0,163.0,189.0,5,4,5,16,0,0,0,1
8153,2017-10-08,16:50,16.0,9.0,Pascal Gauzere,1.0,0.0,50.0,50.0,36.0,64.0,16.0,84.0,64.0,36.0,36.0,64.0,13.0,11.0,7.0,11.0,1.0,0.0,5.0,0.0,14.0,7.0,7.0,6.0,0.0,0.0,10.0,10.0,3.0,3.0,10.0,14.0,0,0,0,0,202.0,144.0,22.0,15.0,23.0,19.0,4.0,9.0,136.0,148.0,3,2,12,14,0,0,0,1
8154,2017-10-08,21:00,28.0,18.0,Alexandre Ruiz,3.0,2.0,50.0,50.0,47.0,53.0,48.0,52.0,51.0,49.0,49.0,51.0,7.0,8.0,3.0,5.0,2.0,1.0,2.0,2.0,8.0,16.0,4.0,7.0,1.0,1.0,10.0,10.0,3.0,1.0,10.0,9.0,1,1,0,0,196.0,128.0,19.0,12.0,33.0,17.0,18.0,21.0,105.0,177.0,2,4,7,9,0,0,0,0
8155,2017-10-28,14:45,41.0,24.0,Sebastien Minery,5.0,3.0,50.0,50.0,56.0,44.0,74.0,26.0,47.0,53.0,51.0,49.0,22.0,6.0,12.0,4.0,2.0,0.0,8.0,2.0,15.0,6.0,13.0,3.0,0.0,0.0,12.0,7.0,1.0,1.0,5.0,15.0,2,4,0,0,120.0,218.0,17.0,11.0,11.0,33.0,8.0,11.0,185.0,89.0,8,3,20,10,0,0,0,0
8156,2017-10-28,18:00,52.0,18.0,Jonathan Dufort,7.0,2.0,50.0,50.0,34.0,66.0,34.0,66.0,69.0,31.0,38.0,62.0,7.0,7.0,5.0,3.0,0.0,1.0,2.0,3.0,12.0,15.0,11.0,11.0,0.0,0.0,4.0,7.0,1.0,2.0,11.0,9.0,1,2,0,0,193.0,110.0,33.0,9.0,19.0,12.0,21.0,8.0,120.0,188.0,7,2,12,5,0,0,1,0
8157,2017-10-28,18:00,29.0,13.0,Alexandre Ruiz,4.0,2.0,50.0,50.0,44.0,56.0,42.0,58.0,60.0,40.0,44.0,56.0,6.0,9.0,6.0,6.0,0.0,0.0,0.0,3.0,11.0,19.0,7.0,11.0,2.0,0.0,9.0,13.0,1.0,1.0,11.0,6.0,1,1,2,1,153.0,212.0,12.0,6.0,25.0,38.0,31.0,22.0,188.0,127.0,6,4,19,13,0,0,0,0
8158,2017-10-28,18:00,16.0,22.0,Cyril Lafon,1.0,3.0,50.0,50.0,48.0,52.0,59.0,41.0,53.0,47.0,48.0,52.0,13.0,10.0,7.0,8.0,1.0,0.0,5.0,2.0,18.0,8.0,11.0,8.0,0.0,4.0,13.0,5.0,3.0,1.0,4.0,14.0,0,1,0,0,150.0,141.0,15.0,14.0,13.0,14.0,18.0,37.0,130.0,126.0,5,6,6,8,0,0,1,0
8159,2017-10-28,20:45,33.0,10.0,Romain Poite,2.0,1.0,50.0,50.0,51.0,49.0,59.0,41.0,50.0,50.0,50.0,50.0,20.0,7.0,14.0,1.0,1.0,4.0,5.0,2.0,12.0,11.0,8.0,10.0,1.0,1.0,12.0,9.0,4.0,1.0,9.0,15.0,0,2,0,0,112.0,191.0,8.0,35.0,15.0,23.0,11.0,16.0,150.0,109.0,5,5,9,6,0,0,0,0
8160,2017-10-29,12:30,43.0,28.0,Thomas Charabas,6.0,3.0,50.0,50.0,69.0,31.0,83.0,17.0,28.0,72.0,66.0,34.0,10.0,3.0,8.0,1.0,0.0,2.0,2.0,0.0,16.0,8.0,12.0,5.0,1.0,2.0,7.0,7.0,1.0,3.0,6.0,13.0,0,2,0,0,149.0,222.0,2.0,19.0,21.0,22.0,11.0,13.0,181.0,125.0,3,8,12,15,0,0,1,0
8161,2017-10-29,16:50,37.0,21.0,Jerome Garces,4.0,2.0,50.0,50.0,44.0,56.0,55.0,45.0,57.0,43.0,46.0,54.0,9.0,13.0,6.0,10.0,0.0,0.0,3.0,3.0,11.0,9.0,8.0,5.0,1.0,0.0,14.0,4.0,3.0,3.0,10.0,11.0,0,2,1,0,181.0,147.0,25.0,18.0,22.0,23.0,14.0,20.0,121.0,143.0,10,3,16,14,0,0,0,0
8162,2017-11-04,14:45,38.0,37.0,Pascal Gauzere,5.0,4.0,50.0,50.0,33.0,67.0,29.0,71.0,67.0,33.0,35.0,65.0,5.0,6.0,2.0,4.0,1.0,0.0,2.0,2.0,14.0,20.0,8.0,19.0,0.0,0.0,3.0,2.0,1.0,3.0,15.0,6.0,1,0,0,0,214.0,105.0,24.0,5.0,22.0,13.0,17.0,19.0,101.0,151.0,4,5,12,10,0,0,0,1
8163,2017-11-04,18:30,15.0,19.0,Mathieu Raynal,0.0,1.0,50.0,50.0,61.0,39.0,34.0,66.0,42.0,58.0,59.0,41.0,6.0,12.0,5.0,8.0,0.0,0.0,1.0,4.0,14.0,7.0,6.0,6.0,0.0,0.0,11.0,7.0,5.0,4.0,10.0,12.0,0,0,0,0,111.0,191.0,9.0,28.0,14.0,26.0,25.0,23.0,143.0,57.0,3,2,12,7,0,0,1,0
8164,2017-11-04,18:30,19.0,32.0,Ludovic Cayre,1.0,2.0,50.0,50.0,54.0,46.0,60.0,40.0,47.0,53.0,53.0,47.0,7.0,9.0,5.0,6.0,1.0,1.0,1.0,2.0,13.0,10.0,13.0,10.0,0.0,0.0,11.0,6.0,4.0,6.0,10.0,14.0,0,1,0,0,120.0,223.0,12.0,28.0,12.0,25.0,12.0,18.0,118.0,89.0,2,0,6,2,0,0,0,0
8165,2017-11-04,18:30,23.0,20.0,Romain Poite,2.0,1.0,50.0,50.0,55.0,45.0,87.0,13.0,44.0,56.0,55.0,45.0,11.0,11.0,9.0,6.0,1.0,2.0,1.0,3.0,9.0,12.0,8.0,7.0,0.0,0.0,12.0,7.0,3.0,5.0,10.0,12.0,1,2,0,0,103.0,185.0,5.0,7.0,12.0,18.0,18.0,19.0,121.0,118.0,1,3,8,7,0,0,0,1
8166,2017-11-04,20:45,26.0,24.0,Maxime Chalon,2.0,4.0,50.0,50.0,56.0,44.0,49.0,51.0,42.0,58.0,54.0,46.0,7.0,1.0,5.0,1.0,1.0,0.0,1.0,0.0,14.0,11.0,12.0,8.0,0.0,1.0,4.0,6.0,4.0,0.0,6.0,11.0,0,0,0,0,170.0,152.0,12.0,22.0,15.0,17.0,19.0,19.0,107.0,129.0,1,4,7,8,0,0,0,1
8167,2017-11-05,12:30,20.0,19.0,Laurent Cardona,2.0,3.0,50.0,50.0,57.0,43.0,58.0,42.0,43.0,57.0,57.0,43.0,8.0,15.0,8.0,9.0,0.0,2.0,0.0,4.0,14.0,15.0,11.0,9.0,0.0,1.0,14.0,10.0,2.0,0.0,7.0,8.0,0,0,0,0,113.0,185.0,7.0,20.0,18.0,22.0,19.0,28.0,151.0,134.0,7,5,15,8,0,0,0,1
8168,2017-11-05,16:50,28.0,24.0,Jerome Garces,4.0,3.0,50.0,50.0,53.0,47.0,73.0,27.0,45.0,55.0,52.0,48.0,16.0,3.0,8.0,3.0,1.0,0.0,7.0,0.0,13.0,13.0,9.0,10.0,2.0,1.0,1.0,10.0,0.0,1.0,7.0,8.0,3,1,0,0,149.0,130.0,17.0,13.0,9.0,19.0,25.0,20.0,90.0,174.0,1,7,3,8,0,0,0,1
8169,2017-11-18,14:45,39.0,18.0,Laurent Cardona,5.0,2.0,50.0,50.0,65.0,35.0,72.0,28.0,36.0,64.0,66.0,34.0,12.0,14.0,9.0,8.0,1.0,2.0,2.0,4.0,11.0,8.0,9.0,6.0,0.0,1.0,10.0,9.0,2.0,2.0,7.0,12.0,1,3,1,0,96.0,183.0,10.0,9.0,14.0,36.0,10.0,17.0,167.0,98.0,7,6,9,10,0,0,1,0
8170,2017-11-18,18:00,31.0,15.0,Adrien Descottes,4.0,2.0,50.0,50.0,64.0,36.0,80.0,20.0,34.0,66.0,62.0,38.0,7.0,9.0,6.0,6.0,0.0,1.0,1.0,2.0,13.0,13.0,11.0,11.0,1.0,1.0,13.0,6.0,0.0,1.0,10.0,8.0,3,1,0,0,206.0,217.0,26.0,16.0,30.0,20.0,20.0,17.0,145.0,161.0,2,4,12,10,0,0,0,0
8171,2017-11-18,18:00,32.0,22.0,Tual Trainini,4.0,1.0,50.0,50.0,48.0,52.0,70.0,30.0,54.0,46.0,49.0,51.0,8.0,7.0,6.0,4.0,0.0,0.0,2.0,3.0,13.0,6.0,8.0,6.0,0.0,1.0,5.0,6.0,2.0,5.0,10.0,12.0,0,2,0,0,242.0,114.0,27.0,13.0,23.0,17.0,18.0,19.0,109.0,186.0,4,2,7,16,0,0,1,0
8172,2017-11-18,18:00,34.0,15.0,Jonathan Dufort,4.0,2.0,50.0,50.0,43.0,57.0,35.0,65.0,57.0,43.0,44.0,56.0,6.0,12.0,4.0,7.0,0.0,1.0,2.0,4.0,14.0,21.0,10.0,16.0,1.0,1.0,5.0,5.0,2.0,1.0,14.0,13.0,3,2,1,1,164.0,134.0,15.0,9.0,14.0,25.0,15.0,17.0,159.0,116.0,7,4,8,10,0,0,0,0
8173,2017-11-18,18:00,33.0,23.0,Cyril Lafon,3.0,3.0,50.0,50.0,53.0,47.0,45.0,55.0,45.0,55.0,53.0,47.0,7.0,5.0,3.0,4.0,1.0,0.0,3.0,1.0,14.0,12.0,11.0,10.0,0.0,0.0,4.0,4.0,3.0,2.0,9.0,11.0,0,0,1,0,215.0,165.0,9.0,8.0,16.0,16.0,17.0,11.0,116.0,179.0,2,3,8,16,0,0,0,0
8174,2017-11-19,12:30,39.0,35.0,Jerome Garces,5.0,5.0,50.0,50.0,53.0,47.0,42.0,58.0,46.0,54.0,54.0,46.0,6.0,8.0,4.0,7.0,0.0,0.0,2.0,1.0,8.0,11.0,6.0,8.0,1.0,0.0,8.0,10.0,2.0,2.0,8.0,4.0,0,1,0,0,275.0,120.0,25.0,10.0,32.0,18.0,20.0,15.0,166.0,236.0,7,6,13,26,0,0,0,1
8175,2017-11-19,16:50,29.0,40.0,Thomas Charabas,4.0,4.0,50.0,50.0,30.0,70.0,22.0,78.0,71.0,29.0,32.0,68.0,8.0,7.0,6.0,6.0,0.0,0.0,2.0,1.0,13.0,10.0,11.0,6.0,1.0,1.0,5.0,8.0,1.0,4.0,11.0,4.0,0,0,0,0,215.0,108.0,10.0,5.0,29.0,17.0,18.0,11.0,122.0,175.0,2,4,10,4,0,0,0,0
8176,2017-11-25,14:45,20.0,19.0,Alexandre Ruiz,1.0,3.0,50.0,50.0,65.0,35.0,63.0,37.0,34.0,66.0,62.0,38.0,13.0,8.0,7.0,5.0,1.0,1.0,5.0,2.0,6.0,11.0,4.0,6.0,1.0,1.0,12.0,8.0,2.0,0.0,6.0,12.0,0,1,0,0,114.0,243.0,10.0,35.0,15.0,22.0,17.0,17.0,198.0,93.0,5,2,9,7,0,0,0,1
8177,2017-11-25,18:00,32.0,32.0,Tual Trainini,2.0,4.0,50.0,50.0,64.0,36.0,60.0,40.0,35.0,65.0,59.0,41.0,5.0,12.0,2.0,4.0,1.0,1.0,2.0,7.0,12.0,10.0,10.0,7.0,0.0,0.0,7.0,3.0,6.0,2.0,7.0,11.0,1,0,0,0,108.0,231.0,11.0,23.0,15.0,37.0,20.0,23.0,187.0,109.0,6,3,6,7,0,0,0,0
8178,2017-11-25,18:00,44.0,14.0,Maxime Chalon,6.0,1.0,50.0,50.0,52.0,48.0,76.0,24.0,49.0,51.0,51.0,49.0,5.0,5.0,5.0,4.0,0.0,1.0,0.0,0.0,13.0,7.0,7.0,5.0,0.0,2.0,10.0,6.0,2.0,3.0,4.0,10.0,0,0,0,0,170.0,202.0,11.0,14.0,28.0,27.0,16.0,24.0,173.0,195.0,6,4,15,7,0,0,1,0
8179,2017-11-25,18:00,29.0,13.0,Thomas Charabas,3.0,1.0,50.0,50.0,47.0,53.0,66.0,34.0,52.0,48.0,47.0,53.0,6.0,9.0,5.0,7.0,1.0,1.0,0.0,1.0,8.0,9.0,4.0,6.0,1.0,0.0,9.0,7.0,4.0,2.0,7.0,9.0,0,0,0,0,145.0,227.0,13.0,20.0,18.0,36.0,15.0,13.0,207.0,136.0,8,3,14,8,0,0,0,0
8180,2017-11-25,18:00,27.0,27.0,Cedric Marchat,2.0,4.0,50.0,50.0,65.0,35.0,65.0,35.0,34.0,66.0,65.0,35.0,11.0,7.0,5.0,5.0,2.0,1.0,4.0,1.0,13.0,7.0,7.0,7.0,0.0,2.0,8.0,6.0,5.0,1.0,10.0,10.0,1,0,0,0,135.0,156.0,19.0,2.0,19.0,31.0,15.0,22.0,130.0,125.0,8,4,11,7,0,0,0,0
8181,2017-11-26,12:30,26.0,0.0,Sebastien Minery,3.0,0.0,50.0,50.0,50.0,50.0,59.0,41.0,49.0,51.0,49.0,51.0,9.0,9.0,7.0,6.0,0.0,1.0,2.0,2.0,7.0,11.0,7.0,8.0,1.0,0.0,12.0,9.0,3.0,0.0,7.0,7.0,1,0,0,0,144.0,232.0,11.0,20.0,26.0,36.0,28.0,18.0,190.0,131.0,8,6,10,13,0,0,1,0
8182,2017-11-26,16:50,9.0,17.0,Ludovic Cayre,0.0,1.0,50.0,50.0,50.0,50.0,16.0,84.0,50.0,50.0,51.0,49.0,3.0,15.0,2.0,10.0,0.0,2.0,1.0,3.0,14.0,13.0,10.0,8.0,0.0,2.0,13.0,5.0,3.0,1.0,12.0,11.0,1,1,0,0,187.0,162.0,17.0,15.0,25.0,16.0,7.0,19.0,143.0,142.0,0,1,12,16,0,0,0,0
8183,2017-12-02,14:45,26.0,14.0,Pierre Brousset,2.0,1.0,50.0,50.0,55.0,45.0,43.0,57.0,44.0,56.0,54.0,46.0,13.0,12.0,12.0,7.0,0.0,1.0,1.0,4.0,10.0,10.0,8.0,5.0,0.0,0.0,10.0,8.0,4.0,3.0,9.0,15.0,0,1,0,0,162.0,175.0,9.0,20.0,21.0,26.0,9.0,21.0,145.0,100.0,1,1,15,5,0,0,0,0
8184,2017-12-02,18:00,33.0,30.0,Mathieu Raynal,3.0,3.0,50.0,50.0,49.0,51.0,56.0,44.0,52.0,48.0,49.0,51.0,8.0,7.0,5.0,2.0,1.0,1.0,2.0,4.0,12.0,15.0,11.0,11.0,1.0,0.0,7.0,5.0,4.0,3.0,11.0,17.0,0,0,0,0,174.0,152.0,4.0,16.0,26.0,13.0,20.0,12.0,112.0,162.0,3,5,9,6,0,0,0,1
8185,2017-12-02,18:00,27.0,17.0,Adrien Descottes,2.0,1.0,50.0,50.0,46.0,54.0,23.0,77.0,53.0,47.0,46.0,54.0,6.0,10.0,3.0,10.0,2.0,0.0,1.0,0.0,8.0,10.0,7.0,4.0,1.0,0.0,12.0,4.0,5.0,4.0,8.0,12.0,0,1,0,0,148.0,177.0,17.0,9.0,30.0,23.0,20.0,20.0,196.0,109.0,4,4,10,10,0,0,0,0
8186,2017-12-02,18:00,31.0,41.0,Maxime Chalon,3.0,5.0,50.0,50.0,44.0,56.0,34.0,66.0,57.0,43.0,45.0,55.0,7.0,0.0,4.0,0.0,1.0,0.0,2.0,0.0,14.0,16.0,11.0,14.0,0.0,2.0,2.0,6.0,1.0,1.0,12.0,8.0,1,1,0,0,172.0,154.0,12.0,14.0,14.0,34.0,22.0,21.0,115.0,120.0,7,3,13,8,0,0,0,0
8187,2017-12-02,20:45,39.0,11.0,Romain Poite,5.0,1.0,50.0,50.0,58.0,42.0,85.0,15.0,42.0,58.0,56.0,44.0,12.0,5.0,6.0,3.0,1.0,1.0,5.0,1.0,12.0,14.0,8.0,7.0,2.0,1.0,12.0,7.0,2.0,2.0,11.0,8.0,1,1,0,0,114.0,198.0,13.0,8.0,12.0,42.0,19.0,18.0,165.0,135.0,10,3,13,8,0,0,1,0
8188,2017-12-03,12:30,35.0,26.0,Cedric Marchat,5.0,4.0,50.0,50.0,48.0,52.0,40.0,60.0,52.0,48.0,48.0,52.0,10.0,9.0,6.0,2.0,1.0,4.0,3.0,3.0,16.0,10.0,15.0,8.0,1.0,0.0,11.0,6.0,0.0,0.0,8.0,14.0,0,2,0,0,189.0,214.0,21.0,17.0,25.0,25.0,10.0,11.0,176.0,148.0,3,5,12,18,0,0,0,0
8189,2017-12-03,16:50,27.0,17.0,Alexandre Ruiz,3.0,2.0,50.0,50.0,57.0,43.0,36.0,64.0,44.0,56.0,56.0,44.0,13.0,7.0,7.0,6.0,3.0,0.0,3.0,1.0,7.0,12.0,3.0,5.0,3.0,2.0,9.0,10.0,2.0,1.0,7.0,6.0,0,1,0,0,204.0,102.0,22.0,9.0,24.0,18.0,26.0,22.0,88.0,154.0,4,10,7,10,0,0,0,0
8190,2017-12-22,20:45,23.0,19.0,Jerome Garces,2.0,1.0,50.0,50.0,49.0,51.0,52.0,48.0,49.0,51.0,49.0,51.0,8.0,15.0,6.0,13.0,0.0,0.0,2.0,2.0,10.0,7.0,9.0,4.0,0.0,1.0,13.0,8.0,3.0,4.0,10.0,5.0,1,1,0,0,137.0,129.0,18.0,15.0,9.0,9.0,17.0,27.0,100.0,116.0,2,1,7,8,0,0,0,1
8191,2017-12-23,14:00,27.0,13.0,Romain Poite,3.0,0.0,50.0,50.0,68.0,32.0,78.0,22.0,31.0,69.0,67.0,33.0,11.0,7.0,7.0,4.0,0.0,2.0,4.0,1.0,22.0,4.0,16.0,4.0,0.0,2.0,7.0,8.0,2.0,2.0,6.0,16.0,1,1,0,0,115.0,173.0,30.0,29.0,9.0,24.0,13.0,19.0,139.0,82.0,2,1,10,6,0,0,1,0
8192,2017-12-23,16:00,29.0,19.0,Thomas Charabas,2.0,2.0,50.0,50.0,53.0,47.0,65.0,35.0,47.0,53.0,53.0,47.0,8.0,7.0,6.0,4.0,0.0,1.0,2.0,2.0,8.0,12.0,5.0,8.0,0.0,0.0,9.0,7.0,5.0,3.0,12.0,12.0,0,1,1,0,225.0,183.0,22.0,14.0,23.0,27.0,15.0,6.0,111.0,195.0,6,4,8,15,0,0,0,0
8193,2017-12-23,18:00,38.0,17.0,Pascal Gauzere,6.0,2.0,50.0,50.0,47.0,53.0,39.0,61.0,54.0,46.0,47.0,53.0,6.0,8.0,5.0,5.0,0.0,0.0,1.0,3.0,14.0,6.0,6.0,6.0,0.0,3.0,11.0,9.0,0.0,1.0,6.0,10.0,1,1,0,0,148.0,216.0,16.0,19.0,31.0,26.0,18.0,21.0,160.0,155.0,7,3,14,17,0,0,1,0
8194,2017-12-23,20:45,28.0,6.0,Ludovic Cayre,2.0,0.0,50.0,50.0,48.0,52.0,58.0,42.0,52.0,48.0,51.0,49.0,11.0,14.0,6.0,10.0,2.0,1.0,3.0,3.0,12.0,9.0,7.0,6.0,2.0,0.0,10.0,14.0,3.0,2.0,15.0,12.0,1,2,0,0,209.0,106.0,14.0,9.0,17.0,14.0,19.0,16.0,88.0,178.0,7,4,7,9,0,0,0,0
8195,2017-12-23,20:45,49.0,25.0,Maxime Chalon,6.0,3.0,50.0,50.0,47.0,53.0,63.0,37.0,59.0,41.0,47.0,53.0,7.0,2.0,4.0,1.0,0.0,0.0,3.0,1.0,8.0,17.0,7.0,9.0,2.0,1.0,3.0,5.0,3.0,2.0,6.0,15.0,0,1,0,0,183.0,233.0,14.0,14.0,17.0,23.0,24.0,15.0,187.0,182.0,8,3,16,6,0,0,1,0
8196,2017-12-23,20:45,22.0,21.0,Mathieu Raynal,1.0,2.0,50.0,50.0,54.0,46.0,40.0,60.0,45.0,55.0,54.0,46.0,5.0,17.0,2.0,10.0,2.0,0.0,1.0,7.0,4.0,10.0,2.0,10.0,0.0,2.0,13.0,6.0,4.0,3.0,13.0,8.0,0,1,0,0,190.0,183.0,11.0,11.0,22.0,18.0,20.0,14.0,208.0,163.0,1,3,16,7,0,0,0,1
8197,2017-12-30,14:00,47.0,6.0,Alexandre Ruiz,7.0,0.0,50.0,50.0,45.0,55.0,38.0,62.0,57.0,43.0,47.0,53.0,13.0,14.0,10.0,10.0,0.0,2.0,3.0,2.0,11.0,11.0,7.0,5.0,2.0,0.0,8.0,12.0,0.0,2.0,11.0,10.0,0,1,0,0,159.0,179.0,16.0,13.0,13.0,38.0,10.0,7.0,158.0,123.0,12,4,15,14,0,0,1,0
8198,2017-12-30,16:00,22.0,12.0,Pierre Brousset,3.0,0.0,50.0,50.0,53.0,47.0,37.0,63.0,46.0,54.0,53.0,47.0,12.0,6.0,7.0,5.0,2.0,0.0,3.0,1.0,18.0,11.0,12.0,5.0,0.0,1.0,4.0,9.0,1.0,4.0,7.0,8.0,0,0,0,0,194.0,167.0,32.0,18.0,22.0,20.0,29.0,27.0,122.0,122.0,3,6,6,12,0,0,1,0
8199,2017-12-30,18:00,29.0,10.0,Adrien Descottes,4.0,1.0,50.0,50.0,42.0,58.0,32.0,68.0,58.0,42.0,44.0,56.0,7.0,5.0,3.0,3.0,3.0,2.0,1.0,0.0,16.0,15.0,6.0,12.0,0.0,4.0,5.0,10.0,1.0,1.0,10.0,10.0,0,1,0,0,206.0,162.0,29.0,18.0,14.0,19.0,24.0,23.0,105.0,93.0,3,3,9,10,0,0,1,0
8200,2017-12-30,18:00,12.0,16.0,Sebastien Minery,0.0,1.0,50.0,50.0,34.0,66.0,9.0,91.0,63.0,37.0,26.0,74.0,8.0,13.0,7.0,7.0,0.0,0.0,1.0,6.0,13.0,23.0,7.0,16.0,2.0,2.0,5.0,10.0,4.0,3.0,6.0,7.0,0,0,0,0,133.0,111.0,5.0,17.0,14.0,10.0,38.0,37.0,101.0,96.0,2,2,5,5,0,0,1,0
8201,2017-12-30,20:45,18.0,13.0,Laurent Cardona,0.0,1.0,50.0,50.0,57.0,43.0,69.0,31.0,42.0,58.0,56.0,44.0,7.0,8.0,7.0,5.0,0.0,1.0,0.0,2.0,13.0,17.0,13.0,14.0,1.0,0.0,6.0,9.0,4.0,2.0,11.0,6.0,0,0,0,0,161.0,172.0,27.0,15.0,14.0,23.0,29.0,20.0,133.0,130.0,2,0,9,6,0,0,0,1
8202,2017-12-31,14:00,35.0,23.0,Tual Trainini,4.0,1.0,50.0,50.0,58.0,42.0,82.0,18.0,42.0,58.0,59.0,41.0,12.0,6.0,8.0,5.0,0.0,0.0,4.0,1.0,8.0,12.0,7.0,8.0,1.0,0.0,8.0,11.0,2.0,3.0,11.0,7.0,1,1,1,0,193.0,130.0,20.0,9.0,25.0,13.0,23.0,13.0,96.0,236.0,7,3,8,10,0,0,1,0
8203,2017-12-31,16:00,27.0,31.0,Cyril Lafon,2.0,4.0,50.0,50.0,46.0,54.0,48.0,52.0,52.0,48.0,47.0,53.0,18.0,14.0,10.0,9.0,1.0,1.0,7.0,4.0,13.0,7.0,9.0,4.0,0.0,0.0,7.0,4.0,5.0,1.0,4.0,16.0,3,5,0,0,198.0,140.0,12.0,16.0,28.0,28.0,12.0,17.0,143.0,166.0,3,4,3,14,0,0,1,0
8204,2018-01-06,14:45,19.0,10.0,Jonathan Dufort,1.0,1.0,50.0,50.0,52.0,48.0,64.0,36.0,50.0,50.0,52.0,48.0,12.0,5.0,8.0,5.0,1.0,0.0,3.0,0.0,22.0,13.0,13.0,10.0,0.0,4.0,10.0,11.0,4.0,1.0,4.0,12.0,0,0,0,0,140.0,133.0,12.0,13.0,17.0,19.0,29.0,28.0,105.0,154.0,0,3,3,8,0,0,0,0
8205,2018-01-06,16:45,13.0,12.0,Pierre Brousset,1.0,0.0,50.0,50.0,46.0,54.0,68.0,32.0,55.0,45.0,47.0,53.0,14.0,7.0,6.0,4.0,3.0,0.0,5.0,3.0,12.0,13.0,9.0,8.0,0.0,2.0,4.0,7.0,2.0,4.0,9.0,9.0,0,0,0,0,133.0,143.0,1.0,17.0,24.0,12.0,27.0,25.0,54.0,96.0,0,0,5,2,0,0,0,1
8206,2018-01-06,18:45,38.0,38.0,Cedric Marchat,4.0,5.0,50.0,50.0,62.0,38.0,64.0,36.0,37.0,63.0,58.0,42.0,12.0,4.0,6.0,4.0,1.0,0.0,5.0,0.0,12.0,7.0,9.0,5.0,0.0,1.0,10.0,10.0,4.0,1.0,4.0,11.0,0,0,0,0,190.0,281.0,12.0,31.0,38.0,34.0,17.0,12.0,207.0,168.0,7,6,13,11,0,0,0,0
8207,2018-01-06,18:45,30.0,3.0,Pascal Gauzere,3.0,0.0,50.0,50.0,47.0,53.0,26.0,74.0,54.0,46.0,48.0,52.0,13.0,4.0,9.0,2.0,0.0,1.0,4.0,1.0,14.0,9.0,7.0,6.0,1.0,3.0,8.0,9.0,3.0,1.0,8.0,12.0,1,0,0,1,205.0,129.0,12.0,13.0,23.0,23.0,15.0,15.0,89.0,204.0,6,3,15,15,0,0,1,0
8208,2018-01-06,20:45,28.0,16.0,Julien Castaignede,4.0,1.0,50.0,50.0,51.0,49.0,63.0,37.0,49.0,51.0,51.0,49.0,17.0,12.0,9.0,9.0,3.0,0.0,5.0,3.0,11.0,8.0,8.0,5.0,1.0,1.0,9.0,10.0,0.0,3.0,7.0,5.0,0,0,0,0,145.0,161.0,11.0,11.0,14.0,26.0,19.0,21.0,102.0,132.0,2,2,9,12,0,0,1,0
8209,,,,,Alexandre Ruiz,1.0,1.0,50.0,50.0,57.0,43.0,76.0,24.0,45.0,55.0,57.0,43.0,17.0,4.0,11.0,2.0,1.0,1.0,5.0,1.0,11.0,10.0,7.0,9.0,0.0,2.0,5.0,12.0,2.0,1.0,7.0,6.0,0,0,1,0,178.0,127.0,10.0,12.0,25.0,13.0,24.0,23.0,136.0,158.0,1,10,5,15,0,0,0,0
8210,2018-01-07,21:00,58.0,6.0,Romain Poite,8.0,0.0,50.0,50.0,63.0,37.0,61.0,39.0,33.0,67.0,61.0,39.0,8.0,11.0,5.0,8.0,1.0,0.0,2.0,3.0,9.0,14.0,7.0,11.0,0.0,1.0,17.0,8.0,2.0,2.0,11.0,7.0,1,1,0,0,144.0,180.0,17.0,10.0,25.0,35.0,11.0,8.0,182.0,131.0,8,5,17,10,0,0,1,0
8211,2018-01-27,14:45,36.0,12.0,Mathieu Raynal,6.0,2.0,50.0,50.0,52.0,48.0,47.0,53.0,47.0,53.0,52.0,48.0,8.0,14.0,6.0,12.0,1.0,0.0,1.0,2.0,19.0,16.0,12.0,9.0,1.0,1.0,8.0,7.0,0.0,0.0,8.0,10.0,1,1,1,0,152.0,136.0,18.0,8.0,22.0,21.0,25.0,15.0,130.0,129.0,2,2,13,8,0,0,1,0
8212,2018-01-27,18:00,71.0,17.0,Adrien Descottes,9.0,2.0,50.0,50.0,61.0,39.0,71.0,29.0,42.0,58.0,61.0,39.0,7.0,4.0,6.0,4.0,1.0,0.0,0.0,0.0,11.0,9.0,7.0,3.0,0.0,2.0,6.0,6.0,1.0,1.0,10.0,13.0,1,0,0,0,254.0,122.0,41.0,9.0,27.0,26.0,16.0,12.0,91.0,198.0,9,5,11,12,0,0,1,0
8213,2018-01-27,18:00,33.0,24.0,Ludovic Cayre,4.0,3.0,50.0,50.0,62.0,38.0,88.0,12.0,37.0,63.0,65.0,35.0,11.0,7.0,9.0,5.0,0.0,0.0,2.0,2.0,21.0,6.0,19.0,3.0,1.0,0.0,4.0,11.0,3.0,1.0,5.0,15.0,0,1,0,0,123.0,185.0,11.0,9.0,17.0,26.0,21.0,11.0,154.0,80.0,6,4,7,7,0,0,0,0
8214,2018-01-27,18:00,37.0,15.0,Thomas Charabas,5.0,2.0,50.0,50.0,65.0,35.0,80.0,20.0,34.0,66.0,62.0,38.0,10.0,8.0,6.0,4.0,1.0,0.0,3.0,4.0,13.0,11.0,12.0,7.0,0.0,0.0,13.0,5.0,2.0,1.0,8.0,11.0,0,0,1,1,137.0,273.0,12.0,21.0,17.0,32.0,16.0,17.0,228.0,138.0,7,3,22,2,0,0,1,0
8215,2018-01-27,20:45,13.0,18.0,Alexandre Ruiz,1.0,2.0,50.0,50.0,62.0,38.0,54.0,46.0,37.0,63.0,59.0,41.0,12.0,8.0,8.0,7.0,0.0,0.0,4.0,1.0,11.0,11.0,7.0,8.0,0.0,1.0,9.0,6.0,2.0,2.0,6.0,10.0,0,0,0,0,122.0,227.0,8.0,22.0,19.0,14.0,26.0,27.0,131.0,62.0,3,2,13,5,0,0,1,0
8216,2018-01-28,12:30,5.0,40.0,Pascal Gauzere,1.0,6.0,50.0,50.0,56.0,44.0,59.0,41.0,45.0,55.0,54.0,46.0,8.0,10.0,6.0,9.0,0.0,0.0,2.0,1.0,14.0,8.0,10.0,6.0,0.0,1.0,13.0,6.0,0.0,0.0,6.0,12.0,1,2,0,0,142.0,243.0,10.0,8.0,19.0,24.0,20.0,32.0,199.0,175.0,2,4,17,22,0,0,0,1
8217,2018-01-28,16:50,29.0,30.0,Jerome Garces,2.0,3.0,50.0,50.0,38.0,62.0,40.0,60.0,64.0,36.0,41.0,59.0,6.0,7.0,4.0,4.0,0.0,2.0,2.0,1.0,10.0,12.0,6.0,8.0,1.0,1.0,7.0,6.0,5.0,3.0,8.0,9.0,0,0,0,0,202.0,161.0,13.0,8.0,40.0,14.0,20.0,25.0,133.0,180.0,5,1,9,11,0,0,1,0
8218,2018-02-17,14:45,43.0,5.0,Cedric Marchat,6.0,1.0,50.0,50.0,60.0,40.0,61.0,39.0,41.0,59.0,61.0,39.0,15.0,10.0,12.0,7.0,1.0,2.0,2.0,1.0,15.0,13.0,10.0,11.0,0.0,0.0,12.0,15.0,1.0,0.0,6.0,11.0,0,0,0,0,100.0,125.0,17.0,14.0,9.0,16.0,19.0,20.0,110.0,94.0,6,1,6,6,0,0,1,0
8219,2018-02-17,18:00,16.0,21.0,Romain Poite,2.0,2.0,50.0,50.0,42.0,58.0,37.0,63.0,59.0,41.0,44.0,56.0,8.0,6.0,5.0,3.0,1.0,1.0,2.0,2.0,15.0,17.0,7.0,13.0,0.0,0.0,5.0,7.0,2.0,3.0,12.0,10.0,0,0,1,0,149.0,169.0,3.0,10.0,27.0,11.0,21.0,22.0,122.0,139.0,3,5,10,11,0,0,1,0
8220,2018-02-17,18:00,30.0,43.0,Jonathan Dufort,3.0,5.0,50.0,50.0,54.0,46.0,39.0,61.0,47.0,53.0,53.0,47.0,10.0,5.0,6.0,3.0,0.0,1.0,4.0,1.0,8.0,9.0,6.0,9.0,0.0,1.0,8.0,6.0,3.0,1.0,8.0,7.0,1,0,0,0,139.0,229.0,6.0,25.0,18.0,33.0,23.0,26.0,185.0,82.0,3,1,8,3,0,0,0,0
8221,2018-02-17,18:00,25.0,52.0,Mathieu Raynal,3.0,8.0,50.0,50.0,55.0,45.0,40.0,60.0,48.0,52.0,51.0,49.0,8.0,2.0,5.0,1.0,0.0,0.0,3.0,1.0,12.0,12.0,7.0,10.0,1.0,1.0,4.0,10.0,2.0,0.0,7.0,7.0,1,2,0,0,144.0,241.0,6.0,23.0,23.0,36.0,11.0,20.0,211.0,129.0,10,9,25,12,0,0,0,1
8222,2018-02-17,20:45,36.0,10.0,Laurent Cardona,4.0,1.0,50.0,50.0,48.0,52.0,56.0,44.0,52.0,48.0,51.0,49.0,13.0,7.0,7.0,7.0,1.0,0.0,5.0,0.0,12.0,11.0,8.0,7.0,1.0,1.0,8.0,10.0,1.0,1.0,7.0,9.0,0,3,0,0,257.0,111.0,23.0,13.0,38.0,17.0,18.0,14.0,128.0,232.0,7,6,10,11,0,0,1,0
8223,2018-02-18,12:30,6.0,7.0,Tual Trainini,0.0,1.0,50.0,50.0,52.0,48.0,60.0,40.0,48.0,52.0,53.0,47.0,7.0,10.0,3.0,7.0,2.0,1.0,2.0,2.0,10.0,13.0,6.0,7.0,3.0,2.0,9.0,6.0,2.0,0.0,4.0,9.0,0,0,0,0,136.0,184.0,21.0,21.0,6.0,17.0,39.0,45.0,104.0,98.0,4,2,8,6,0,0,1,0
8224,2018-02-18,16:50,19.0,12.0,Pierre Brousset,3.0,2.0,50.0,50.0,58.0,42.0,65.0,35.0,41.0,59.0,57.0,43.0,7.0,13.0,4.0,10.0,0.0,0.0,3.0,3.0,10.0,12.0,8.0,8.0,3.0,1.0,9.0,11.0,0.0,0.0,13.0,9.0,0,0,0,0,203.0,186.0,9.0,19.0,25.0,36.0,13.0,10.0,134.0,157.0,4,5,12,14,0,0,0,1
8225,2018-02-24,14:45,11.0,10.0,Ludovic Cayre,1.0,2.0,50.0,50.0,45.0,55.0,40.0,60.0,53.0,47.0,44.0,56.0,13.0,11.0,8.0,7.0,1.0,1.0,4.0,3.0,14.0,18.0,10.0,16.0,0.0,1.0,11.0,8.0,2.0,0.0,9.0,15.0,0,1,0,0,103.0,129.0,22.0,9.0,16.0,17.0,24.0,25.0,116.0,86.0,3,2,3,9,0,0,0,1
8226,2018-02-24,18:00,12.0,18.0,Julien Castaignede,2.0,2.0,50.0,50.0,39.0,61.0,21.0,79.0,62.0,38.0,43.0,57.0,9.0,14.0,6.0,8.0,1.0,1.0,2.0,5.0,10.0,8.0,9.0,7.0,1.0,0.0,9.0,6.0,0.0,2.0,8.0,8.0,1,0,0,0,204.0,148.0,15.0,8.0,26.0,23.0,8.0,13.0,141.0,181.0,2,2,5,5,0,0,1,0
8227,2018-02-24,18:00,33.0,22.0,Sebastien Minery,3.0,3.0,50.0,50.0,59.0,41.0,60.0,40.0,38.0,62.0,58.0,42.0,13.0,11.0,8.0,8.0,0.0,0.0,5.0,3.0,10.0,11.0,9.0,10.0,0.0,0.0,6.0,9.0,4.0,1.0,6.0,11.0,0,1,0,0,156.0,174.0,12.0,12.0,16.0,21.0,14.0,13.0,141.0,132.0,1,4,9,10,0,0,0,0
8228,2018-02-24,18:00,34.0,36.0,Thomas Charabas,4.0,5.0,50.0,50.0,60.0,40.0,58.0,42.0,37.0,63.0,59.0,41.0,5.0,11.0,4.0,7.0,0.0,0.0,1.0,4.0,7.0,8.0,7.0,7.0,0.0,0.0,8.0,7.0,2.0,1.0,5.0,6.0,0,0,0,0,210.0,212.0,21.0,22.0,18.0,14.0,13.0,15.0,169.0,161.0,2,6,10,13,0,0,1,0
8229,2018-02-24,20:45,24.0,15.0,Adrien Descottes,2.0,2.0,50.0,50.0,63.0,37.0,64.0,36.0,39.0,61.0,64.0,36.0,8.0,10.0,6.0,7.0,0.0,2.0,2.0,1.0,14.0,13.0,7.0,10.0,0.0,5.0,7.0,6.0,4.0,1.0,13.0,12.0,0,1,0,0,163.0,139.0,9.0,6.0,26.0,11.0,28.0,27.0,121.0,151.0,1,1,6,9,0,0,0,0
8230,2018-02-25,12:30,45.0,28.0,Alexandre Ruiz,5.0,3.0,50.0,50.0,34.0,66.0,27.0,73.0,67.0,33.0,36.0,64.0,6.0,10.0,4.0,5.0,1.0,1.0,1.0,4.0,13.0,14.0,7.0,13.0,0.0,2.0,7.0,6.0,1.0,3.0,11.0,7.0,0,0,0,0,183.0,110.0,12.0,10.0,19.0,23.0,18.0,10.0,116.0,175.0,6,2,14,10,0,0,0,0
8231,2018-02-25,16:50,20.0,27.0,Cyril Lafon,3.0,2.0,50.0,50.0,51.0,49.0,63.0,37.0,49.0,51.0,51.0,49.0,9.0,6.0,6.0,5.0,0.0,0.0,3.0,1.0,11.0,13.0,7.0,9.0,0.0,1.0,5.0,7.0,1.0,5.0,11.0,12.0,0,0,0,0,120.0,170.0,10.0,8.0,21.0,22.0,15.0,16.0,136.0,114.0,1,2,4,9,0,0,1,0
8232,2018-03-03,14:45,15.0,6.0,Jerome Garces,0.0,0.0,50.0,50.0,55.0,45.0,15.0,85.0,49.0,51.0,51.0,49.0,10.0,10.0,7.0,5.0,1.0,0.0,2.0,5.0,11.0,16.0,10.0,10.0,1.0,0.0,6.0,7.0,5.0,2.0,9.0,10.0,0,0,0,0,154.0,79.0,15.0,9.0,21.0,10.0,26.0,22.0,95.0,152.0,6,3,12,11,0,0,0,0
8233,2018-03-03,18:00,27.0,29.0,Mathieu Raynal,3.0,4.0,50.0,50.0,61.0,39.0,59.0,41.0,39.0,61.0,60.0,40.0,7.0,11.0,7.0,7.0,0.0,2.0,0.0,2.0,10.0,8.0,6.0,8.0,0.0,0.0,12.0,5.0,2.0,1.0,8.0,6.0,0,0,0,0,170.0,189.0,12.0,8.0,26.0,16.0,18.0,23.0,152.0,182.0,5,6,13,10,0,0,1,0
8234,2018-03-03,18:00,17.0,13.0,Jonathan Dufort,2.0,1.0,50.0,50.0,55.0,45.0,50.0,50.0,45.0,55.0,54.0,46.0,9.0,12.0,4.0,7.0,0.0,0.0,5.0,5.0,15.0,15.0,12.0,10.0,3.0,0.0,11.0,8.0,1.0,2.0,11.0,11.0,0,1,0,0,151.0,123.0,13.0,9.0,17.0,25.0,22.0,16.0,126.0,123.0,5,8,16,9,0,0,0,1
8235,2018-03-03,18:00,31.0,29.0,Laurent Cardona,4.0,4.0,50.0,50.0,46.0,54.0,42.0,58.0,55.0,45.0,46.0,54.0,8.0,6.0,6.0,3.0,1.0,1.0,1.0,2.0,10.0,13.0,7.0,9.0,3.0,0.0,5.0,9.0,1.0,1.0,10.0,10.0,0,1,0,1,157.0,193.0,14.0,11.0,27.0,27.0,19.0,14.0,156.0,120.0,9,7,15,12,0,0,0,1
8236,2018-03-03,20:45,19.0,25.0,Romain Poite,2.0,3.0,50.0,50.0,62.0,38.0,62.0,38.0,34.0,66.0,61.0,39.0,9.0,5.0,5.0,5.0,1.0,0.0,3.0,0.0,16.0,6.0,13.0,5.0,0.0,1.0,6.0,8.0,0.0,2.0,7.0,8.0,0,0,1,0,197.0,167.0,25.0,17.0,23.0,19.0,20.0,25.0,121.0,125.0,1,1,4,8,0,0,1,0
8237,2018-03-04,12:30,33.0,27.0,Tual Trainini,4.0,3.0,50.0,50.0,39.0,61.0,36.0,64.0,61.0,39.0,43.0,57.0,8.0,14.0,5.0,12.0,3.0,0.0,0.0,2.0,14.0,15.0,9.0,12.0,0.0,1.0,12.0,10.0,3.0,1.0,14.0,11.0,1,1,0,0,157.0,119.0,15.0,10.0,15.0,17.0,10.0,7.0,113.0,132.0,5,5,7,4,0,0,0,1
8238,2018-03-04,16:50,21.0,17.0,Pascal Gauzere,2.0,1.0,50.0,50.0,54.0,46.0,80.0,20.0,46.0,54.0,55.0,45.0,12.0,6.0,6.0,5.0,1.0,0.0,5.0,1.0,6.0,13.0,5.0,6.0,1.0,1.0,10.0,7.0,3.0,4.0,9.0,9.0,0,0,0,0,185.0,157.0,14.0,20.0,38.0,32.0,23.0,16.0,133.0,158.0,4,9,9,12,0,0,0,1
8239,2018-03-10,14:45,41.0,3.0,Romain Poite,5.0,0.0,50.0,50.0,55.0,45.0,54.0,46.0,44.0,56.0,56.0,44.0,8.0,6.0,6.0,4.0,1.0,1.0,1.0,1.0,12.0,25.0,7.0,16.0,1.0,0.0,3.0,7.0,2.0,1.0,11.0,9.0,1,0,0,0,181.0,105.0,16.0,14.0,22.0,11.0,41.0,30.0,83.0,140.0,3,0,5,6,0,0,1,0
8240,2018-03-10,20:30,54.0,5.0,Jonathan Dufort,8.0,1.0,50.0,50.0,43.0,57.0,32.0,68.0,56.0,44.0,46.0,54.0,7.0,14.0,5.0,10.0,1.0,1.0,1.0,3.0,1.0,11.0,1.0,9.0,0.0,0.0,9.0,9.0,0.0,0.0,6.0,4.0,0,0,0,0,280.0,138.0,30.0,3.0,6.0,21.0,13.0,11.0,135.0,167.0,10,3,18,8,0,0,1,0
8241,2018-03-10,20:30,18.0,15.0,Cedric Marchat,2.0,0.0,50.0,50.0,57.0,43.0,79.0,21.0,44.0,56.0,57.0,43.0,9.0,13.0,7.0,11.0,1.0,0.0,1.0,2.0,9.0,13.0,5.0,8.0,2.0,2.0,13.0,9.0,2.0,5.0,13.0,9.0,0,0,0,0,162.0,137.0,11.0,10.0,24.0,20.0,13.0,20.0,115.0,147.0,4,4,3,13,0,0,0,1
8242,2018-03-10,20:30,20.0,26.0,Pierre Brousset,2.0,2.0,50.0,50.0,61.0,39.0,49.0,51.0,38.0,62.0,56.0,44.0,10.0,9.0,6.0,7.0,1.0,1.0,3.0,1.0,10.0,5.0,8.0,3.0,1.0,1.0,7.0,6.0,2.0,4.0,7.0,10.0,0,0,0,0,188.0,186.0,28.0,7.0,24.0,27.0,17.0,22.0,159.0,135.0,4,5,6,9,0,0,1,0
8243,2018-03-10,20:45,9.0,11.0,Adrien Descottes,0.0,1.0,50.0,50.0,47.0,53.0,71.0,29.0,53.0,47.0,47.0,53.0,8.0,11.0,5.0,8.0,1.0,2.0,2.0,1.0,11.0,19.0,7.0,13.0,1.0,1.0,10.0,10.0,3.0,2.0,14.0,9.0,0,1,0,0,83.0,100.0,16.0,19.0,10.0,8.0,19.0,26.0,53.0,85.0,0,1,5,2,0,0,1,0
8244,2018-03-11,12:30,23.0,17.0,Alexandre Ruiz,2.0,2.0,50.0,50.0,50.0,50.0,52.0,48.0,51.0,49.0,51.0,49.0,16.0,5.0,11.0,3.0,1.0,0.0,4.0,2.0,9.0,12.0,7.0,8.0,1.0,1.0,5.0,12.0,2.0,1.0,4.0,10.0,1,1,0,0,162.0,147.0,15.0,10.0,16.0,22.0,30.0,26.0,107.0,119.0,5,2,6,6,0,0,0,1
8245,2018-03-11,16:50,20.0,27.0,Tual Trainini,2.0,3.0,50.0,50.0,38.0,62.0,41.0,59.0,61.0,39.0,40.0,60.0,2.0,10.0,2.0,5.0,0.0,3.0,0.0,2.0,8.0,18.0,7.0,11.0,1.0,0.0,8.0,2.0,2.0,2.0,7.0,9.0,0,0,0,0,200.0,147.0,35.0,14.0,23.0,26.0,24.0,20.0,130.0,188.0,1,5,13,14,0,0,1,0
8246,2018-03-17,14:45,28.0,22.0,Mathieu Raynal,4.0,3.0,50.0,50.0,55.0,45.0,73.0,27.0,45.0,55.0,52.0,48.0,12.0,6.0,8.0,4.0,1.0,1.0,3.0,1.0,11.0,13.0,8.0,8.0,1.0,1.0,8.0,6.0,0.0,1.0,7.0,9.0,0,1,0,0,114.0,210.0,23.0,24.0,21.0,44.0,20.0,29.0,178.0,114.0,12,6,11,10,0,0,0,1
8247,2018-03-17,20:30,29.0,26.0,Romain Poite,2.0,2.0,50.0,50.0,59.0,41.0,57.0,43.0,41.0,59.0,57.0,43.0,5.0,12.0,3.0,6.0,1.0,2.0,1.0,4.0,11.0,7.0,9.0,7.0,0.0,0.0,8.0,4.0,5.0,4.0,6.0,9.0,0,0,0,0,151.0,233.0,8.0,30.0,19.0,23.0,19.0,19.0,137.0,93.0,4,1,6,1,0,0,0,1
8248,2018-03-17,20:30,19.0,15.0,Thomas Charabas,1.0,2.0,50.0,50.0,45.0,55.0,55.0,45.0,54.0,46.0,45.0,55.0,12.0,8.0,8.0,5.0,1.0,1.0,3.0,2.0,7.0,14.0,5.0,10.0,0.0,0.0,9.0,6.0,4.0,1.0,7.0,8.0,0,0,0,0,168.0,206.0,12.0,20.0,24.0,37.0,17.0,19.0,178.0,129.0,5,2,17,10,0,0,0,1
8249,2018-03-17,20:30,10.0,15.0,Cyril Lafon,1.0,2.0,50.0,50.0,51.0,49.0,47.0,53.0,50.0,50.0,51.0,49.0,12.0,12.0,6.0,8.0,1.0,1.0,5.0,3.0,15.0,11.0,10.0,7.0,1.0,3.0,15.0,7.0,1.0,0.0,4.0,8.0,0,0,0,0,145.0,174.0,23.0,15.0,30.0,21.0,20.0,28.0,146.0,116.0,5,3,15,10,0,0,1,0
8250,2018-03-17,20:45,38.0,14.0,Sebastien Minery,4.0,1.0,50.0,50.0,48.0,52.0,31.0,69.0,52.0,48.0,47.0,53.0,14.0,7.0,10.0,3.0,1.0,1.0,3.0,3.0,13.0,15.0,6.0,11.0,2.0,2.0,8.0,12.0,1.0,0.0,8.0,6.0,0,1,0,0,180.0,156.0,23.0,9.0,29.0,41.0,24.0,16.0,129.0,183.0,4,4,6,9,0,0,1,0
8251,2018-03-18,12:30,37.0,28.0,Laurent Cardona,4.0,4.0,50.0,50.0,64.0,36.0,62.0,38.0,35.0,65.0,60.0,40.0,14.0,9.0,10.0,8.0,2.0,1.0,2.0,0.0,11.0,10.0,7.0,5.0,3.0,0.0,6.0,8.0,3.0,2.0,10.0,11.0,3,1,0,0,134.0,179.0,9.0,1.0,15.0,36.0,10.0,12.0,138.0,92.0,9,7,15,8,0,0,0,0
8252,2018-03-18,16:50,22.0,14.0,Adrien Descottes,3.0,1.0,50.0,50.0,57.0,43.0,58.0,42.0,43.0,57.0,58.0,42.0,8.0,9.0,7.0,6.0,1.0,1.0,0.0,2.0,17.0,12.0,12.0,10.0,1.0,1.0,5.0,8.0,1.0,0.0,8.0,10.0,0,1,0,0,148.0,172.0,22.0,16.0,18.0,36.0,23.0,25.0,144.0,114.0,6,2,7,11,0,0,0,0
8253,2018-03-24,14:45,31.0,20.0,Tual Trainini,5.0,2.0,50.0,50.0,52.0,48.0,57.0,43.0,48.0,52.0,51.0,49.0,12.0,10.0,9.0,7.0,0.0,1.0,3.0,2.0,9.0,13.0,6.0,10.0,0.0,0.0,8.0,9.0,0.0,2.0,7.0,11.0,1,0,0,0,165.0,189.0,19.0,16.0,26.0,25.0,16.0,15.0,132.0,152.0,4,2,10,12,0,0,1,0
8254,2018-03-24,16:45,33.0,37.0,Romain Poite,4.0,4.0,50.0,50.0,53.0,47.0,49.0,51.0,52.0,48.0,49.0,51.0,10.0,9.0,6.0,5.0,2.0,2.0,2.0,2.0,10.0,11.0,9.0,10.0,0.0,0.0,7.0,6.0,3.0,2.0,8.0,12.0,0,0,0,0,131.0,214.0,25.0,16.0,17.0,26.0,19.0,14.0,145.0,93.0,3,2,8,9,0,0,1,0
8255,2018-03-24,18:45,15.0,12.0,Mathieu Raynal,0.0,0.0,50.0,50.0,61.0,39.0,60.0,40.0,38.0,62.0,58.0,42.0,4.0,9.0,1.0,3.0,2.0,1.0,1.0,5.0,9.0,16.0,8.0,11.0,1.0,1.0,6.0,6.0,5.0,4.0,13.0,10.0,2,1,0,0,148.0,215.0,14.0,20.0,23.0,16.0,20.0,15.0,153.0,128.0,1,3,13,10,0,0,0,1
8256,2018-03-24,18:45,33.0,12.0,Alexandre Ruiz,5.0,2.0,50.0,50.0,51.0,49.0,60.0,40.0,48.0,52.0,52.0,48.0,5.0,12.0,4.0,7.0,0.0,0.0,1.0,5.0,13.0,14.0,10.0,12.0,0.0,1.0,11.0,12.0,0.0,0.0,9.0,7.0,0,0,0,0,220.0,162.0,17.0,1.0,19.0,23.0,22.0,20.0,171.0,206.0,4,10,8,22,0,0,1,0
8257,2018-03-24,20:50,45.0,7.0,Pascal Gauzere,5.0,1.0,50.0,50.0,49.0,51.0,47.0,53.0,52.0,48.0,49.0,51.0,11.0,3.0,9.0,0.0,0.0,2.0,2.0,1.0,9.0,18.0,7.0,11.0,4.0,0.0,6.0,10.0,3.0,0.0,8.0,9.0,0,1,0,0,180.0,144.0,9.0,13.0,23.0,40.0,32.0,15.0,154.0,179.0,9,2,14,10,0,0,1,0
8258,2018-03-25,16:50,49.0,0.0,Laurent Cardona,7.0,0.0,50.0,50.0,51.0,49.0,59.0,41.0,54.0,46.0,48.0,52.0,16.0,10.0,10.0,6.0,1.0,3.0,5.0,1.0,13.0,12.0,10.0,6.0,0.0,0.0,14.0,10.0,0.0,0.0,6.0,10.0,0,0,0,0,117.0,239.0,9.0,8.0,30.0,50.0,12.0,16.0,169.0,134.0,8,4,23,9,0,0,1,0
8259,2018-03-25,21:00,22.0,24.0,Pierre Brousset,1.0,2.0,50.0,50.0,60.0,40.0,78.0,22.0,42.0,58.0,61.0,39.0,9.0,7.0,7.0,4.0,0.0,1.0,2.0,2.0,22.0,8.0,15.0,3.0,2.0,0.0,9.0,8.0,5.0,4.0,8.0,17.0,0,3,0,0,116.0,172.0,18.0,25.0,21.0,21.0,20.0,18.0,145.0,114.0,3,5,13,9,0,0,1,0
8260,2018-04-07,14:45,28.0,23.0,Alexandre Ruiz,3.0,2.0,50.0,50.0,46.0,54.0,49.0,51.0,53.0,47.0,46.0,54.0,13.0,9.0,8.0,7.0,1.0,0.0,4.0,2.0,9.0,7.0,8.0,3.0,3.0,1.0,10.0,8.0,3.0,3.0,6.0,8.0,0,0,0,0,222.0,189.0,14.0,10.0,22.0,21.0,16.0,9.0,125.0,144.0,1,7,7,10,0,0,0,1
8261,2018-04-07,17:45,25.0,27.0,Romain Poite,3.0,3.0,50.0,50.0,56.0,44.0,51.0,49.0,44.0,56.0,55.0,45.0,9.0,10.0,7.0,5.0,1.0,1.0,1.0,4.0,11.0,11.0,7.0,9.0,0.0,2.0,3.0,5.0,1.0,2.0,6.0,7.0,1,1,0,0,168.0,168.0,14.0,18.0,24.0,19.0,22.0,20.0,124.0,169.0,4,2,6,12,0,0,1,0
8262,2018-04-07,17:45,50.0,13.0,Thomas Charabas,5.0,1.0,50.0,50.0,47.0,53.0,77.0,23.0,54.0,46.0,47.0,53.0,11.0,2.0,7.0,2.0,1.0,0.0,3.0,0.0,10.0,10.0,10.0,9.0,0.0,0.0,8.0,7.0,5.0,2.0,10.0,13.0,0,0,0,0,133.0,119.0,12.0,23.0,23.0,13.0,24.0,12.0,93.0,135.0,8,6,6,13,0,0,1,0
8263,2018-04-07,17:45,19.0,18.0,Cyril Lafon,1.0,0.0,50.0,50.0,41.0,59.0,55.0,45.0,59.0,41.0,41.0,59.0,10.0,5.0,4.0,2.0,2.0,1.0,4.0,2.0,12.0,13.0,5.0,8.0,0.0,1.0,8.0,11.0,4.0,6.0,10.0,8.0,1,1,0,0,196.0,138.0,36.0,12.0,25.0,21.0,24.0,30.0,110.0,167.0,4,3,8,8,0,0,0,1
8264,2018-04-07,20:45,36.0,21.0,Jerome Garces,5.0,2.0,50.0,50.0,59.0,41.0,53.0,47.0,40.0,60.0,57.0,43.0,11.0,4.0,6.0,1.0,1.0,1.0,4.0,2.0,9.0,8.0,9.0,4.0,1.0,0.0,2.0,6.0,3.0,3.0,7.0,14.0,0,0,0,0,147.0,189.0,7.0,11.0,25.0,26.0,16.0,7.0,131.0,108.0,6,7,9,14,0,0,1,0
8265,2018-04-08,12:30,40.0,24.0,Mathieu Raynal,6.0,3.0,50.0,50.0,53.0,47.0,43.0,57.0,47.0,53.0,54.0,46.0,17.0,7.0,9.0,5.0,1.0,0.0,7.0,2.0,16.0,13.0,9.0,8.0,1.0,2.0,9.0,10.0,0.0,1.0,13.0,7.0,0,0,0,0,192.0,112.0,24.0,23.0,26.0,26.0,22.0,15.0,95.0,166.0,5,5,5,9,0,0,1,0
8266,2018-04-08,16:50,17.0,13.0,Pascal Gauzere,2.0,1.0,50.0,50.0,49.0,51.0,41.0,59.0,51.0,49.0,50.0,50.0,5.0,13.0,4.0,8.0,0.0,0.0,1.0,5.0,11.0,13.0,8.0,9.0,1.0,0.0,8.0,5.0,1.0,2.0,13.0,6.0,0,0,0,0,225.0,159.0,21.0,10.0,29.0,17.0,15.0,19.0,128.0,169.0,4,7,10,9,0,0,0,1
8267,2018-04-14,14:45,32.0,17.0,Romain Poite,4.0,3.0,50.0,50.0,39.0,61.0,32.0,68.0,62.0,38.0,40.0,60.0,7.0,11.0,6.0,5.0,0.0,3.0,1.0,3.0,13.0,14.0,7.0,11.0,2.0,1.0,9.0,7.0,2.0,0.0,8.0,10.0,0,1,0,0,180.0,174.0,15.0,15.0,30.0,11.0,23.0,21.0,144.0,162.0,2,2,10,15,0,0,0,0
8268,2018-04-14,18:00,33.0,3.0,Cedric Marchat,3.0,0.0,50.0,50.0,63.0,37.0,95.0,5.0,38.0,62.0,62.0,38.0,15.0,7.0,12.0,3.0,0.0,4.0,3.0,0.0,15.0,15.0,11.0,9.0,1.0,2.0,9.0,12.0,4.0,1.0,7.0,16.0,0,0,0,0,77.0,207.0,13.0,22.0,16.0,27.0,23.0,16.0,146.0,65.0,2,2,8,2,0,0,1,0
8269,2018-04-14,18:00,40.0,17.0,Pascal Gauzere,5.0,3.0,50.0,50.0,53.0,47.0,45.0,55.0,45.0,55.0,52.0,48.0,7.0,9.0,4.0,6.0,0.0,2.0,3.0,1.0,14.0,9.0,9.0,6.0,0.0,1.0,9.0,5.0,3.0,0.0,8.0,13.0,0,1,0,0,148.0,168.0,14.0,23.0,14.0,19.0,20.0,11.0,138.0,125.0,5,2,6,7,0,0,0,0
8270,2018-04-14,18:00,22.0,33.0,Tual Trainini,3.0,4.0,50.0,50.0,51.0,49.0,58.0,42.0,48.0,52.0,52.0,48.0,5.0,6.0,2.0,3.0,1.0,1.0,2.0,2.0,14.0,12.0,8.0,10.0,0.0,1.0,8.0,6.0,1.0,3.0,8.0,11.0,0,0,0,0,221.0,172.0,20.0,20.0,37.0,23.0,10.0,15.0,149.0,130.0,4,12,18,5,0,0,0,0
8271,2018-04-14,20:45,44.0,3.0,Laurent Cardona,5.0,0.0,50.0,50.0,58.0,42.0,73.0,27.0,40.0,60.0,56.0,44.0,8.0,6.0,7.0,5.0,0.0,1.0,1.0,0.0,17.0,9.0,13.0,5.0,3.0,1.0,11.0,12.0,2.0,1.0,5.0,11.0,0,2,0,0,139.0,161.0,18.0,16.0,12.0,25.0,20.0,22.0,150.0,131.0,8,3,14,7,0,0,1,0
8272,2018-04-15,12:30,18.0,26.0,Jerome Garces,2.0,2.0,50.0,50.0,48.0,52.0,49.0,51.0,50.0,50.0,47.0,53.0,11.0,8.0,8.0,5.0,0.0,1.0,3.0,2.0,13.0,12.0,9.0,10.0,0.0,1.0,9.0,12.0,2.0,3.0,6.0,11.0,0,0,0,0,142.0,209.0,15.0,16.0,19.0,33.0,15.0,21.0,142.0,93.0,2,1,8,5,0,0,0,0
8273,2018-04-15,16:50,42.0,27.0,Mathieu Raynal,5.0,3.0,50.0,50.0,50.0,50.0,67.0,33.0,50.0,50.0,53.0,47.0,10.0,3.0,8.0,3.0,0.0,0.0,2.0,0.0,7.0,15.0,6.0,13.0,0.0,0.0,6.0,9.0,3.0,2.0,9.0,7.0,0,1,0,0,159.0,167.0,14.0,19.0,20.0,20.0,17.0,10.0,102.0,158.0,6,3,13,7,0,0,0,0
8274,2018-04-28,14:45,59.0,13.0,Mathieu Raynal,8.0,1.0,50.0,50.0,45.0,55.0,70.0,30.0,58.0,42.0,44.0,56.0,15.0,7.0,13.0,5.0,0.0,0.0,2.0,2.0,15.0,12.0,9.0,7.0,3.0,3.0,9.0,9.0,1.0,1.0,6.0,16.0,1,1,0,0,101.0,174.0,15.0,17.0,9.0,27.0,17.0,16.0,138.0,106.0,9,1,16,6,0,0,1,0
8275,2018-04-28,20:45,45.0,13.0,Sebastien Minery,6.0,0.0,50.0,50.0,53.0,47.0,60.0,40.0,48.0,52.0,52.0,48.0,12.0,6.0,10.0,6.0,0.0,0.0,2.0,0.0,13.0,12.0,10.0,6.0,1.0,1.0,6.0,9.0,1.0,2.0,9.0,12.0,0,0,0,0,172.0,182.0,23.0,8.0,14.0,27.0,20.0,14.0,134.0,174.0,6,2,13,7,0,0,1,0
8276,2018-04-28,20:45,39.0,18.0,Alexandre Ruiz,4.0,2.0,50.0,50.0,49.0,51.0,29.0,71.0,49.0,51.0,49.0,51.0,2.0,5.0,2.0,3.0,0.0,0.0,0.0,2.0,13.0,8.0,10.0,7.0,0.0,2.0,7.0,8.0,2.0,2.0,9.0,8.0,0,1,0,0,201.0,167.0,16.0,21.0,31.0,26.0,14.0,19.0,157.0,203.0,8,1,11,13,0,0,0,0
8277,2018-04-28,20:45,30.0,22.0,Jerome Garces,2.0,1.0,50.0,50.0,49.0,51.0,47.0,53.0,51.0,49.0,50.0,50.0,3.0,9.0,1.0,7.0,0.0,0.0,2.0,2.0,16.0,17.0,14.0,11.0,1.0,0.0,7.0,10.0,5.0,5.0,14.0,11.0,1,0,0,0,222.0,124.0,25.0,9.0,21.0,15.0,20.0,15.0,110.0,174.0,4,2,6,16,0,0,0,0
8278,2018-04-28,20:45,27.0,17.0,Julien Castaignede,3.0,2.0,50.0,50.0,63.0,37.0,66.0,34.0,37.0,63.0,61.0,39.0,9.0,10.0,6.0,7.0,0.0,0.0,3.0,3.0,14.0,12.0,12.0,9.0,0.0,2.0,6.0,9.0,2.0,1.0,8.0,13.0,2,2,0,1,144.0,197.0,21.0,16.0,16.0,19.0,16.0,15.0,148.0,139.0,6,2,18,16,0,0,0,0
8279,2018-04-29,12:30,15.0,39.0,Ludovic Cayre,2.0,5.0,50.0,50.0,51.0,49.0,58.0,42.0,49.0,51.0,51.0,49.0,9.0,12.0,5.0,9.0,1.0,0.0,3.0,3.0,17.0,8.0,11.0,6.0,1.0,0.0,16.0,7.0,1.0,2.0,8.0,11.0,0,0,0,0,172.0,143.0,8.0,16.0,26.0,24.0,15.0,26.0,171.0,148.0,8,2,15,20,0,0,0,1
8280,2018-04-29,16:50,19.0,14.0,Romain Poite,1.0,1.0,50.0,50.0,71.0,29.0,82.0,18.0,30.0,70.0,73.0,27.0,12.0,9.0,10.0,8.0,0.0,0.0,2.0,1.0,7.0,5.0,3.0,3.0,1.0,1.0,11.0,10.0,4.0,3.0,7.0,8.0,0,0,1,0,176.0,214.0,23.0,18.0,19.0,18.0,24.0,22.0,103.0,148.0,0,4,7,13,0,0,0,1
8281,2018-05-05,21:00,36.0,26.0,Tual Trainini,3.0,4.0,50.0,50.0,50.0,50.0,60.0,40.0,50.0,50.0,50.0,50.0,7.0,6.0,4.0,2.0,1.0,2.0,2.0,2.0,15.0,12.0,11.0,8.0,2.0,1.0,6.0,5.0,5.0,0.0,10.0,12.0,0,0,0,0,163.0,157.0,22.0,19.0,24.0,13.0,16.0,11.0,137.0,116.0,6,7,7,9,0,0,0,0
8282,2018-05-05,21:00,22.0,20.0,Jonathan Dufort,3.0,2.0,50.0,50.0,46.0,54.0,48.0,52.0,59.0,41.0,42.0,58.0,15.0,9.0,9.0,6.0,1.0,1.0,5.0,2.0,11.0,9.0,8.0,5.0,0.0,0.0,10.0,1.0,0.0,2.0,7.0,17.0,1,0,0,1,108.0,266.0,8.0,25.0,25.0,24.0,6.0,9.0,184.0,97.0,7,3,15,12,0,0,0,1
8283,2018-05-05,21:00,54.0,3.0,Romain Poite,7.0,0.0,50.0,50.0,68.0,32.0,89.0,11.0,32.0,68.0,69.0,31.0,7.0,8.0,4.0,3.0,1.0,3.0,2.0,2.0,10.0,15.0,8.0,8.0,2.0,0.0,12.0,7.0,3.0,1.0,10.0,9.0,0,0,0,0,126.0,222.0,13.0,12.0,21.0,35.0,29.0,18.0,169.0,104.0,3,3,16,7,0,0,1,0
8284,2018-05-05,21:00,32.0,24.0,Mathieu Raynal,4.0,3.0,50.0,50.0,50.0,50.0,62.0,38.0,51.0,49.0,51.0,49.0,4.0,6.0,4.0,4.0,0.0,0.0,0.0,2.0,20.0,10.0,16.0,6.0,1.0,0.0,6.0,7.0,2.0,1.0,4.0,10.0,1,1,0,0,127.0,164.0,9.0,17.0,20.0,27.0,27.0,24.0,125.0,121.0,4,3,10,4,0,0,0,0
8285,2018-05-05,21:00,42.0,13.0,Pierre Brousset,6.0,1.0,50.0,50.0,48.0,52.0,48.0,52.0,51.0,49.0,49.0,51.0,9.0,17.0,5.0,13.0,1.0,0.0,3.0,4.0,11.0,12.0,7.0,8.0,1.0,3.0,7.0,9.0,0.0,2.0,9.0,8.0,0,0,0,0,176.0,138.0,13.0,16.0,22.0,19.0,14.0,11.0,150.0,144.0,8,3,9,12,0,0,1,0
8286,2018-05-05,21:00,38.0,26.0,Laurent Cardona,4.0,4.0,50.0,50.0,61.0,39.0,78.0,22.0,37.0,63.0,59.0,41.0,12.0,7.0,8.0,5.0,2.0,1.0,2.0,1.0,13.0,13.0,7.0,5.0,2.0,2.0,5.0,10.0,4.0,0.0,8.0,15.0,0,2,0,0,152.0,203.0,13.0,15.0,16.0,14.0,16.0,7.0,176.0,130.0,6,5,22,15,0,0,0,0
8287,2018-05-05,21:00,31.0,7.0,Adrien Descottes,4.0,1.0,50.0,50.0,47.0,53.0,36.0,64.0,53.0,47.0,48.0,52.0,8.0,12.0,3.0,8.0,1.0,3.0,4.0,1.0,8.0,14.0,7.0,10.0,2.0,0.0,11.0,8.0,1.0,0.0,9.0,9.0,1,1,0,0,197.0,178.0,14.0,19.0,13.0,16.0,12.0,10.0,182.0,167.0,7,2,16,15,0,0,1,0
8541,2018-08-25,14:45,15.0,46.0,Laurent Cardona,1.0,6.0,50.0,50.0,46.0,54.0,45.0,55.0,50.0,50.0,51.0,49.0,8.0,12.0,6.0,7.0,0.0,2.0,2.0,3.0,19.0,10.0,12.0,7.0,0.0,2.0,9.0,5.0,1.0,2.0,10.0,16.0,1,1,0,1,76.0,184.0,2.0,13.0,14.0,11.0,10.0,17.0,140.0,89.0,3,3,5,1,0,0,0,1
8542,2018-08-25,17:15,67.0,23.0,Maxime Chalon,10.0,2.0,50.0,50.0,46.0,54.0,53.0,47.0,55.0,45.0,47.0,53.0,10.0,12.0,6.0,8.0,2.0,1.0,2.0,3.0,6.0,6.0,6.0,5.0,0.0,0.0,11.0,8.0,1.0,3.0,8.0,5.0,1,1,0,0,158.0,148.0,19.0,3.0,19.0,40.0,10.0,8.0,186.0,129.0,17,3,15,14,0,0,1,0
8543,2018-08-25,17:15,16.0,16.0,Alexandre Ruiz,1.0,1.0,50.0,50.0,42.0,58.0,3.0,97.0,57.0,43.0,42.0,58.0,8.0,12.0,5.0,8.0,1.0,2.0,2.0,2.0,19.0,9.0,12.0,5.0,3.0,3.0,10.0,9.0,3.0,2.0,9.0,12.0,1,1,0,0,154.0,132.0,18.0,14.0,17.0,20.0,21.0,24.0,112.0,135.0,2,2,7,7,0,0,0,0
8544,2018-08-25,17:15,28.0,21.0,Jonathan Dufort,4.0,2.0,50.0,50.0,41.0,59.0,51.0,49.0,60.0,40.0,42.0,58.0,7.0,6.0,5.0,5.0,1.0,0.0,1.0,1.0,8.0,15.0,7.0,12.0,0.0,0.0,11.0,12.0,2.0,3.0,6.0,12.0,0,0,0,1,212.0,177.0,10.0,16.0,23.0,21.0,20.0,16.0,134.0,165.0,1,3,13,7,0,0,0,1
8545,2018-08-25,17:15,41.0,19.0,Pierre Brousset,4.0,1.0,50.0,50.0,39.0,61.0,79.0,21.0,58.0,42.0,33.0,67.0,7.0,8.0,6.0,4.0,0.0,1.0,1.0,3.0,10.0,7.0,7.0,5.0,1.0,0.0,5.0,7.0,5.0,4.0,11.0,12.0,1,1,0,0,138.0,135.0,10.0,11.0,16.0,20.0,17.0,17.0,89.0,110.0,3,3,2,7,0,0,1,0
8546,2018-08-25,20:45,9.0,25.0,Romain Poite,0.0,3.0,50.0,50.0,46.0,54.0,22.0,78.0,56.0,44.0,34.0,66.0,8.0,9.0,7.0,7.0,1.0,0.0,0.0,2.0,12.0,13.0,8.0,11.0,0.0,3.0,9.0,6.0,3.0,2.0,13.0,9.0,1,1,0,0,220.0,135.0,32.0,14.0,29.0,15.0,10.0,10.0,92.0,162.0,4,6,7,13,0,0,0,1
8547,2018-08-26,17:05,20.0,25.0,Mathieu Raynal,2.0,3.0,50.0,50.0,48.0,52.0,47.0,53.0,51.0,49.0,49.0,51.0,11.0,10.0,9.0,7.0,0.0,1.0,2.0,2.0,17.0,14.0,13.0,9.0,2.0,1.0,9.0,7.0,2.0,2.0,10.0,10.0,0,1,0,0,119.0,167.0,13.0,21.0,26.0,22.0,19.0,25.0,129.0,104.0,3,4,13,1,0,0,1,0
8548,2018-09-01,14:45,20.0,10.0,Pascal Gauzere,1.0,1.0,50.0,50.0,65.0,35.0,73.0,27.0,44.0,56.0,70.0,30.0,12.0,10.0,8.0,7.0,0.0,0.0,4.0,3.0,10.0,18.0,5.0,12.0,2.0,1.0,8.0,13.0,5.0,1.0,11.0,11.0,0,1,0,0,206.0,76.0,9.0,11.0,27.0,20.0,23.0,12.0,93.0,180.0,0,4,9,17,0,0,0,0
8549,2018-09-01,18:00,19.0,16.0,Adrien Descottes,2.0,1.0,50.0,50.0,49.0,51.0,56.0,44.0,53.0,47.0,49.0,51.0,13.0,8.0,6.0,4.0,3.0,3.0,4.0,1.0,14.0,7.0,10.0,6.0,0.0,2.0,10.0,11.0,3.0,2.0,7.0,16.0,0,0,0,0,119.0,136.0,6.0,15.0,19.0,19.0,23.0,20.0,97.0,122.0,0,8,7,12,0,0,0,1
8550,2018-09-01,18:00,36.0,14.0,Thomas Charabas,4.0,2.0,50.0,50.0,51.0,49.0,68.0,32.0,47.0,53.0,51.0,49.0,14.0,8.0,7.0,6.0,3.0,1.0,4.0,1.0,13.0,14.0,11.0,9.0,1.0,1.0,8.0,10.0,4.0,0.0,10.0,12.0,0,2,0,0,146.0,133.0,14.0,9.0,27.0,17.0,19.0,13.0,114.0,143.0,3,5,8,11,0,0,0,0
8551,2018-09-01,18:00,20.0,8.0,Vincent Blasco Baque,2.0,1.0,50.0,50.0,50.0,50.0,68.0,32.0,49.0,51.0,50.0,50.0,20.0,9.0,12.0,7.0,0.0,1.0,8.0,1.0,11.0,8.0,11.0,3.0,1.0,0.0,10.0,11.0,2.0,1.0,8.0,14.0,0,1,0,0,121.0,123.0,12.0,18.0,12.0,9.0,15.0,13.0,113.0,104.0,2,1,3,7,0,0,0,0
8552,2018-09-01,20:45,20.0,23.0,Cyril Lafon,2.0,2.0,50.0,50.0,52.0,48.0,40.0,60.0,50.0,50.0,51.0,49.0,7.0,3.0,5.0,3.0,1.0,0.0,1.0,0.0,17.0,16.0,15.0,15.0,0.0,1.0,6.0,5.0,2.0,3.0,11.0,10.0,2,1,0,0,170.0,176.0,21.0,23.0,25.0,17.0,13.0,16.0,127.0,143.0,2,2,1,18,0,0,1,0
8553,2018-09-02,12:30,25.0,23.0,Julien Castaignede,3.0,2.0,50.0,50.0,47.0,53.0,60.0,40.0,53.0,47.0,47.0,53.0,4.0,9.0,3.0,6.0,0.0,0.0,1.0,3.0,14.0,7.0,14.0,5.0,0.0,0.0,3.0,4.0,2.0,3.0,10.0,11.0,1,2,0,0,191.0,157.0,10.0,10.0,30.0,24.0,12.0,18.0,120.0,188.0,4,5,11,14,0,0,0,1
8554,2018-09-02,16:50,17.0,40.0,Mathieu Raynal,2.0,3.0,50.0,50.0,53.0,47.0,46.0,54.0,48.0,52.0,56.0,44.0,9.0,11.0,1.0,7.0,5.0,1.0,3.0,3.0,19.0,8.0,15.0,5.0,2.0,2.0,10.0,7.0,1.0,6.0,16.0,10.0,2,1,0,0,119.0,145.0,12.0,8.0,16.0,25.0,6.0,23.0,125.0,103.0,3,2,8,6,0,0,0,0
8555,2018-09-08,14:45,9.0,9.0,Ludovic Cayre,0.0,0.0,50.0,50.0,55.0,45.0,59.0,41.0,48.0,52.0,59.0,41.0,13.0,17.0,11.0,10.0,0.0,1.0,2.0,6.0,10.0,11.0,6.0,7.0,2.0,1.0,10.0,9.0,3.0,3.0,9.0,12.0,0,2,0,0,142.0,112.0,10.0,5.0,10.0,17.0,23.0,23.0,82.0,113.0,5,3,3,6,0,0,0,0
8556,2018-09-08,17:00,33.0,26.0,Maxime Chalon,5.0,4.0,50.0,50.0,50.0,50.0,47.0,53.0,51.0,49.0,48.0,52.0,8.0,10.0,4.0,8.0,1.0,0.0,3.0,2.0,10.0,8.0,7.0,5.0,1.0,0.0,7.0,5.0,0.0,0.0,6.0,7.0,0,0,0,0,192.0,130.0,10.0,9.0,29.0,30.0,12.0,10.0,145.0,159.0,9,7,11,19,0,0,0,1
8557,2018-09-08,19:00,59.0,7.0,Tual Trainini,9.0,1.0,50.0,50.0,40.0,60.0,51.0,49.0,63.0,37.0,42.0,58.0,4.0,13.0,3.0,8.0,0.0,2.0,1.0,3.0,16.0,13.0,15.0,11.0,0.0,0.0,7.0,5.0,0.0,0.0,13.0,12.0,0,0,2,0,143.0,149.0,20.0,14.0,20.0,17.0,19.0,10.0,116.0,94.0,9,4,17,7,0,0,1,0
8558,2018-09-08,19:00,16.0,22.0,Jonathan Dufort,1.0,1.0,50.0,50.0,44.0,56.0,23.0,77.0,53.0,47.0,44.0,56.0,15.0,12.0,6.0,7.0,3.0,1.0,6.0,4.0,9.0,10.0,9.0,8.0,1.0,0.0,5.0,10.0,3.0,5.0,9.0,11.0,0,2,0,0,154.0,217.0,15.0,33.0,14.0,17.0,19.0,17.0,146.0,125.0,4,0,13,19,0,0,1,0
8559,2018-09-08,21:00,42.0,20.0,Romain Poite,5.0,2.0,50.0,50.0,56.0,44.0,57.0,43.0,45.0,55.0,60.0,40.0,7.0,4.0,6.0,4.0,0.0,0.0,1.0,0.0,16.0,20.0,10.0,11.0,4.0,2.0,6.0,9.0,2.0,2.0,8.0,8.0,1,0,0,1,130.0,192.0,17.0,30.0,11.0,26.0,22.0,18.0,158.0,128.0,7,2,7,4,0,0,1,0
8560,2018-09-09,12:30,21.0,24.0,Alexandre Ruiz,2.0,3.0,50.0,50.0,46.0,54.0,48.0,52.0,50.0,50.0,46.0,54.0,5.0,7.0,4.0,3.0,0.0,3.0,1.0,1.0,21.0,9.0,13.0,5.0,0.0,2.0,8.0,7.0,3.0,1.0,6.0,14.0,0,1,0,0,156.0,220.0,11.0,14.0,16.0,18.0,16.0,18.0,155.0,143.0,2,5,12,11,0,0,1,0
8561,2018-09-09,16:50,28.0,27.0,Laurent Cardona,4.0,2.0,50.0,50.0,56.0,44.0,64.0,36.0,44.0,56.0,57.0,43.0,8.0,10.0,5.0,6.0,0.0,1.0,3.0,3.0,12.0,11.0,12.0,8.0,1.0,0.0,11.0,6.0,2.0,4.0,8.0,14.0,0,2,1,0,70.0,171.0,9.0,8.0,10.0,21.0,15.0,17.0,120.0,64.0,4,2,14,3,0,0,0,1
8562,2018-09-15,14:45,55.0,13.0,Romain Poite,8.0,1.0,50.0,50.0,51.0,49.0,24.0,76.0,49.0,51.0,52.0,48.0,3.0,8.0,2.0,6.0,1.0,0.0,0.0,2.0,22.0,8.0,17.0,4.0,2.0,1.0,5.0,5.0,1.0,2.0,7.0,11.0,0,1,0,0,159.0,170.0,13.0,9.0,21.0,29.0,17.0,18.0,178.0,119.0,10,2,22,10,0,0,1,0
8563,2018-09-15,18:00,29.0,13.0,Julien Castaignede,4.0,1.0,50.0,50.0,46.0,54.0,43.0,57.0,54.0,46.0,46.0,54.0,7.0,10.0,4.0,5.0,1.0,0.0,2.0,5.0,14.0,16.0,13.0,13.0,0.0,0.0,5.0,4.0,1.0,2.0,10.0,9.0,1,0,0,0,193.0,143.0,17.0,9.0,21.0,26.0,22.0,17.0,114.0,118.0,4,3,9,6,0,0,1,0
8564,2018-09-15,18:00,23.0,27.0,Thomas Charabas,2.0,2.0,50.0,50.0,63.0,37.0,72.0,28.0,42.0,58.0,70.0,30.0,10.0,4.0,5.0,4.0,3.0,0.0,2.0,0.0,9.0,15.0,8.0,10.0,2.0,0.0,4.0,14.0,3.0,5.0,16.0,7.0,1,1,0,0,144.0,115.0,15.0,11.0,20.0,24.0,24.0,15.0,120.0,147.0,3,4,6,7,0,0,1,0
8565,2018-09-15,18:00,22.0,17.0,Cyril Lafon,1.0,1.0,50.0,50.0,40.0,60.0,100.0,0.0,53.0,47.0,32.0,68.0,10.0,8.0,9.0,4.0,0.0,0.0,1.0,4.0,9.0,16.0,7.0,11.0,3.0,0.0,5.0,11.0,5.0,1.0,10.0,10.0,0,0,0,0,144.0,197.0,17.0,31.0,14.0,23.0,23.0,14.0,138.0,119.0,2,2,6,11,0,0,0,1
8566,2018-09-15,20:45,30.0,17.0,Adrien Descottes,3.0,2.0,50.0,50.0,58.0,42.0,71.0,29.0,41.0,59.0,58.0,42.0,12.0,4.0,8.0,4.0,1.0,0.0,3.0,0.0,12.0,14.0,7.0,9.0,1.0,2.0,5.0,7.0,3.0,1.0,8.0,9.0,1,0,0,0,175.0,150.0,21.0,7.0,22.0,15.0,18.0,12.0,145.0,180.0,7,4,12,16,0,0,0,0
8567,2018-09-16,12:30,37.0,10.0,Pierre Brousset,4.0,1.0,50.0,50.0,58.0,42.0,64.0,36.0,42.0,58.0,55.0,45.0,13.0,7.0,10.0,5.0,0.0,1.0,3.0,1.0,17.0,7.0,11.0,5.0,1.0,3.0,8.0,6.0,2.0,1.0,4.0,19.0,0,0,0,0,147.0,206.0,8.0,17.0,16.0,29.0,7.0,13.0,175.0,112.0,6,2,17,6,0,0,1,0
8568,2018-09-16,16:50,37.0,10.0,Mathieu Raynal,4.0,1.0,50.0,50.0,50.0,50.0,50.0,50.0,50.0,50.0,50.0,50.0,12.0,3.0,7.0,2.0,1.0,1.0,4.0,0.0,13.0,14.0,12.0,12.0,0.0,1.0,3.0,11.0,3.0,1.0,9.0,9.0,1,1,0,0,186.0,139.0,22.0,9.0,24.0,18.0,22.0,17.0,129.0,156.0,7,4,6,20,0,0,1,0
8569,2018-09-22,14:45,23.0,19.0,Pascal Gauzere,2.0,1.0,50.0,50.0,47.0,53.0,31.0,69.0,53.0,47.0,46.0,54.0,9.0,10.0,5.0,7.0,1.0,0.0,3.0,3.0,11.0,12.0,10.0,8.0,1.0,1.0,4.0,12.0,3.0,4.0,11.0,9.0,1,1,0,0,198.0,130.0,17.0,8.0,24.0,16.0,13.0,13.0,87.0,198.0,3,4,8,16,0,0,0,1
8570,2018-09-22,18:00,31.0,22.0,Jerome Garces,1.0,3.0,50.0,50.0,47.0,53.0,31.0,69.0,53.0,47.0,48.0,52.0,9.0,5.0,7.0,3.0,0.0,1.0,2.0,1.0,4.0,17.0,3.0,16.0,0.0,1.0,6.0,10.0,8.0,1.0,8.0,11.0,1,0,0,0,153.0,165.0,9.0,20.0,24.0,21.0,21.0,12.0,141.0,135.0,3,2,2,7,0,0,0,0
8571,2018-09-22,18:00,33.0,3.0,Vincent Blasco Baque,5.0,0.0,50.0,50.0,41.0,59.0,38.0,62.0,59.0,41.0,41.0,59.0,14.0,8.0,12.0,5.0,0.0,1.0,2.0,2.0,7.0,15.0,6.0,14.0,0.0,0.0,6.0,11.0,0.0,1.0,8.0,6.0,0,0,0,0,194.0,158.0,19.0,11.0,20.0,24.0,16.0,12.0,166.0,161.0,9,3,15,13,0,0,1,0
8572,2018-09-22,18:00,30.0,13.0,Tual Trainini,4.0,2.0,50.0,50.0,53.0,47.0,68.0,32.0,43.0,57.0,53.0,47.0,13.0,13.0,11.0,6.0,0.0,3.0,2.0,4.0,8.0,7.0,8.0,5.0,1.0,0.0,10.0,12.0,2.0,1.0,9.0,14.0,0,2,0,0,160.0,172.0,22.0,8.0,16.0,18.0,10.0,6.0,127.0,165.0,3,3,6,14,0,0,0,0
8573,2018-09-22,20:45,27.0,11.0,Maxime Chalon,3.0,1.0,50.0,50.0,40.0,60.0,33.0,67.0,61.0,39.0,43.0,57.0,3.0,14.0,2.0,9.0,1.0,2.0,0.0,3.0,14.0,13.0,9.0,9.0,0.0,0.0,8.0,5.0,2.0,2.0,14.0,8.0,0,1,0,0,209.0,120.0,26.0,7.0,29.0,27.0,26.0,22.0,109.0,168.0,6,8,11,12,0,0,0,0
8574,2018-09-23,12:30,13.0,25.0,Ludovic Cayre,2.0,3.0,50.0,50.0,50.0,50.0,73.0,27.0,51.0,49.0,49.0,51.0,11.0,11.0,5.0,6.0,2.0,2.0,4.0,3.0,17.0,12.0,10.0,10.0,1.0,1.0,6.0,8.0,1.0,2.0,8.0,10.0,0,1,0,0,93.0,148.0,10.0,22.0,25.0,24.0,23.0,21.0,131.0,96.0,3,1,3,5,0,0,0,0
8575,2018-09-23,16:50,66.0,15.0,Alexandre Ruiz,10.0,2.0,50.0,50.0,50.0,50.0,58.0,42.0,50.0,50.0,49.0,51.0,10.0,11.0,8.0,8.0,0.0,0.0,2.0,3.0,7.0,18.0,5.0,10.0,4.0,1.0,9.0,10.0,0.0,1.0,10.0,7.0,0,0,0,1,134.0,167.0,14.0,17.0,27.0,27.0,18.0,13.0,150.0,134.0,7,5,13,18,0,0,1,0
8576,2018-09-29,15:10,22.0,26.0,Romain Poite,3.0,2.0,50.0,50.0,45.0,55.0,57.0,43.0,54.0,46.0,45.0,55.0,9.0,5.0,5.0,3.0,1.0,0.0,3.0,2.0,13.0,20.0,11.0,14.0,2.0,1.0,7.0,4.0,1.0,3.0,14.0,10.0,1,2,0,0,137.0,159.0,13.0,7.0,16.0,18.0,22.0,22.0,110.0,91.0,3,3,8,5,0,0,1,0
8577,2018-09-29,18:00,34.0,6.0,Pascal Gauzere,4.0,0.0,50.0,50.0,55.0,45.0,48.0,52.0,46.0,54.0,53.0,47.0,9.0,10.0,6.0,6.0,0.0,0.0,3.0,4.0,11.0,10.0,8.0,8.0,0.0,0.0,8.0,4.0,2.0,2.0,7.0,7.0,0,0,0,0,188.0,225.0,27.0,20.0,13.0,32.0,24.0,16.0,215.0,152.0,5,3,24,10,0,0,1,0
8578,2018-09-29,18:00,25.0,28.0,Laurent Cardona,3.0,3.0,50.0,50.0,44.0,56.0,40.0,60.0,56.0,44.0,44.0,56.0,6.0,7.0,3.0,2.0,1.0,1.0,2.0,4.0,11.0,11.0,9.0,8.0,0.0,2.0,6.0,7.0,2.0,3.0,6.0,13.0,0,1,0,0,195.0,247.0,18.0,14.0,24.0,22.0,18.0,20.0,137.0,133.0,3,4,8,6,0,0,1,0
8579,2018-09-29,18:00,34.0,22.0,Maxime Chalon,4.0,3.0,50.0,50.0,62.0,38.0,60.0,40.0,49.0,51.0,55.0,45.0,4.0,12.0,3.0,7.0,1.0,1.0,0.0,4.0,9.0,15.0,6.0,9.0,3.0,0.0,6.0,7.0,2.0,1.0,11.0,5.0,2,0,0,0,276.0,140.0,39.0,5.0,34.0,21.0,19.0,9.0,93.0,248.0,3,7,7,19,0,0,0,0
8580,2018-09-29,18:00,20.0,23.0,Tual Trainini,2.0,3.0,50.0,50.0,63.0,37.0,63.0,37.0,37.0,63.0,61.0,39.0,10.0,14.0,8.0,6.0,0.0,2.0,2.0,6.0,17.0,9.0,14.0,6.0,2.0,1.0,7.0,5.0,2.0,2.0,10.0,18.0,2,2,0,0,47.0,236.0,5.0,24.0,3.0,18.0,17.0,21.0,176.0,52.0,4,2,4,2,0,0,1,0
8581,2018-09-29,20:45,28.0,8.0,Adrien Descottes,4.0,1.0,50.0,50.0,59.0,41.0,55.0,45.0,39.0,61.0,56.0,44.0,9.0,8.0,6.0,4.0,1.0,2.0,2.0,2.0,19.0,14.0,16.0,12.0,1.0,1.0,9.0,6.0,2.0,1.0,11.0,15.0,0,2,0,0,113.0,156.0,7.0,21.0,19.0,21.0,16.0,11.0,134.0,99.0,3,0,7,5,0,0,1,0
8582,2018-09-30,16:50,16.0,17.0,Alexandre Ruiz,1.0,1.0,50.0,50.0,50.0,50.0,27.0,73.0,50.0,50.0,50.0,50.0,2.0,10.0,2.0,9.0,0.0,0.0,0.0,1.0,16.0,15.0,9.0,12.0,2.0,5.0,11.0,7.0,3.0,4.0,10.0,10.0,1,0,0,0,174.0,145.0,21.0,3.0,19.0,25.0,23.0,28.0,150.0,134.0,2,1,9,10,0,0,1,0
8583,2018-10-06,14:45,16.0,12.0,Ludovic Cayre,0.0,2.0,50.0,50.0,47.0,53.0,35.0,65.0,54.0,46.0,47.0,53.0,21.0,8.0,14.0,5.0,0.0,2.0,7.0,1.0,12.0,9.0,6.0,5.0,0.0,0.0,9.0,17.0,3.0,0.0,8.0,15.0,1,2,0,1,143.0,137.0,9.0,16.0,21.0,18.0,18.0,13.0,114.0,110.0,3,4,9,10,0,0,0,1
8584,2018-10-06,18:00,28.0,25.0,Jonathan Dufort,3.0,3.0,50.0,50.0,50.0,50.0,48.0,52.0,51.0,49.0,49.0,51.0,7.0,9.0,5.0,3.0,0.0,3.0,2.0,3.0,8.0,12.0,7.0,9.0,1.0,0.0,7.0,3.0,3.0,2.0,8.0,9.0,0,0,0,0,121.0,197.0,14.0,9.0,11.0,16.0,16.0,13.0,144.0,104.0,4,1,9,5,0,0,0,1
8585,2018-10-06,18:00,13.0,19.0,Thomas Charabas,1.0,1.0,50.0,50.0,43.0,57.0,76.0,24.0,50.0,50.0,47.0,53.0,11.0,11.0,7.0,8.0,2.0,0.0,2.0,3.0,13.0,13.0,12.0,11.0,0.0,0.0,9.0,3.0,2.0,4.0,13.0,9.0,0,0,0,0,79.0,171.0,7.0,14.0,11.0,21.0,27.0,30.0,141.0,68.0,2,2,15,6,0,0,1,0
8586,2018-10-06,18:00,12.0,9.0,Cyril Lafon,0.0,0.0,50.0,50.0,57.0,43.0,51.0,49.0,44.0,56.0,57.0,43.0,14.0,11.0,7.0,8.0,1.0,0.0,6.0,3.0,17.0,13.0,12.0,13.0,0.0,3.0,10.0,8.0,4.0,3.0,8.0,11.0,0,1,0,0,159.0,119.0,22.0,6.0,10.0,14.0,18.0,25.0,92.0,137.0,1,3,1,7,0,0,0,1
8587,2018-10-06,20:45,10.0,0.0,Julien Castaignede,1.0,0.0,50.0,50.0,47.0,53.0,32.0,68.0,53.0,47.0,48.0,52.0,10.0,13.0,7.0,10.0,0.0,0.0,3.0,3.0,10.0,14.0,7.0,6.0,4.0,0.0,5.0,7.0,1.0,0.0,9.0,6.0,0,1,0,0,194.0,165.0,17.0,14.0,17.0,24.0,25.0,24.0,166.0,152.0,6,0,13,9,0,0,0,0
8588,2018-10-07,12:30,9.0,14.0,Pascal Gauzere,0.0,1.0,50.0,50.0,60.0,40.0,16.0,84.0,41.0,59.0,65.0,35.0,9.0,16.0,6.0,10.0,1.0,0.0,2.0,6.0,10.0,10.0,6.0,6.0,0.0,0.0,8.0,6.0,3.0,3.0,9.0,10.0,0,0,0,0,69.0,146.0,0.0,19.0,7.0,10.0,28.0,40.0,96.0,50.0,1,2,4,2,0,0,1,0
8589,2018-10-07,16:50,29.0,17.0,Pierre Brousset,4.0,2.0,50.0,50.0,45.0,55.0,42.0,58.0,54.0,46.0,35.0,65.0,12.0,5.0,5.0,4.0,3.0,0.0,4.0,1.0,17.0,12.0,16.0,8.0,2.0,0.0,9.0,12.0,1.0,1.0,11.0,12.0,0,1,0,1,202.0,168.0,7.0,22.0,18.0,11.0,14.0,16.0,144.0,195.0,4,4,16,12,0,0,0,0
8590,2018-10-27,14:45,41.0,6.0,Mathieu Raynal,5.0,0.0,50.0,50.0,43.0,57.0,50.0,50.0,59.0,41.0,46.0,54.0,20.0,10.0,7.0,6.0,4.0,1.0,9.0,3.0,19.0,18.0,15.0,11.0,2.0,2.0,10.0,15.0,2.0,2.0,13.0,14.0,1,2,0,0,128.0,62.0,15.0,7.0,8.0,20.0,19.0,14.0,69.0,76.0,6,0,3,3,0,0,1,0
8591,2018-10-27,18:00,48.0,28.0,Tual Trainini,6.0,4.0,50.0,50.0,61.0,39.0,74.0,26.0,45.0,55.0,63.0,37.0,1.0,13.0,1.0,7.0,0.0,2.0,0.0,4.0,16.0,10.0,11.0,9.0,1.0,3.0,7.0,3.0,2.0,0.0,6.0,11.0,1,1,0,0,210.0,115.0,15.0,12.0,21.0,25.0,18.0,22.0,109.0,201.0,7,1,9,3,0,0,0,0
8592,2018-10-27,18:00,9.0,9.0,Alexandre Ruiz,0.0,0.0,50.0,50.0,60.0,40.0,93.0,7.0,39.0,61.0,61.0,39.0,8.0,3.0,5.0,3.0,1.0,0.0,2.0,0.0,11.0,13.0,9.0,11.0,0.0,0.0,5.0,7.0,3.0,3.0,11.0,11.0,0,0,0,0,207.0,256.0,7.0,18.0,28.0,27.0,21.0,26.0,154.0,148.0,3,2,12,7,0,0,0,0
8593,2018-10-27,18:00,18.0,36.0,Thomas Charabas,2.0,5.0,50.0,50.0,45.0,55.0,50.0,50.0,53.0,47.0,45.0,55.0,12.0,8.0,8.0,4.0,2.0,2.0,2.0,2.0,19.0,11.0,16.0,10.0,0.0,2.0,9.0,10.0,2.0,1.0,7.0,16.0,2,3,0,0,145.0,222.0,13.0,12.0,29.0,32.0,7.0,13.0,200.0,129.0,2,5,11,14,0,0,0,1
8594,2018-10-27,20:45,25.0,20.0,Jerome Garces,3.0,2.0,50.0,50.0,65.0,35.0,62.0,38.0,36.0,64.0,64.0,36.0,12.0,6.0,6.0,3.0,2.0,1.0,4.0,2.0,12.0,5.0,7.0,3.0,1.0,2.0,7.0,9.0,2.0,2.0,5.0,6.0,0,0,0,0,155.0,164.0,19.0,14.0,19.0,13.0,22.0,23.0,129.0,173.0,4,2,7,10,0,0,0,1
8595,2018-10-28,12:30,35.0,13.0,Vincent Blasco Baque,4.0,1.0,50.0,50.0,47.0,53.0,22.0,78.0,50.0,50.0,50.0,50.0,10.0,9.0,9.0,7.0,0.0,0.0,1.0,2.0,15.0,13.0,10.0,7.0,2.0,2.0,10.0,12.0,3.0,2.0,9.0,10.0,0,1,0,0,85.0,184.0,8.0,11.0,15.0,24.0,25.0,23.0,142.0,81.0,8,2,20,3,0,0,1,0
8596,2018-10-28,16:50,9.0,13.0,Pascal Gauzere,0.0,1.0,50.0,50.0,73.0,27.0,88.0,12.0,27.0,73.0,75.0,25.0,12.0,11.0,7.0,7.0,1.0,0.0,4.0,4.0,13.0,11.0,12.0,10.0,0.0,0.0,12.0,6.0,3.0,2.0,7.0,11.0,0,0,0,0,119.0,218.0,13.0,17.0,20.0,22.0,15.0,17.0,179.0,97.0,2,5,10,1,0,0,1,0
8597,2018-11-03,14:45,27.0,27.0,Pierre Brousset,2.0,3.0,50.0,50.0,38.0,62.0,100.0,0.0,52.0,48.0,43.0,57.0,8.0,5.0,4.0,5.0,0.0,0.0,4.0,0.0,15.0,10.0,12.0,9.0,0.0,1.0,6.0,8.0,5.0,2.0,7.0,20.0,0,1,0,0,115.0,217.0,5.0,24.0,15.0,30.0,16.0,12.0,176.0,96.0,4,6,9,7,0,0,0,0
8598,2018-11-03,18:45,37.0,10.0,Jonathan Dufort,4.0,1.0,50.0,50.0,56.0,44.0,57.0,43.0,45.0,55.0,55.0,45.0,15.0,5.0,8.0,3.0,1.0,1.0,6.0,1.0,11.0,19.0,9.0,12.0,5.0,1.0,9.0,5.0,2.0,1.0,12.0,12.0,0,1,0,0,112.0,160.0,9.0,10.0,9.0,19.0,23.0,15.0,128.0,78.0,8,2,7,2,0,0,1,0
8599,2018-11-03,18:45,26.0,16.0,Maxime Chalon,2.0,1.0,50.0,50.0,60.0,40.0,55.0,45.0,40.0,60.0,58.0,42.0,9.0,9.0,7.0,6.0,0.0,0.0,2.0,3.0,12.0,10.0,11.0,8.0,1.0,0.0,10.0,6.0,4.0,3.0,8.0,11.0,0,1,0,0,116.0,210.0,14.0,16.0,14.0,25.0,20.0,19.0,161.0,98.0,6,1,10,3,0,0,0,0
8600,2018-11-03,18:45,33.0,29.0,Thomas Charabas,3.0,1.0,50.0,50.0,47.0,53.0,48.0,52.0,54.0,46.0,47.0,53.0,7.0,6.0,4.0,5.0,0.0,1.0,3.0,0.0,11.0,10.0,11.0,10.0,0.0,0.0,9.0,4.0,4.0,5.0,8.0,12.0,1,1,0,0,160.0,202.0,12.0,15.0,12.0,32.0,17.0,19.0,148.0,151.0,4,6,16,14,0,0,0,1
8601,2018-11-03,20:45,40.0,0.0,Ludovic Cayre,5.0,0.0,50.0,50.0,50.0,50.0,69.0,31.0,50.0,50.0,51.0,49.0,9.0,8.0,8.0,7.0,0.0,0.0,1.0,1.0,9.0,12.0,7.0,8.0,2.0,0.0,4.0,5.0,3.0,0.0,5.0,11.0,0,2,0,0,179.0,165.0,9.0,18.0,14.0,22.0,31.0,13.0,160.0,148.0,9,1,12,6,0,0,1,0
8602,2018-11-04,12:30,41.0,6.0,Adrien Descottes,4.0,0.0,50.0,50.0,57.0,43.0,65.0,35.0,42.0,58.0,56.0,44.0,8.0,12.0,7.0,7.0,0.0,2.0,1.0,3.0,15.0,10.0,12.0,6.0,1.0,0.0,9.0,7.0,2.0,2.0,6.0,14.0,0,1,0,0,115.0,187.0,13.0,14.0,11.0,15.0,29.0,26.0,173.0,90.0,4,2,7,1,0,0,1,0
8603,2018-11-04,16:50,13.0,27.0,Pascal Gauzere,2.0,4.0,50.0,50.0,48.0,52.0,83.0,17.0,48.0,52.0,53.0,47.0,8.0,8.0,3.0,5.0,2.0,0.0,3.0,3.0,22.0,12.0,16.0,10.0,0.0,0.0,4.0,7.0,1.0,1.0,7.0,14.0,0,2,0,0,83.0,149.0,7.0,9.0,8.0,29.0,17.0,23.0,157.0,78.0,4,2,16,3,0,0,0,0
8604,2018-11-24,14:45,36.0,25.0,Jonathan Dufort,3.0,3.0,50.0,50.0,58.0,42.0,81.0,19.0,41.0,59.0,57.0,43.0,5.0,9.0,4.0,4.0,0.0,2.0,1.0,3.0,11.0,8.0,11.0,6.0,2.0,0.0,9.0,10.0,5.0,2.0,5.0,10.0,1,0,0,1,189.0,163.0,26.0,11.0,27.0,18.0,16.0,14.0,150.0,187.0,3,7,9,12,0,0,0,0
8605,2018-11-24,18:00,24.0,23.0,Julien Castaignede,3.0,2.0,50.0,50.0,54.0,46.0,47.0,53.0,46.0,54.0,53.0,47.0,7.0,16.0,5.0,9.0,0.0,0.0,2.0,7.0,12.0,11.0,8.0,4.0,3.0,0.0,10.0,8.0,1.0,3.0,5.0,4.0,0,0,0,0,160.0,218.0,7.0,14.0,12.0,29.0,20.0,18.0,211.0,140.0,4,4,15,6,0,0,0,1
8606,2018-11-24,18:00,13.0,15.0,Laurent Cardona,1.0,2.0,50.0,50.0,55.0,45.0,76.0,24.0,44.0,56.0,56.0,44.0,7.0,9.0,6.0,8.0,0.0,0.0,1.0,1.0,13.0,9.0,12.0,8.0,1.0,0.0,8.0,7.0,2.0,1.0,4.0,8.0,0,0,0,0,126.0,156.0,10.0,12.0,28.0,16.0,29.0,30.0,148.0,138.0,1,4,4,9,0,0,1,0
8607,2018-11-24,18:00,15.0,18.0,Cyril Lafon,0.0,2.0,50.0,50.0,42.0,58.0,17.0,83.0,58.0,42.0,43.0,57.0,10.0,6.0,6.0,5.0,1.0,0.0,3.0,1.0,9.0,16.0,9.0,10.0,3.0,0.0,5.0,8.0,5.0,2.0,9.0,12.0,0,0,0,0,211.0,195.0,7.0,25.0,32.0,10.0,27.0,24.0,137.0,162.0,3,4,11,18,0,0,1,0
8608,2018-11-24,18:00,12.0,16.0,Adrien Descottes,0.0,1.0,50.0,50.0,50.0,50.0,45.0,55.0,50.0,50.0,50.0,50.0,7.0,8.0,3.0,6.0,2.0,1.0,2.0,1.0,17.0,8.0,9.0,5.0,1.0,3.0,10.0,7.0,4.0,3.0,11.0,13.0,1,1,0,0,113.0,144.0,9.0,11.0,9.0,22.0,16.0,20.0,118.0,93.0,1,1,1,3,0,0,1,0
8609,2018-11-25,12:30,12.0,14.0,Vincent Blasco Baque,0.0,1.0,50.0,50.0,48.0,52.0,31.0,69.0,52.0,48.0,47.0,53.0,10.0,13.0,5.0,7.0,1.0,1.0,4.0,5.0,12.0,11.0,10.0,9.0,2.0,1.0,8.0,6.0,4.0,3.0,9.0,6.0,0,0,0,0,143.0,126.0,18.0,25.0,14.0,10.0,29.0,31.0,108.0,108.0,0,1,2,7,0,0,1,0
8610,2018-11-25,16:50,31.0,11.0,Tual Trainini,4.0,1.0,50.0,50.0,55.0,45.0,14.0,86.0,46.0,54.0,68.0,32.0,14.0,9.0,11.0,4.0,1.0,2.0,2.0,3.0,14.0,12.0,11.0,9.0,0.0,1.0,7.0,6.0,3.0,1.0,11.0,20.0,1,3,0,0,102.0,113.0,11.0,11.0,9.0,26.0,13.0,13.0,103.0,89.0,5,0,2,4,0,0,1,0
8611,2018-12-01,14:45,23.0,28.0,Romain Poite,2.0,3.0,50.0,50.0,56.0,44.0,60.0,40.0,44.0,56.0,56.0,44.0,14.0,6.0,4.0,4.0,5.0,0.0,5.0,2.0,11.0,11.0,9.0,9.0,0.0,0.0,9.0,8.0,3.0,2.0,11.0,10.0,1,1,0,0,85.0,196.0,8.0,18.0,6.0,21.0,22.0,16.0,157.0,78.0,1,2,16,3,0,0,1,0
8612,2018-12-01,18:05,13.0,16.0,Jerome Garces,1.0,1.0,50.0,50.0,51.0,49.0,39.0,61.0,45.0,55.0,55.0,45.0,8.0,8.0,4.0,4.0,0.0,1.0,4.0,3.0,16.0,15.0,14.0,11.0,1.0,2.0,9.0,6.0,2.0,3.0,11.0,10.0,3,1,0,0,105.0,207.0,8.0,22.0,17.0,18.0,25.0,28.0,163.0,70.0,1,2,9,8,0,0,1,0
8613,2018-12-01,18:05,30.0,10.0,Cedric Marchat,5.0,1.0,50.0,50.0,52.0,48.0,20.0,80.0,46.0,54.0,58.0,42.0,10.0,12.0,6.0,9.0,0.0,1.0,4.0,2.0,18.0,14.0,16.0,10.0,3.0,0.0,12.0,7.0,1.0,1.0,6.0,13.0,0,1,0,0,108.0,151.0,15.0,20.0,9.0,19.0,18.0,18.0,152.0,111.0,4,4,4,3,0,0,1,0
8614,2018-12-01,18:05,16.0,11.0,Pierre Brousset,1.0,1.0,50.0,50.0,41.0,59.0,32.0,68.0,60.0,40.0,43.0,57.0,13.0,11.0,10.0,5.0,0.0,2.0,3.0,4.0,8.0,17.0,6.0,12.0,0.0,0.0,8.0,8.0,3.0,2.0,15.0,8.0,1,1,0,0,148.0,104.0,27.0,8.0,8.0,18.0,23.0,26.0,75.0,94.0,1,1,5,2,0,0,0,1
8615,2018-12-01,20:45,22.0,3.0,Mathieu Raynal,3.0,0.0,50.0,50.0,44.0,56.0,39.0,61.0,52.0,48.0,44.0,56.0,14.0,9.0,8.0,7.0,1.0,0.0,5.0,2.0,11.0,11.0,9.0,6.0,3.0,2.0,8.0,9.0,1.0,1.0,5.0,12.0,0,1,0,0,113.0,189.0,15.0,16.0,10.0,24.0,19.0,20.0,156.0,117.0,2,0,12,3,0,0,1,0
8616,2018-12-02,12:30,11.0,22.0,Alexandre Ruiz,1.0,3.0,50.0,50.0,46.0,54.0,72.0,28.0,46.0,54.0,69.0,31.0,12.0,8.0,8.0,6.0,0.0,0.0,4.0,2.0,10.0,12.0,8.0,10.0,0.0,1.0,6.0,6.0,2.0,1.0,6.0,12.0,0,0,0,0,84.0,241.0,6.0,22.0,12.0,29.0,21.0,25.0,187.0,79.0,1,5,7,4,0,0,0,0
8617,2018-12-02,16:50,49.0,20.0,Cyril Lafon,6.0,2.0,50.0,50.0,50.0,50.0,34.0,66.0,48.0,52.0,52.0,48.0,5.0,11.0,4.0,7.0,1.0,0.0,0.0,4.0,11.0,12.0,10.0,8.0,1.0,0.0,11.0,8.0,3.0,2.0,6.0,12.0,1,4,0,0,139.0,172.0,24.0,23.0,14.0,25.0,21.0,21.0,151.0,118.0,10,1,16,6,0,0,1,0
8618,2018-12-22,14:30,6.0,19.0,Pierre Brousset,0.0,1.0,50.0,50.0,55.0,45.0,57.0,43.0,44.0,56.0,54.0,46.0,10.0,14.0,7.0,9.0,0.0,1.0,3.0,4.0,11.0,15.0,6.0,12.0,0.0,2.0,12.0,7.0,2.0,4.0,13.0,12.0,0,0,0,0,102.0,138.0,8.0,21.0,11.0,9.0,21.0,28.0,110.0,88.0,0,2,5,4,0,0,0,0
8619,2018-12-22,16:30,40.0,7.0,Alexandre Ruiz,6.0,1.0,50.0,50.0,51.0,49.0,72.0,28.0,52.0,48.0,47.0,53.0,9.0,4.0,7.0,4.0,1.0,0.0,1.0,0.0,12.0,18.0,8.0,15.0,2.0,1.0,1.0,10.0,0.0,0.0,13.0,7.0,1,0,0,0,204.0,147.0,39.0,11.0,26.0,24.0,17.0,12.0,114.0,199.0,10,5,10,14,0,0,1,0
8620,2018-12-22,18:30,17.0,16.0,Thomas Charabas,1.0,1.0,50.0,50.0,56.0,44.0,76.0,24.0,44.0,56.0,55.0,45.0,11.0,8.0,6.0,3.0,1.0,2.0,4.0,3.0,10.0,16.0,7.0,13.0,0.0,0.0,2.0,7.0,4.0,3.0,12.0,11.0,0,0,0,0,131.0,201.0,18.0,27.0,13.0,21.0,23.0,23.0,173.0,100.0,3,0,5,3,0,0,0,1
8621,2018-12-22,18:30,64.0,28.0,Ludovic Cayre,10.0,4.0,50.0,50.0,51.0,49.0,54.0,46.0,52.0,48.0,48.0,52.0,6.0,13.0,5.0,7.0,0.0,1.0,1.0,5.0,12.0,6.0,8.0,4.0,1.0,0.0,9.0,13.0,0.0,0.0,4.0,7.0,0,1,0,0,129.0,237.0,7.0,14.0,23.0,36.0,14.0,9.0,248.0,134.0,14,5,21,6,0,0,1,0
8622,2018-12-22,18:30,23.0,28.0,Mathieu Raynal,2.0,3.0,50.0,50.0,49.0,51.0,36.0,64.0,51.0,49.0,50.0,50.0,18.0,11.0,10.0,9.0,2.0,0.0,6.0,2.0,14.0,14.0,9.0,10.0,0.0,2.0,12.0,9.0,3.0,3.0,12.0,8.0,1,1,0,0,153.0,105.0,15.0,12.0,15.0,16.0,16.0,14.0,141.0,156.0,1,2,10,12,0,0,1,0
8623,2018-12-23,16:50,13.0,32.0,Tual Trainini,1.0,2.0,50.0,50.0,47.0,53.0,52.0,48.0,53.0,47.0,46.0,54.0,3.0,12.0,2.0,9.0,1.0,0.0,0.0,3.0,10.0,13.0,8.0,8.0,2.0,0.0,9.0,3.0,2.0,6.0,9.0,8.0,1,0,0,1,143.0,170.0,9.0,18.0,14.0,17.0,20.0,33.0,162.0,103.0,4,4,5,8,0,0,0,0
8624,2018-12-23,21:00,20.0,20.0,Jerome Garces,2.0,2.0,50.0,50.0,36.0,64.0,33.0,67.0,64.0,36.0,19.0,81.0,8.0,16.0,6.0,13.0,1.0,0.0,1.0,3.0,11.0,14.0,9.0,10.0,1.0,1.0,12.0,11.0,2.0,2.0,9.0,6.0,1,0,0,0,224.0,111.0,37.0,11.0,24.0,23.0,14.0,17.0,100.0,150.0,5,2,4,18,0,0,0,0
8625,2018-12-29,14:30,52.0,20.0,Maxime Chalon,7.0,3.0,50.0,50.0,54.0,46.0,52.0,48.0,46.0,54.0,54.0,46.0,10.0,13.0,8.0,9.0,1.0,0.0,1.0,4.0,9.0,10.0,7.0,7.0,2.0,2.0,8.0,11.0,1.0,1.0,6.0,9.0,0,0,0,0,124.0,153.0,22.0,7.0,8.0,22.0,25.0,26.0,146.0,115.0,8,3,16,12,0,0,1,0
8626,2018-12-29,16:30,23.0,20.0,Laurent Cardona,1.0,2.0,50.0,50.0,45.0,55.0,39.0,61.0,55.0,45.0,45.0,55.0,6.0,10.0,3.0,6.0,1.0,2.0,2.0,2.0,15.0,10.0,12.0,7.0,2.0,1.0,8.0,3.0,3.0,2.0,6.0,15.0,0,0,0,0,162.0,161.0,11.0,22.0,10.0,17.0,23.0,20.0,123.0,152.0,0,3,6,8,0,0,0,1
8627,2018-12-29,18:30,53.0,27.0,Romain Poite,6.0,3.0,50.0,50.0,47.0,53.0,57.0,43.0,52.0,48.0,47.0,53.0,12.0,2.0,8.0,2.0,1.0,0.0,3.0,0.0,15.0,14.0,12.0,11.0,2.0,0.0,10.0,7.0,2.0,2.0,8.0,15.0,1,3,0,0,142.0,158.0,15.0,10.0,24.0,25.0,18.0,18.0,169.0,125.0,4,1,11,10,0,0,1,0
8628,2018-12-29,21:00,16.0,37.0,Pascal Gauzere,1.0,4.0,50.0,50.0,51.0,49.0,67.0,33.0,49.0,51.0,52.0,48.0,3.0,8.0,3.0,6.0,0.0,0.0,0.0,2.0,14.0,11.0,9.0,9.0,0.0,1.0,13.0,6.0,3.0,3.0,10.0,9.0,0,0,0,0,178.0,201.0,13.0,15.0,34.0,25.0,13.0,25.0,156.0,151.0,3,3,11,13,0,0,0,1
8629,2018-12-30,16:00,41.0,13.0,Julien Castaignede,5.0,1.0,50.0,50.0,56.0,44.0,76.0,24.0,48.0,52.0,58.0,42.0,9.0,5.0,4.0,3.0,1.0,0.0,4.0,2.0,10.0,14.0,8.0,11.0,1.0,0.0,4.0,5.0,2.0,2.0,11.0,8.0,1,0,0,0,216.0,174.0,29.0,9.0,23.0,43.0,23.0,22.0,153.0,212.0,6,4,14,7,0,0,1,0
8630,2018-12-30,18:00,40.0,7.0,Vincent Blasco Baque,4.0,0.0,50.0,50.0,47.0,53.0,50.0,50.0,53.0,47.0,44.0,56.0,9.0,4.0,6.0,3.0,0.0,1.0,3.0,0.0,10.0,22.0,8.0,15.0,2.0,0.0,8.0,6.0,4.0,0.0,13.0,11.0,1,1,0,1,134.0,119.0,14.0,12.0,17.0,20.0,27.0,18.0,98.0,131.0,8,1,11,6,0,0,1,0
8631,2018-12-30,20:45,39.0,0.0,Adrien Descottes,5.0,0.0,50.0,50.0,62.0,38.0,85.0,15.0,39.0,61.0,67.0,33.0,10.0,18.0,6.0,9.0,1.0,4.0,3.0,5.0,15.0,8.0,10.0,8.0,0.0,2.0,13.0,6.0,2.0,0.0,4.0,15.0,0,2,0,0,105.0,143.0,14.0,19.0,11.0,29.0,14.0,13.0,114.0,64.0,6,0,6,1,0,0,1,0
8632,2019-01-05,14:30,27.0,8.0,Cedric Marchat,4.0,1.0,50.0,50.0,33.0,67.0,70.0,30.0,63.0,37.0,23.0,77.0,8.0,10.0,8.0,7.0,0.0,1.0,0.0,2.0,10.0,14.0,9.0,12.0,0.0,0.0,8.0,9.0,1.0,1.0,11.0,8.0,1,0,0,0,188.0,172.0,22.0,14.0,25.0,56.0,18.0,19.0,149.0,179.0,4,2,11,11,0,0,1,0
8633,2019-01-05,16:30,6.0,16.0,Jonathan Dufort,0.0,1.0,50.0,50.0,43.0,57.0,60.0,40.0,50.0,50.0,48.0,52.0,16.0,7.0,8.0,4.0,0.0,0.0,8.0,3.0,19.0,9.0,14.0,8.0,0.0,2.0,8.0,6.0,2.0,3.0,4.0,17.0,0,2,0,0,126.0,298.0,19.0,20.0,9.0,31.0,16.0,27.0,244.0,99.0,2,2,5,10,0,0,0,0
8634,2019-01-05,16:30,14.0,25.0,Jerome Garces,2.0,1.0,50.0,50.0,57.0,43.0,62.0,38.0,43.0,57.0,57.0,43.0,9.0,5.0,5.0,4.0,0.0,1.0,4.0,0.0,11.0,12.0,9.0,10.0,0.0,1.0,8.0,3.0,0.0,5.0,9.0,6.0,0,1,0,0,164.0,246.0,12.0,22.0,21.0,49.0,17.0,32.0,246.0,157.0,4,5,24,12,0,0,0,0
8635,2019-01-05,16:30,40.0,23.0,Pierre Brousset,6.0,2.0,50.0,50.0,56.0,44.0,42.0,58.0,44.0,56.0,57.0,43.0,11.0,9.0,6.0,7.0,1.0,0.0,4.0,2.0,15.0,11.0,11.0,10.0,0.0,1.0,9.0,5.0,0.0,3.0,11.0,14.0,0,1,0,1,107.0,162.0,6.0,6.0,9.0,24.0,13.0,16.0,168.0,78.0,5,2,10,7,0,0,1,0
8636,2019-01-05,18:30,20.0,27.0,Alexandre Ruiz,2.0,4.0,50.0,50.0,45.0,55.0,8.0,92.0,54.0,46.0,35.0,65.0,8.0,3.0,5.0,3.0,0.0,0.0,3.0,0.0,13.0,9.0,11.0,8.0,1.0,1.0,7.0,4.0,2.0,1.0,3.0,9.0,1,0,0,0,228.0,156.0,29.0,11.0,27.0,17.0,27.0,32.0,107.0,175.0,0,3,11,13,0,0,1,0
8637,2019-01-05,21:00,22.0,13.0,Mathieu Raynal,3.0,1.0,50.0,50.0,51.0,49.0,80.0,20.0,46.0,54.0,57.0,43.0,11.0,8.0,6.0,5.0,2.0,1.0,3.0,2.0,12.0,11.0,12.0,9.0,2.0,0.0,12.0,7.0,1.0,2.0,9.0,10.0,1,1,0,0,156.0,209.0,3.0,30.0,18.0,37.0,11.0,16.0,207.0,115.0,9,1,27,11,0,0,0,0
8638,2019-01-06,17:00,44.0,19.0,Cyril Lafon,4.0,3.0,50.0,50.0,60.0,40.0,66.0,34.0,39.0,61.0,57.0,43.0,17.0,9.0,11.0,6.0,0.0,1.0,6.0,2.0,16.0,6.0,15.0,4.0,1.0,0.0,10.0,9.0,3.0,0.0,3.0,19.0,0,3,0,0,126.0,185.0,7.0,14.0,14.0,39.0,11.0,14.0,186.0,121.0,7,1,8,10,0,0,0,0
8639,2019-01-26,15:00,24.0,16.0,Jerome Garces,2.0,2.0,50.0,50.0,57.0,43.0,72.0,28.0,44.0,56.0,54.0,46.0,8.0,10.0,3.0,6.0,1.0,0.0,4.0,4.0,11.0,7.0,8.0,7.0,0.0,1.0,6.0,6.0,4.0,2.0,6.0,9.0,0,0,0,0,121.0,213.0,16.0,29.0,15.0,32.0,16.0,17.0,173.0,108.0,4,1,11,5,0,0,0,0
8640,2019-01-26,17:05,25.0,17.0,Adrien Descottes,3.0,2.0,50.0,50.0,43.0,57.0,41.0,59.0,57.0,43.0,44.0,56.0,15.0,9.0,11.0,8.0,1.0,0.0,3.0,1.0,10.0,10.0,6.0,7.0,0.0,2.0,7.0,16.0,2.0,1.0,6.0,6.0,0,1,0,0,198.0,111.0,23.0,7.0,15.0,16.0,17.0,14.0,108.0,161.0,1,1,9,7,0,0,0,0
8641,2019-01-26,18:00,27.0,25.0,Tual Trainini,4.0,3.0,50.0,50.0,51.0,49.0,66.0,34.0,51.0,49.0,49.0,51.0,16.0,4.0,9.0,2.0,1.0,1.0,6.0,1.0,14.0,9.0,13.0,6.0,1.0,0.0,7.0,4.0,1.0,2.0,8.0,16.0,0,2,0,0,150.0,167.0,9.0,15.0,17.0,21.0,17.0,20.0,143.0,119.0,6,2,12,9,0,0,0,1
8642,2019-01-26,18:00,24.0,30.0,Laurent Cardona,3.0,2.0,50.0,50.0,58.0,42.0,72.0,28.0,42.0,58.0,57.0,43.0,12.0,5.0,7.0,4.0,2.0,0.0,3.0,1.0,10.0,10.0,8.0,9.0,1.0,0.0,8.0,11.0,1.0,6.0,11.0,13.0,0,1,0,0,107.0,179.0,11.0,14.0,20.0,22.0,14.0,15.0,132.0,126.0,6,8,4,13,0,0,1,0
8643,2019-01-26,20:45,32.0,11.0,Thomas Charabas,3.0,1.0,50.0,50.0,58.0,42.0,67.0,33.0,41.0,59.0,56.0,44.0,11.0,2.0,7.0,2.0,1.0,0.0,3.0,0.0,11.0,15.0,9.0,5.0,4.0,0.0,5.0,9.0,5.0,2.0,10.0,11.0,0,0,0,0,101.0,180.0,9.0,11.0,10.0,30.0,31.0,16.0,155.0,96.0,5,2,14,2,0,0,0,0
8644,2019-01-27,12:30,29.0,16.0,Ludovic Cayre,4.0,1.0,50.0,50.0,54.0,46.0,52.0,48.0,45.0,55.0,52.0,48.0,12.0,3.0,7.0,3.0,1.0,0.0,4.0,0.0,12.0,14.0,8.0,12.0,1.0,1.0,7.0,7.0,1.0,2.0,10.0,8.0,0,0,0,0,167.0,177.0,21.0,32.0,15.0,36.0,19.0,17.0,156.0,155.0,10,2,14,9,0,0,1,0
8645,2019-01-27,16:50,33.0,30.0,Romain Poite,4.0,3.0,50.0,50.0,41.0,59.0,32.0,68.0,63.0,37.0,44.0,56.0,10.0,3.0,7.0,3.0,0.0,0.0,3.0,0.0,13.0,13.0,12.0,12.0,0.0,1.0,2.0,8.0,3.0,3.0,10.0,8.0,1,1,0,0,168.0,141.0,20.0,14.0,28.0,32.0,16.0,13.0,112.0,118.0,6,5,12,7,0,0,0,1
8646,2019-02-16,14:45,40.0,20.0,Alexandre Ruiz,4.0,3.0,50.0,50.0,46.0,54.0,49.0,51.0,55.0,45.0,45.0,55.0,8.0,4.0,6.0,3.0,0.0,1.0,2.0,0.0,10.0,16.0,8.0,11.0,1.0,1.0,6.0,6.0,4.0,1.0,5.0,13.0,0,1,0,1,137.0,195.0,10.0,22.0,18.0,43.0,24.0,18.0,224.0,127.0,6,7,18,12,0,0,0,0
8647,2019-02-16,18:00,10.0,28.0,Jonathan Dufort,0.0,1.0,50.0,50.0,64.0,36.0,73.0,27.0,34.0,66.0,63.0,37.0,5.0,7.0,3.0,5.0,1.0,0.0,1.0,2.0,16.0,10.0,11.0,9.0,1.0,2.0,4.0,1.0,1.0,7.0,15.0,14.0,0,1,0,0,143.0,199.0,22.0,14.0,13.0,16.0,17.0,25.0,153.0,85.0,1,0,16,5,0,0,0,0
8648,2019-02-16,18:00,9.0,14.0,Maxime Chalon,0.0,1.0,50.0,50.0,40.0,60.0,31.0,69.0,60.0,40.0,41.0,59.0,8.0,2.0,6.0,1.0,0.0,0.0,2.0,1.0,21.0,16.0,13.0,16.0,0.0,2.0,4.0,9.0,3.0,3.0,10.0,12.0,2,0,0,0,183.0,130.0,14.0,6.0,17.0,10.0,26.0,33.0,121.0,167.0,2,4,4,12,0,0,1,0
8649,2019-02-16,18:00,13.0,24.0,Mathieu Raynal,1.0,2.0,50.0,50.0,49.0,51.0,46.0,54.0,51.0,49.0,49.0,51.0,4.0,12.0,4.0,5.0,0.0,3.0,0.0,4.0,15.0,13.0,9.0,10.0,1.0,2.0,10.0,7.0,2.0,4.0,8.0,10.0,0,1,0,0,119.0,184.0,9.0,8.0,16.0,30.0,25.0,33.0,162.0,118.0,3,3,8,11,0,0,0,0
8650,2019-02-16,20:45,19.0,10.0,Pascal Gauzere,2.0,1.0,50.0,50.0,43.0,57.0,31.0,69.0,57.0,43.0,44.0,56.0,11.0,11.0,8.0,7.0,0.0,1.0,3.0,3.0,8.0,16.0,6.0,15.0,1.0,1.0,10.0,9.0,3.0,1.0,8.0,8.0,0,0,0,0,198.0,164.0,15.0,17.0,26.0,24.0,26.0,16.0,120.0,171.0,7,4,10,14,0,0,0,0
8651,2019-02-17,12:30,21.0,28.0,Pierre Brousset,0.0,4.0,50.0,50.0,54.0,46.0,49.0,51.0,48.0,52.0,52.0,48.0,13.0,9.0,7.0,4.0,0.0,0.0,6.0,5.0,10.0,13.0,9.0,8.0,1.0,0.0,8.0,4.0,7.0,0.0,8.0,14.0,0,1,0,0,92.0,169.0,4.0,13.0,11.0,14.0,15.0,10.0,132.0,88.0,2,2,7,7,0,0,1,1
8652,2019-02-17,16:50,29.0,34.0,Romain Poite,4.0,4.0,50.0,50.0,57.0,43.0,73.0,27.0,43.0,57.0,56.0,44.0,9.0,12.0,5.0,7.0,2.0,1.0,2.0,4.0,14.0,13.0,12.0,9.0,2.0,1.0,8.0,4.0,1.0,2.0,7.0,8.0,0,0,0,0,95.0,145.0,9.0,14.0,19.0,24.0,16.0,22.0,149.0,84.0,6,5,5,14,0,0,1,0
8653,2019-02-23,18:00,38.0,11.0,Cedric Marchat,5.0,1.0,50.0,50.0,53.0,47.0,67.0,33.0,47.0,53.0,54.0,46.0,11.0,11.0,10.0,10.0,0.0,0.0,1.0,1.0,13.0,12.0,8.0,7.0,1.0,1.0,5.0,4.0,1.0,2.0,8.0,8.0,0,2,0,0,161.0,142.0,19.0,7.0,26.0,48.0,17.0,13.0,154.0,153.0,12,2,9,10,0,0,1,0
8654,2019-02-23,18:00,27.0,14.0,Laurent Cardona,2.0,1.0,50.0,50.0,51.0,49.0,60.0,40.0,49.0,51.0,51.0,49.0,8.0,3.0,5.0,2.0,2.0,1.0,1.0,0.0,15.0,16.0,10.0,13.0,2.0,1.0,3.0,6.0,2.0,3.0,11.0,9.0,0,1,0,0,147.0,154.0,18.0,8.0,9.0,28.0,25.0,24.0,140.0,146.0,8,1,13,13,0,0,0,0
8655,2019-02-23,18:00,47.0,31.0,Sebastien Minery,6.0,4.0,50.0,50.0,58.0,42.0,50.0,50.0,42.0,58.0,57.0,43.0,10.0,11.0,5.0,6.0,0.0,2.0,5.0,3.0,15.0,6.0,12.0,4.0,0.0,2.0,14.0,7.0,0.0,1.0,4.0,6.0,0,1,0,0,154.0,154.0,11.0,7.0,28.0,44.0,17.0,18.0,156.0,148.0,10,6,17,18,0,0,0,0
8656,2019-02-23,18:00,13.0,20.0,Vincent Blasco Baque,1.0,2.0,50.0,50.0,48.0,52.0,58.0,42.0,51.0,49.0,49.0,51.0,10.0,9.0,4.0,4.0,2.0,1.0,4.0,4.0,11.0,13.0,5.0,9.0,1.0,3.0,7.0,7.0,2.0,2.0,9.0,12.0,0,1,0,0,135.0,180.0,18.0,9.0,25.0,23.0,13.0,17.0,127.0,116.0,4,2,9,9,0,0,1,0
8657,2019-02-23,20:45,14.0,27.0,Adrien Descottes,1.0,3.0,50.0,50.0,53.0,47.0,50.0,50.0,47.0,53.0,54.0,46.0,6.0,14.0,5.0,10.0,1.0,1.0,0.0,3.0,16.0,8.0,11.0,7.0,0.0,2.0,12.0,10.0,3.0,2.0,7.0,12.0,0,0,0,0,127.0,145.0,8.0,6.0,15.0,20.0,17.0,28.0,154.0,81.0,4,1,9,3,0,0,0,0
8658,2019-02-24,12:30,18.0,9.0,Tual Trainini,0.0,0.0,50.0,50.0,50.0,50.0,63.0,37.0,50.0,50.0,51.0,49.0,9.0,4.0,5.0,3.0,1.0,1.0,3.0,0.0,17.0,14.0,10.0,8.0,2.0,2.0,7.0,7.0,6.0,3.0,9.0,14.0,0,1,0,0,137.0,140.0,10.0,15.0,17.0,11.0,30.0,27.0,114.0,106.0,0,1,6,4,0,0,0,0
8659,2019-02-24,16:50,19.0,13.0,Ludovic Cayre,1.0,1.0,50.0,50.0,55.0,45.0,59.0,41.0,44.0,56.0,56.0,44.0,8.0,11.0,4.0,7.0,1.0,0.0,3.0,4.0,11.0,13.0,8.0,10.0,2.0,0.0,9.0,8.0,4.0,2.0,9.0,9.0,0,1,0,0,202.0,129.0,24.0,11.0,36.0,22.0,21.0,15.0,118.0,186.0,8,5,7,6,0,0,0,1
8660,2019-03-02,14:45,50.0,14.0,Jonathan Dufort,8.0,2.0,50.0,50.0,53.0,47.0,59.0,41.0,49.0,51.0,51.0,49.0,10.0,9.0,7.0,5.0,0.0,1.0,3.0,3.0,14.0,7.0,13.0,5.0,0.0,0.0,7.0,6.0,0.0,0.0,4.0,11.0,0,0,0,0,142.0,170.0,12.0,14.0,27.0,31.0,14.0,11.0,161.0,163.0,10,8,8,14,0,0,1,0
8661,2019-03-02,18:00,52.0,17.0,Vincent Blasco Baque,6.0,2.0,50.0,50.0,47.0,53.0,56.0,44.0,52.0,48.0,47.0,53.0,12.0,3.0,10.0,1.0,1.0,1.0,1.0,1.0,10.0,14.0,9.0,11.0,2.0,0.0,4.0,11.0,1.0,1.0,16.0,15.0,1,1,0,0,176.0,144.0,17.0,16.0,19.0,22.0,13.0,8.0,159.0,162.0,9,4,10,10,0,0,1,0
8662,2019-03-02,18:00,37.0,10.0,Maxime Chalon,5.0,1.0,50.0,50.0,58.0,42.0,60.0,40.0,42.0,58.0,55.0,45.0,3.0,6.0,3.0,4.0,0.0,0.0,0.0,2.0,13.0,16.0,13.0,11.0,1.0,0.0,5.0,7.0,2.0,1.0,7.0,11.0,0,0,0,0,174.0,304.0,6.0,32.0,20.0,33.0,23.0,17.0,239.0,136.0,5,5,16,8,0,0,1,0
8663,2019-03-02,18:00,27.0,17.0,Thomas Charabas,3.0,1.0,50.0,50.0,59.0,41.0,52.0,48.0,39.0,61.0,57.0,43.0,12.0,10.0,8.0,7.0,0.0,1.0,4.0,2.0,11.0,18.0,6.0,15.0,0.0,3.0,9.0,11.0,2.0,4.0,13.0,7.0,0,0,0,0,150.0,205.0,9.0,17.0,21.0,21.0,20.0,16.0,159.0,105.0,5,2,15,6,0,0,0,0
8664,2019-03-02,20:45,15.0,23.0,Adrien Descottes,0.0,2.0,50.0,50.0,51.0,49.0,62.0,38.0,48.0,52.0,51.0,49.0,11.0,9.0,6.0,6.0,2.0,1.0,3.0,2.0,11.0,8.0,8.0,7.0,0.0,0.0,6.0,10.0,5.0,3.0,6.0,16.0,0,2,0,0,100.0,156.0,4.0,6.0,10.0,14.0,27.0,30.0,151.0,67.0,3,2,11,5,0,0,0,0
8665,2019-03-03,12:30,11.0,24.0,Alexandre Ruiz,1.0,3.0,50.0,50.0,64.0,36.0,79.0,21.0,35.0,65.0,64.0,36.0,11.0,7.0,8.0,4.0,1.0,0.0,2.0,3.0,14.0,14.0,13.0,11.0,3.0,0.0,9.0,9.0,2.0,1.0,6.0,10.0,0,1,0,0,115.0,256.0,6.0,31.0,28.0,21.0,17.0,19.0,182.0,141.0,3,7,10,13,0,0,0,0
8666,2019-03-03,16:50,9.0,28.0,Jerome Garces,0.0,4.0,50.0,50.0,47.0,53.0,52.0,48.0,50.0,50.0,50.0,50.0,11.0,5.0,7.0,5.0,0.0,0.0,4.0,0.0,7.0,11.0,7.0,7.0,0.0,0.0,5.0,7.0,3.0,2.0,10.0,5.0,1,1,0,0,253.0,111.0,27.0,19.0,31.0,15.0,16.0,18.0,79.0,192.0,0,8,1,14,0,0,0,1
8667,2019-03-16,17:00,18.0,21.0,Cyril Lafon,2.0,3.0,50.0,50.0,38.0,62.0,27.0,73.0,62.0,38.0,41.0,59.0,17.0,8.0,12.0,7.0,0.0,0.0,5.0,1.0,10.0,13.0,9.0,13.0,0.0,1.0,7.0,8.0,2.0,0.0,9.0,8.0,1,0,0,0,169.0,114.0,23.0,12.0,23.0,24.0,14.0,21.0,110.0,132.0,5,4,5,8,0,0,1,0
8668,2019-03-16,18:00,36.0,17.0,Sebastien Minery,5.0,2.0,50.0,50.0,45.0,55.0,46.0,54.0,55.0,45.0,44.0,56.0,7.0,11.0,3.0,6.0,0.0,2.0,4.0,3.0,14.0,16.0,10.0,10.0,3.0,0.0,8.0,7.0,1.0,1.0,11.0,8.0,1,0,0,0,171.0,133.0,13.0,12.0,15.0,27.0,29.0,24.0,106.0,138.0,2,4,5,9,0,0,1,0
8669,2019-03-16,18:00,16.0,34.0,Laurent Cardona,1.0,4.0,50.0,50.0,41.0,59.0,32.0,68.0,60.0,40.0,44.0,56.0,12.0,8.0,8.0,6.0,1.0,2.0,3.0,0.0,8.0,13.0,5.0,12.0,1.0,0.0,10.0,6.0,3.0,2.0,6.0,6.0,0,0,0,0,170.0,139.0,15.0,11.0,35.0,13.0,16.0,17.0,131.0,162.0,4,5,9,15,0,0,0,1
8670,2019-03-16,18:00,19.0,7.0,Romain Poite,1.0,1.0,50.0,50.0,49.0,51.0,31.0,69.0,51.0,49.0,49.0,51.0,11.0,5.0,5.0,4.0,2.0,0.0,4.0,1.0,9.0,15.0,8.0,10.0,3.0,1.0,3.0,9.0,4.0,0.0,11.0,10.0,0,0,0,0,227.0,142.0,18.0,10.0,25.0,16.0,28.0,16.0,122.0,196.0,3,6,13,16,0,0,0,0
8671,2019-03-16,20:45,26.0,12.0,Pascal Gauzere,2.0,0.0,50.0,50.0,52.0,48.0,50.0,50.0,49.0,51.0,52.0,48.0,7.0,9.0,7.0,3.0,0.0,3.0,0.0,3.0,16.0,12.0,13.0,7.0,0.0,1.0,10.0,6.0,4.0,4.0,10.0,11.0,0,1,0,0,139.0,201.0,18.0,39.0,11.0,26.0,26.0,25.0,152.0,120.0,3,1,6,13,0,0,0,0
8672,2019-03-17,12:30,27.0,14.0,Pierre Brousset,2.0,1.0,50.0,50.0,51.0,49.0,56.0,44.0,50.0,50.0,51.0,49.0,4.0,8.0,2.0,4.0,1.0,1.0,1.0,3.0,17.0,13.0,14.0,9.0,1.0,1.0,8.0,6.0,5.0,3.0,12.0,15.0,0,0,1,0,121.0,167.0,8.0,12.0,16.0,34.0,23.0,13.0,131.0,111.0,5,1,9,9,0,0,0,0
8673,2019-03-17,16:50,53.0,21.0,Mathieu Raynal,7.0,3.0,50.0,50.0,44.0,56.0,46.0,54.0,55.0,45.0,45.0,55.0,11.0,5.0,8.0,2.0,0.0,2.0,3.0,1.0,12.0,7.0,8.0,6.0,0.0,0.0,4.0,11.0,2.0,0.0,4.0,11.0,0,0,0,0,201.0,142.0,19.0,12.0,32.0,33.0,11.0,9.0,164.0,209.0,9,5,19,15,0,0,1,0
8674,2019-03-23,14:45,42.0,33.0,Vincent Blasco Baque,4.0,2.0,50.0,50.0,62.0,38.0,63.0,37.0,37.0,63.0,59.0,41.0,14.0,12.0,9.0,9.0,0.0,0.0,5.0,3.0,12.0,7.0,9.0,4.0,1.0,1.0,7.0,11.0,6.0,4.0,7.0,12.0,2,2,0,0,86.0,127.0,4.0,14.0,14.0,25.0,18.0,10.0,160.0,97.0,5,8,11,9,0,0,0,0
8675,2019-03-23,16:45,32.0,16.0,Alexandre Ruiz,4.0,1.0,50.0,50.0,33.0,67.0,28.0,72.0,68.0,32.0,34.0,66.0,11.0,10.0,7.0,4.0,1.0,2.0,3.0,4.0,4.0,19.0,4.0,16.0,0.0,0.0,6.0,8.0,2.0,3.0,12.0,7.0,1,1,0,0,168.0,117.0,32.0,7.0,20.0,24.0,28.0,21.0,107.0,161.0,6,4,8,10,0,0,1,0
8676,2019-03-23,18:45,15.0,24.0,Pascal Gauzere,2.0,3.0,50.0,50.0,39.0,61.0,31.0,69.0,63.0,37.0,42.0,58.0,14.0,9.0,8.0,5.0,0.0,1.0,6.0,3.0,20.0,13.0,16.0,11.0,0.0,0.0,7.0,8.0,1.0,1.0,6.0,12.0,0,0,1,1,207.0,123.0,18.0,4.0,38.0,24.0,18.0,18.0,140.0,147.0,6,6,11,17,0,0,0,0
8677,2019-03-23,18:45,22.0,16.0,Cedric Marchat,1.0,1.0,50.0,50.0,48.0,52.0,7.0,93.0,52.0,48.0,47.0,53.0,11.0,8.0,6.0,4.0,1.0,1.0,4.0,3.0,9.0,15.0,7.0,11.0,3.0,0.0,8.0,8.0,5.0,3.0,11.0,12.0,0,1,0,0,124.0,161.0,8.0,15.0,21.0,17.0,25.0,21.0,144.0,105.0,4,3,14,8,0,0,0,1
8678,2019-03-23,20:45,13.0,28.0,Mathieu Raynal,1.0,1.0,50.0,50.0,55.0,45.0,63.0,37.0,45.0,55.0,55.0,45.0,11.0,4.0,3.0,4.0,3.0,0.0,5.0,0.0,10.0,11.0,8.0,8.0,1.0,1.0,9.0,11.0,2.0,7.0,17.0,6.0,1,0,0,0,157.0,132.0,20.0,10.0,15.0,19.0,16.0,22.0,125.0,128.0,3,2,14,9,0,0,0,0
8679,2019-03-24,16:50,45.0,27.0,Romain Poite,6.0,3.0,50.0,50.0,61.0,39.0,76.0,24.0,39.0,61.0,59.0,41.0,10.0,8.0,7.0,5.0,1.0,1.0,2.0,2.0,15.0,9.0,13.0,8.0,0.0,0.0,10.0,7.0,1.0,2.0,5.0,10.0,1,2,1,0,78.0,211.0,12.0,23.0,18.0,39.0,15.0,11.0,187.0,87.0,4,5,18,4,0,0,1,0
8680,2019-03-24,21:00,19.0,23.0,Ludovic Cayre,1.0,2.0,50.0,50.0,45.0,55.0,35.0,65.0,54.0,46.0,46.0,54.0,6.0,7.0,3.0,5.0,1.0,0.0,2.0,2.0,13.0,13.0,10.0,9.0,2.0,1.0,6.0,5.0,4.0,3.0,7.0,8.0,0,0,0,0,122.0,202.0,22.0,24.0,13.0,21.0,26.0,23.0,199.0,104.0,0,4,14,11,0,0,1,0
8681,2019-04-06,14:45,25.0,10.0,Jerome Garces,3.0,1.0,50.0,50.0,49.0,51.0,41.0,59.0,49.0,51.0,51.0,49.0,6.0,9.0,2.0,7.0,1.0,0.0,3.0,2.0,14.0,20.0,12.0,17.0,1.0,0.0,6.0,8.0,2.0,1.0,13.0,5.0,1,0,1,0,138.0,110.0,27.0,18.0,21.0,12.0,22.0,20.0,87.0,143.0,1,3,2,7,0,0,0,0
8682,2019-04-06,18:00,21.0,17.0,Sebastien Minery,0.0,2.0,50.0,50.0,49.0,51.0,30.0,70.0,51.0,49.0,50.0,50.0,13.0,8.0,7.0,3.0,1.0,2.0,5.0,3.0,13.0,13.0,10.0,6.0,3.0,0.0,5.0,9.0,7.0,1.0,6.0,12.0,0,0,0,0,133.0,142.0,9.0,31.0,18.0,5.0,25.0,17.0,96.0,109.0,0,1,6,6,0,0,0,1
8683,2019-04-06,18:00,33.0,17.0,Adrien Descottes,5.0,2.0,50.0,50.0,49.0,51.0,60.0,40.0,51.0,49.0,50.0,50.0,9.0,8.0,4.0,6.0,2.0,0.0,3.0,2.0,10.0,16.0,7.0,15.0,0.0,3.0,8.0,8.0,0.0,1.0,11.0,7.0,2,0,0,0,156.0,203.0,20.0,19.0,19.0,35.0,24.0,29.0,163.0,177.0,8,3,28,10,0,0,1,0
8684,2019-04-06,18:00,31.0,22.0,Maxime Chalon,3.0,3.0,50.0,50.0,53.0,47.0,28.0,72.0,45.0,55.0,52.0,48.0,9.0,6.0,6.0,5.0,0.0,0.0,3.0,1.0,11.0,15.0,7.0,13.0,1.0,3.0,4.0,14.0,4.0,1.0,9.0,7.0,2,1,0,0,189.0,169.0,20.0,21.0,16.0,25.0,19.0,12.0,177.0,168.0,5,2,9,14,0,0,0,0
8685,2019-04-06,20:45,25.0,11.0,Cyril Lafon,2.0,1.0,50.0,50.0,56.0,44.0,75.0,25.0,44.0,56.0,56.0,44.0,15.0,7.0,9.0,5.0,1.0,0.0,5.0,2.0,11.0,15.0,7.0,12.0,1.0,1.0,4.0,8.0,4.0,2.0,12.0,11.0,1,1,0,0,122.0,161.0,10.0,18.0,21.0,8.0,25.0,20.0,89.0,132.0,1,3,3,5,0,0,0,0
8686,2019-04-07,12:30,24.0,27.0,Tual Trainini,3.0,3.0,50.0,50.0,49.0,51.0,48.0,52.0,50.0,50.0,51.0,49.0,7.0,16.0,4.0,10.0,1.0,1.0,2.0,5.0,24.0,9.0,13.0,9.0,0.0,5.0,10.0,4.0,1.0,2.0,9.0,12.0,1,2,0,0,160.0,157.0,29.0,18.0,22.0,28.0,10.0,23.0,156.0,116.0,4,5,20,5,0,0,1,0
8687,2019-04-07,16:50,31.0,31.0,Thomas Charabas,4.0,2.0,50.0,50.0,48.0,52.0,35.0,65.0,50.0,50.0,51.0,49.0,12.0,11.0,5.0,5.0,3.0,3.0,4.0,3.0,7.0,12.0,7.0,9.0,1.0,0.0,6.0,7.0,3.0,4.0,14.0,8.0,1,0,0,0,142.0,104.0,15.0,8.0,25.0,16.0,15.0,7.0,124.0,144.0,5,4,8,11,0,0,0,0
8688,2019-04-13,14:45,12.0,16.0,Ludovic Cayre,0.0,2.0,50.0,50.0,46.0,54.0,32.0,68.0,53.0,47.0,45.0,55.0,7.0,9.0,4.0,4.0,0.0,3.0,3.0,2.0,11.0,14.0,9.0,11.0,0.0,1.0,8.0,3.0,4.0,2.0,4.0,12.0,1,0,0,0,180.0,138.0,25.0,5.0,16.0,24.0,26.0,29.0,112.0,152.0,3,4,4,15,0,0,1,0
8689,2019-04-13,18:00,47.0,9.0,Jonathan Dufort,6.0,0.0,50.0,50.0,64.0,36.0,92.0,8.0,37.0,63.0,67.0,33.0,10.0,13.0,7.0,5.0,0.0,2.0,3.0,6.0,16.0,10.0,12.0,7.0,1.0,0.0,6.0,3.0,3.0,3.0,7.0,9.0,0,2,0,0,80.0,189.0,4.0,27.0,12.0,31.0,18.0,15.0,196.0,93.0,5,0,15,3,0,0,1,0
8690,2019-04-13,18:00,25.0,22.0,Laurent Cardona,3.0,3.0,50.0,50.0,51.0,49.0,53.0,47.0,49.0,51.0,50.0,50.0,13.0,5.0,8.0,4.0,1.0,0.0,4.0,1.0,12.0,15.0,8.0,12.0,2.0,2.0,6.0,9.0,1.0,1.0,8.0,6.0,0,0,2,0,188.0,168.0,17.0,9.0,22.0,26.0,25.0,17.0,147.0,170.0,4,6,14,19,0,0,0,1
8691,2019-04-13,18:00,71.0,21.0,Mathieu Raynal,10.0,3.0,50.0,50.0,29.0,71.0,30.0,70.0,74.0,26.0,34.0,66.0,7.0,18.0,6.0,10.0,0.0,0.0,1.0,8.0,9.0,13.0,7.0,10.0,1.0,0.0,5.0,8.0,1.0,0.0,8.0,6.0,0,2,0,0,170.0,94.0,12.0,10.0,18.0,23.0,11.0,7.0,114.0,163.0,11,3,13,6,0,0,1,0
8692,2019-04-13,20:45,19.0,18.0,Pierre Brousset,1.0,2.0,50.0,50.0,44.0,56.0,43.0,57.0,57.0,43.0,43.0,57.0,8.0,11.0,5.0,6.0,1.0,1.0,2.0,4.0,11.0,12.0,11.0,10.0,1.0,0.0,8.0,12.0,4.0,1.0,8.0,14.0,1,1,0,1,147.0,103.0,8.0,14.0,22.0,17.0,15.0,15.0,91.0,126.0,3,3,4,12,0,0,0,1
8693,2019-04-14,12:30,26.0,25.0,Alexandre Ruiz,2.0,3.0,50.0,50.0,58.0,42.0,68.0,32.0,41.0,59.0,57.0,43.0,10.0,11.0,7.0,6.0,0.0,1.0,3.0,4.0,11.0,9.0,8.0,8.0,1.0,0.0,5.0,12.0,4.0,2.0,10.0,16.0,0,2,0,0,202.0,203.0,36.0,14.0,25.0,24.0,15.0,17.0,202.0,153.0,2,2,15,18,0,0,0,1
8694,2019-04-14,16:50,47.0,44.0,Romain Poite,5.0,4.0,50.0,50.0,60.0,40.0,56.0,44.0,39.0,61.0,58.0,42.0,6.0,6.0,4.0,4.0,0.0,1.0,2.0,1.0,11.0,12.0,9.0,7.0,1.0,1.0,7.0,5.0,4.0,3.0,8.0,7.0,2,1,0,0,140.0,184.0,19.0,15.0,17.0,39.0,12.0,20.0,174.0,124.0,4,4,13,6,0,0,0,1
8695,2019-04-27,14:45,29.0,27.0,Vincent Blasco Baque,2.0,3.0,50.0,50.0,47.0,53.0,44.0,56.0,51.0,49.0,49.0,51.0,8.0,2.0,7.0,2.0,0.0,0.0,1.0,0.0,12.0,21.0,10.0,19.0,1.0,1.0,2.0,8.0,5.0,2.0,15.0,12.0,1,1,1,0,222.0,128.0,28.0,11.0,41.0,25.0,20.0,8.0,107.0,157.0,3,4,5,11,0,0,0,1
8696,2019-04-27,16:45,20.0,21.0,Adrien Descottes,2.0,0.0,50.0,50.0,60.0,40.0,70.0,30.0,39.0,61.0,59.0,41.0,5.0,11.0,2.0,6.0,1.0,3.0,2.0,2.0,16.0,10.0,11.0,7.0,2.0,2.0,12.0,7.0,1.0,7.0,11.0,13.0,0,2,0,0,152.0,109.0,18.0,10.0,26.0,27.0,16.0,23.0,92.0,115.0,7,5,7,15,0,0,1,0
8697,2019-04-27,18:45,47.0,12.0,Julien Castaignede,7.0,0.0,50.0,50.0,52.0,48.0,53.0,47.0,47.0,53.0,53.0,47.0,1.0,13.0,1.0,6.0,0.0,3.0,0.0,4.0,11.0,12.0,9.0,11.0,0.0,2.0,12.0,3.0,0.0,4.0,11.0,11.0,1,1,0,0,213.0,159.0,21.0,7.0,23.0,11.0,12.0,12.0,126.0,174.0,7,2,18,14,0,0,1,0
8698,2019-04-27,18:45,25.0,15.0,Pascal Gauzere,3.0,2.0,50.0,50.0,48.0,52.0,39.0,61.0,51.0,49.0,48.0,52.0,10.0,8.0,6.0,6.0,0.0,0.0,4.0,2.0,8.0,9.0,7.0,5.0,2.0,0.0,6.0,8.0,2.0,1.0,9.0,5.0,0,0,0,0,247.0,212.0,26.0,19.0,37.0,26.0,15.0,9.0,142.0,234.0,6,9,12,22,0,0,0,0
8699,2019-04-27,20:45,29.0,49.0,Tual Trainini,4.0,7.0,50.0,50.0,61.0,39.0,61.0,39.0,39.0,61.0,59.0,41.0,9.0,10.0,5.0,7.0,1.0,0.0,3.0,3.0,10.0,8.0,8.0,4.0,1.0,0.0,7.0,14.0,1.0,2.0,7.0,11.0,0,0,0,0,148.0,242.0,1.0,32.0,22.0,25.0,9.0,13.0,238.0,127.0,6,9,10,9,0,0,0,1
8700,2019-04-28,12:30,45.0,17.0,Jonathan Dufort,7.0,2.0,50.0,50.0,56.0,44.0,56.0,44.0,45.0,55.0,56.0,44.0,13.0,11.0,9.0,6.0,0.0,1.0,4.0,4.0,17.0,9.0,9.0,6.0,0.0,3.0,12.0,7.0,0.0,1.0,6.0,10.0,0,1,0,0,178.0,135.0,19.0,11.0,34.0,37.0,8.0,11.0,133.0,152.0,7,8,15,10,0,0,1,0
8701,2019-04-28,16:50,25.0,41.0,Ludovic Cayre,1.0,4.0,50.0,50.0,49.0,51.0,50.0,50.0,51.0,49.0,49.0,51.0,6.0,10.0,4.0,6.0,0.0,0.0,2.0,4.0,11.0,15.0,8.0,10.0,2.0,1.0,12.0,7.0,6.0,2.0,10.0,11.0,2,1,0,0,179.0,177.0,24.0,8.0,36.0,14.0,18.0,16.0,123.0,131.0,2,6,1,9,0,0,0,1
8702,2019-05-04,14:45,83.0,6.0,Maxime Chalon,13.0,0.0,50.0,50.0,40.0,60.0,43.0,57.0,59.0,41.0,40.0,60.0,7.0,7.0,6.0,5.0,0.0,0.0,1.0,2.0,14.0,14.0,8.0,10.0,1.0,3.0,8.0,5.0,0.0,2.0,6.0,8.0,0,2,0,0,150.0,197.0,16.0,13.0,19.0,39.0,18.0,17.0,195.0,142.0,12,3,35,4,0,0,1,0
8704,2019-05-04,18:00,9.0,12.0,Mathieu Raynal,0.0,2.0,50.0,50.0,59.0,41.0,75.0,25.0,43.0,57.0,62.0,38.0,22.0,10.0,9.0,6.0,3.0,0.0,10.0,4.0,7.0,11.0,6.0,6.0,2.0,0.0,4.0,10.0,3.0,0.0,5.0,7.0,0,0,0,0,76.0,156.0,6.0,26.0,10.0,28.0,30.0,35.0,134.0,34.0,2,0,7,2,0,0,1,0
8705,2019-05-04,18:00,11.0,29.0,Romain Poite,1.0,2.0,50.0,50.0,61.0,39.0,66.0,34.0,42.0,58.0,58.0,42.0,2.0,7.0,2.0,6.0,0.0,0.0,0.0,1.0,12.0,12.0,10.0,11.0,0.0,1.0,9.0,5.0,2.0,5.0,10.0,10.0,1,0,0,0,119.0,273.0,12.0,36.0,18.0,22.0,18.0,26.0,245.0,84.0,4,1,14,6,0,0,0,0
8703,2019-05-04,18:00,35.0,13.0,Alexandre Ruiz,5.0,1.0,50.0,50.0,51.0,49.0,54.0,46.0,48.0,52.0,52.0,48.0,18.0,9.0,11.0,4.0,1.0,2.0,6.0,3.0,15.0,16.0,11.0,16.0,0.0,2.0,15.0,15.0,0.0,2.0,9.0,12.0,0,2,0,0,161.0,118.0,17.0,8.0,22.0,32.0,14.0,20.0,123.0,148.0,3,1,7,9,0,0,1,0
8706,2019-05-04,20:45,30.0,21.0,Cedric Marchat,3.0,3.0,50.0,50.0,51.0,49.0,64.0,36.0,51.0,49.0,51.0,49.0,14.0,11.0,11.0,6.0,1.0,2.0,2.0,3.0,11.0,15.0,8.0,10.0,1.0,2.0,10.0,11.0,3.0,0.0,10.0,12.0,0,2,0,0,129.0,74.0,12.0,8.0,15.0,12.0,17.0,9.0,73.0,103.0,2,4,5,8,0,0,0,0
8707,2019-05-05,12:30,34.0,10.0,Sebastien Minery,4.0,1.0,50.0,50.0,57.0,43.0,73.0,27.0,43.0,57.0,55.0,45.0,14.0,8.0,8.0,5.0,1.0,1.0,5.0,2.0,15.0,13.0,11.0,9.0,0.0,2.0,9.0,7.0,2.0,1.0,6.0,10.0,0,0,0,0,141.0,200.0,14.0,23.0,17.0,29.0,14.0,9.0,134.0,138.0,4,2,14,6,0,0,1,0
8708,2019-05-05,16:50,23.0,27.0,Cyril Lafon,2.0,2.0,50.0,50.0,44.0,56.0,50.0,50.0,56.0,44.0,46.0,54.0,12.0,6.0,8.0,3.0,0.0,1.0,4.0,2.0,13.0,13.0,9.0,10.0,0.0,2.0,9.0,6.0,3.0,1.0,12.0,8.0,1,0,0,0,164.0,145.0,14.0,20.0,16.0,20.0,21.0,24.0,118.0,135.0,3,2,7,11,0,0,1,0
8709,2019-05-18,15:00,22.0,0.0,Jonathan Dufort,3.0,0.0,50.0,50.0,41.0,59.0,37.0,63.0,60.0,40.0,44.0,56.0,9.0,11.0,6.0,6.0,1.0,2.0,2.0,3.0,22.0,10.0,12.0,6.0,0.0,1.0,4.0,10.0,1.0,0.0,8.0,15.0,0,2,0,0,185.0,88.0,25.0,6.0,27.0,16.0,20.0,21.0,96.0,177.0,2,4,3,13,0,0,1,0
8710,2019-05-18,15:00,10.0,17.0,Jerome Garces,1.0,2.0,50.0,50.0,43.0,57.0,36.0,64.0,58.0,42.0,42.0,58.0,7.0,13.0,5.0,8.0,0.0,0.0,2.0,5.0,16.0,12.0,12.0,9.0,2.0,0.0,5.0,10.0,1.0,1.0,6.0,13.0,0,1,0,0,137.0,128.0,24.0,13.0,20.0,17.0,27.0,20.0,105.0,139.0,5,6,11,6,0,0,1,0
8711,2019-05-18,15:00,14.0,52.0,Laurent Cardona,2.0,8.0,50.0,50.0,48.0,52.0,35.0,65.0,52.0,48.0,48.0,52.0,11.0,8.0,8.0,6.0,1.0,1.0,2.0,1.0,12.0,6.0,7.0,3.0,2.0,2.0,12.0,7.0,0.0,0.0,6.0,12.0,0,0,1,0,135.0,138.0,13.0,10.0,20.0,14.0,11.0,10.0,151.0,176.0,3,12,18,24,0,0,0,1
8712,2019-05-18,21:00,29.0,19.0,Romain Poite,2.0,1.0,50.0,50.0,50.0,50.0,28.0,72.0,50.0,50.0,52.0,48.0,13.0,4.0,8.0,4.0,0.0,0.0,5.0,0.0,11.0,13.0,10.0,10.0,0.0,0.0,6.0,8.0,4.0,4.0,12.0,7.0,0,0,0,0,190.0,132.0,13.0,15.0,24.0,10.0,20.0,20.0,80.0,153.0,0,1,8,11,0,0,0,0
8713,2019-05-19,12:30,42.0,25.0,Pascal Gauzere,6.0,3.0,50.0,50.0,46.0,54.0,41.0,59.0,58.0,42.0,45.0,55.0,10.0,6.0,7.0,5.0,0.0,0.0,3.0,1.0,14.0,11.0,11.0,10.0,0.0,1.0,7.0,4.0,0.0,2.0,7.0,9.0,1,2,0,0,155.0,175.0,19.0,29.0,26.0,20.0,19.0,16.0,120.0,149.0,4,3,19,8,0,0,1,0
8714,2019-05-19,16:50,36.0,43.0,Tual Trainini,5.0,6.0,50.0,50.0,41.0,59.0,44.0,56.0,59.0,41.0,41.0,59.0,6.0,6.0,4.0,4.0,0.0,0.0,2.0,2.0,13.0,16.0,10.0,12.0,3.0,1.0,3.0,7.0,1.0,1.0,13.0,7.0,2,1,0,0,166.0,176.0,16.0,16.0,30.0,18.0,20.0,14.0,132.0,125.0,6,4,8,16,0,0,1,0
8715,2019-05-19,21:00,32.0,11.0,Vincent Blasco Baque,4.0,1.0,50.0,50.0,52.0,48.0,36.0,64.0,49.0,51.0,52.0,48.0,13.0,6.0,7.0,4.0,2.0,1.0,4.0,1.0,12.0,20.0,7.0,11.0,2.0,2.0,8.0,9.0,2.0,2.0,14.0,16.0,1,4,1,0,139.0,130.0,19.0,14.0,24.0,32.0,16.0,13.0,106.0,125.0,4,1,6,10,0,0,1,0
8716,2019-05-25,16:15,27.0,28.0,Mathieu Raynal,3.0,3.0,50.0,50.0,47.0,53.0,45.0,55.0,54.0,46.0,47.0,53.0,17.0,11.0,9.0,6.0,2.0,1.0,6.0,4.0,15.0,10.0,12.0,8.0,1.0,1.0,13.0,11.0,2.0,3.0,7.0,12.0,1,1,0,0,101.0,135.0,4.0,8.0,12.0,16.0,9.0,20.0,154.0,87.0,3,2,13,8,0,0,1,0
8717,2019-05-25,16:15,16.0,25.0,Thomas Charabas,2.0,3.0,50.0,50.0,57.0,43.0,50.0,50.0,43.0,57.0,58.0,42.0,10.0,11.0,4.0,8.0,2.0,0.0,4.0,3.0,16.0,14.0,12.0,7.0,3.0,1.0,9.0,8.0,2.0,2.0,13.0,10.0,1,1,0,0,128.0,135.0,16.0,18.0,14.0,12.0,18.0,24.0,130.0,101.0,4,4,3,3,0,0,0,0
8718,2019-05-25,16:15,23.0,24.0,Alexandre Ruiz,3.0,3.0,50.0,50.0,41.0,59.0,30.0,70.0,57.0,43.0,37.0,63.0,8.0,10.0,6.0,8.0,0.0,0.0,2.0,2.0,11.0,14.0,7.0,11.0,0.0,0.0,11.0,8.0,2.0,1.0,10.0,9.0,0,0,0,0,129.0,108.0,19.0,13.0,10.0,17.0,20.0,20.0,113.0,134.0,4,1,10,11,0,0,1,0
8719,2019-05-25,16:15,31.0,17.0,Julien Castaignede,4.0,3.0,50.0,50.0,44.0,56.0,49.0,51.0,55.0,45.0,45.0,55.0,13.0,12.0,8.0,7.0,1.0,1.0,4.0,4.0,9.0,13.0,8.0,8.0,3.0,0.0,5.0,7.0,1.0,0.0,10.0,10.0,0,2,0,0,145.0,138.0,24.0,16.0,16.0,22.0,20.0,9.0,109.0,143.0,4,1,7,5,0,0,0,0
8720,2019-05-25,16:15,81.0,12.0,Maxime Chalon,12.0,2.0,50.0,50.0,48.0,52.0,58.0,42.0,51.0,49.0,49.0,51.0,6.0,4.0,6.0,3.0,0.0,0.0,0.0,1.0,8.0,15.0,0.0,10.0,1.0,5.0,6.0,6.0,1.0,0.0,8.0,6.0,1,0,0,0,201.0,143.0,9.0,7.0,16.0,19.0,19.0,10.0,182.0,201.0,15,5,13,10,0,0,1,0
8721,2019-05-25,16:15,47.0,7.0,Cyril Lafon,7.0,1.0,50.0,50.0,67.0,33.0,69.0,31.0,32.0,68.0,65.0,35.0,8.0,18.0,6.0,11.0,0.0,2.0,2.0,5.0,19.0,8.0,17.0,6.0,2.0,0.0,18.0,7.0,0.0,0.0,10.0,14.0,1,2,0,0,140.0,187.0,12.0,10.0,17.0,41.0,8.0,12.0,199.0,140.0,9,2,24,10,0,0,1,0
8722,2019-05-25,16:15,3.0,35.0,Pierre Brousset,0.0,5.0,50.0,50.0,58.0,42.0,50.0,50.0,42.0,58.0,57.0,43.0,10.0,14.0,7.0,10.0,1.0,0.0,2.0,4.0,17.0,10.0,16.0,6.0,1.0,1.0,12.0,9.0,1.0,0.0,6.0,14.0,0,0,0,0,118.0,209.0,6.0,25.0,9.0,19.0,16.0,24.0,164.0,119.0,3,5,17,17,0,0,0,1
9740,2021-09-04,14:00,27.0,15.0,Mathieu Raynal,3.0,2.0,50.0,50.0,47.0,53.0,42.0,58.0,53.0,47.0,47.0,53.0,9.0,6.0,8.0,5.0,0.0,1.0,1.0,0.0,12.0,16.0,9.0,14.0,1.0,1.0,2.0,7.0,2.0,1.0,16.0,12.0,1,0,0,0,112.0,96.0,3.0,4.0,22.0,15.0,29.0,20.0,85.0,123.0,3,4,7,23,5,1,0,0
9741,2021-09-04,16:05,36.0,15.0,Adrien Marbot,3.0,0.0,50.0,50.0,47.0,53.0,70.0,30.0,53.0,47.0,48.0,52.0,5.0,3.0,2.0,2.0,2.0,1.0,1.0,0.0,10.0,18.0,8.0,14.0,3.0,0.0,1.0,3.0,4.0,5.0,13.0,10.0,1,0,0,0,131.0,103.0,5.0,2.0,4.0,12.0,17.0,15.0,83.0,121.0,1,1,6,3,3,0,1,0
9742,2021-09-04,16:05,16.0,12.0,Pierre Brousset,1.0,0.0,50.0,50.0,54.0,46.0,70.0,30.0,47.0,53.0,55.0,45.0,4.0,7.0,3.0,6.0,0.0,1.0,1.0,0.0,17.0,10.0,15.0,8.0,0.0,0.0,3.0,2.0,3.0,3.0,10.0,17.0,0,1,0,0,62.0,104.0,1.0,3.0,11.0,10.0,27.0,29.0,104.0,85.0,2,2,5,1,2,4,0,1
9743,2021-09-04,18:15,21.0,36.0,Romain Poite,2.0,3.0,50.0,50.0,50.0,50.0,60.0,40.0,49.0,51.0,52.0,48.0,10.0,4.0,9.0,4.0,0.0,0.0,1.0,0.0,16.0,12.0,10.0,10.0,1.0,3.0,2.0,0.0,3.0,5.0,8.0,15.0,0,1,0,0,48.0,77.0,4.0,3.0,17.0,12.0,23.0,26.0,104.0,103.0,4,7,11,10,5,2,0,0
9744,2021-09-04,21:05,24.0,24.0,Adrien Descottes,0.0,2.0,50.0,50.0,49.0,51.0,43.0,57.0,51.0,49.0,49.0,51.0,8.0,8.0,5.0,8.0,2.0,0.0,1.0,0.0,12.0,11.0,9.0,8.0,1.0,3.0,4.0,2.0,8.0,4.0,8.0,14.0,0,0,0,0,134.0,99.0,4.0,0.0,22.0,13.0,25.0,25.0,87.0,108.0,1,3,5,4,2,3,0,0
9745,2021-09-05,17:45,28.0,19.0,Ludovic Cayre,3.0,1.0,50.0,50.0,47.0,53.0,53.0,47.0,53.0,47.0,48.0,52.0,5.0,9.0,4.0,5.0,1.0,2.0,0.0,2.0,11.0,14.0,8.0,12.0,0.0,2.0,4.0,3.0,3.0,4.0,11.0,8.0,0,0,0,0,143.0,87.0,4.0,5.0,11.0,19.0,30.0,15.0,125.0,127.0,5,1,7,3,4,0,0,0
9746,2021-09-05,21:05,16.0,20.0,Jonathan Dufort,1.0,1.0,50.0,50.0,61.0,39.0,67.0,33.0,40.0,60.0,65.0,35.0,12.0,2.0,8.0,2.0,0.0,0.0,4.0,0.0,10.0,11.0,8.0,10.0,1.0,1.0,0.0,4.0,3.0,5.0,9.0,14.0,0,1,1,0,66.0,105.0,2.0,0.0,27.0,9.0,23.0,26.0,125.0,81.0,2,1,15,4,3,3,1,0
9747,2021-09-11,15:00,30.0,34.0,Cedric Marchat,3.0,3.0,50.0,50.0,45.0,55.0,39.0,61.0,56.0,44.0,46.0,54.0,3.0,9.0,3.0,5.0,0.0,2.0,0.0,2.0,18.0,12.0,18.0,11.0,0.0,0.0,4.0,2.0,3.0,4.0,15.0,13.0,0,0,0,0,107.0,115.0,8.0,9.0,13.0,19.0,21.0,16.0,114.0,85.0,3,1,5,1,2,3,1,0
9748,2021-09-11,15:00,39.0,17.0,Benoit Rousselet,5.0,3.0,50.0,50.0,44.0,56.0,45.0,55.0,56.0,44.0,44.0,56.0,8.0,12.0,6.0,11.0,1.0,0.0,1.0,1.0,11.0,15.0,8.0,14.0,0.0,3.0,6.0,2.0,2.0,0.0,10.0,9.0,0,0,0,0,139.0,98.0,7.0,0.0,13.0,20.0,25.0,19.0,121.0,142.0,7,3,13,8,9,4,0,0
9749,2021-09-11,15:00,21.0,17.0,Vincent Blasco Baque,0.0,1.0,50.0,50.0,43.0,57.0,67.0,33.0,57.0,43.0,44.0,56.0,11.0,3.0,7.0,2.0,1.0,1.0,3.0,0.0,10.0,15.0,8.0,12.0,1.0,1.0,1.0,6.0,6.0,4.0,10.0,13.0,0,0,1,0,127.0,72.0,4.0,1.0,14.0,12.0,33.0,20.0,85.0,136.0,1,4,6,17,5,3,0,1
9750,2021-09-11,15:00,33.0,20.0,Laurent Cardona,3.0,2.0,50.0,50.0,48.0,52.0,40.0,60.0,52.0,48.0,49.0,51.0,6.0,3.0,6.0,2.0,0.0,0.0,0.0,1.0,11.0,19.0,10.0,15.0,1.0,0.0,0.0,3.0,3.0,2.0,18.0,9.0,1,2,0,0,108.0,105.0,3.0,0.0,18.0,14.0,29.0,21.0,96.0,92.0,4,3,7,6,6,5,0,0
9751,2021-09-11,17:15,37.0,10.0,Maxime Chalon,4.0,1.0,50.0,50.0,60.0,40.0,84.0,16.0,42.0,58.0,63.0,37.0,12.0,6.0,10.0,6.0,1.0,0.0,1.0,0.0,11.0,14.0,9.0,12.0,0.0,1.0,4.0,8.0,3.0,1.0,8.0,7.0,1,2,0,0,78.0,97.0,3.0,2.0,7.0,24.0,31.0,24.0,142.0,111.0,11,0,18,7,2,3,1,0
9752,2021-09-11,21:05,23.0,10.0,Tual Trainini,1.0,1.0,50.0,50.0,45.0,55.0,45.0,55.0,55.0,45.0,45.0,55.0,9.0,12.0,6.0,7.0,3.0,3.0,0.0,2.0,9.0,15.0,9.0,13.0,2.0,0.0,2.0,7.0,3.0,1.0,13.0,11.0,1,2,0,0,153.0,81.0,7.0,4.0,30.0,14.0,21.0,19.0,84.0,177.0,1,6,8,17,3,2,0,0
9753,2021-09-12,21:05,41.0,10.0,Luc Ramos,6.0,1.0,50.0,50.0,52.0,48.0,56.0,44.0,47.0,53.0,50.0,50.0,8.0,8.0,7.0,8.0,0.0,0.0,1.0,0.0,17.0,13.0,17.0,7.0,2.0,0.0,3.0,4.0,1.0,1.0,10.0,10.0,1,2,0,0,68.0,99.0,0.0,5.0,8.0,23.0,26.0,25.0,149.0,99.0,8,3,17,8,5,5,1,0
9754,2021-09-18,15:00,28.0,19.0,Jonathan Gasnier,1.0,3.0,50.0,50.0,38.0,62.0,45.0,55.0,61.0,39.0,39.0,61.0,9.0,4.0,4.0,4.0,3.0,0.0,2.0,0.0,13.0,18.0,9.0,15.0,1.0,2.0,3.0,2.0,7.0,0.0,10.0,17.0,1,1,0,0,93.0,58.0,1.0,5.0,16.0,5.0,34.0,21.0,71.0,103.0,0,2,9,7,5,4,0,0
9755,2021-09-18,15:00,30.0,13.0,Vivien Praderie,4.0,1.0,50.0,50.0,46.0,54.0,41.0,59.0,54.0,46.0,45.0,55.0,3.0,8.0,2.0,7.0,1.0,1.0,0.0,0.0,16.0,14.0,12.0,11.0,3.0,0.0,1.0,3.0,2.0,2.0,18.0,12.0,0,0,0,0,147.0,101.0,7.0,3.0,21.0,21.0,28.0,25.0,75.0,133.0,6,1,1,2,3,2,1,0
9756,2021-09-18,15:00,23.0,23.0,Romain Poite,2.0,2.0,50.0,50.0,51.0,49.0,32.0,68.0,49.0,51.0,50.0,50.0,6.0,5.0,5.0,1.0,0.0,4.0,1.0,0.0,17.0,7.0,8.0,7.0,0.0,9.0,4.0,3.0,3.0,2.0,11.0,16.0,0,2,1,0,108.0,77.0,2.0,1.0,14.0,21.0,27.0,35.0,84.0,79.0,5,3,9,2,6,5,0,0
9757,2021-09-18,15:00,47.0,3.0,Sebastien Minery,7.0,0.0,50.0,50.0,47.0,53.0,33.0,67.0,53.0,47.0,47.0,53.0,5.0,7.0,5.0,5.0,0.0,1.0,0.0,1.0,16.0,18.0,13.0,17.0,0.0,1.0,5.0,2.0,0.0,1.0,15.0,11.0,1,0,0,0,101.0,108.0,5.0,0.0,17.0,38.0,27.0,20.0,167.0,113.0,6,3,18,3,6,3,1,0
9758,2021-09-18,17:00,15.0,17.0,Ludovic Cayre,2.0,2.0,50.0,50.0,60.0,40.0,56.0,44.0,40.0,60.0,61.0,39.0,7.0,11.0,5.0,10.0,1.0,0.0,1.0,1.0,14.0,12.0,12.0,9.0,1.0,1.0,6.0,2.0,1.0,1.0,9.0,12.0,0,1,0,0,87.0,130.0,5.0,2.0,5.0,15.0,35.0,26.0,114.0,109.0,2,1,10,5,5,6,1,0
9759,2021-09-18,21:05,23.0,22.0,Pierre Brousset,2.0,1.0,50.0,50.0,48.0,52.0,41.0,59.0,50.0,50.0,47.0,53.0,7.0,3.0,5.0,3.0,1.0,0.0,1.0,0.0,13.0,15.0,12.0,12.0,0.0,1.0,2.0,2.0,3.0,5.0,13.0,10.0,0,0,0,0,87.0,78.0,3.0,3.0,13.0,16.0,27.0,30.0,69.0,62.0,1,1,3,1,2,3,0,1
9760,2021-09-19,21:05,38.0,5.0,Mathieu Raynal,5.0,1.0,50.0,50.0,57.0,43.0,73.0,27.0,43.0,57.0,57.0,43.0,11.0,8.0,7.0,4.0,2.0,3.0,2.0,1.0,23.0,11.0,19.0,8.0,1.0,2.0,5.0,5.0,1.0,0.0,6.0,18.0,0,1,0,0,117.0,90.0,6.0,3.0,21.0,19.0,16.0,20.0,143.0,173.0,5,5,15,8,4,6,1,0
9761,2021-09-25,15:00,29.0,10.0,Cedric Marchat,3.0,1.0,50.0,50.0,66.0,34.0,79.0,21.0,35.0,65.0,70.0,30.0,8.0,11.0,7.0,8.0,1.0,1.0,0.0,2.0,14.0,12.0,12.0,8.0,0.0,1.0,8.0,2.0,4.0,1.0,8.0,16.0,0,1,0,0,67.0,108.0,2.0,4.0,6.0,23.0,22.0,19.0,143.0,57.0,5,1,11,9,5,2,0,0
9762,2021-09-25,15:00,23.0,22.0,Pierre Baptiste Nuchy,2.0,4.0,50.0,50.0,52.0,48.0,54.0,46.0,48.0,52.0,52.0,48.0,8.0,8.0,5.0,6.0,1.0,1.0,2.0,1.0,12.0,10.0,10.0,6.0,2.0,1.0,4.0,2.0,3.0,0.0,10.0,10.0,0,0,0,0,126.0,132.0,1.0,3.0,18.0,12.0,29.0,17.0,134.0,120.0,5,5,3,8,7,6,0,1
9763,2021-09-25,15:00,34.0,10.0,Luc Ramos,2.0,1.0,50.0,50.0,39.0,61.0,27.0,73.0,62.0,38.0,40.0,60.0,9.0,9.0,7.0,5.0,2.0,1.0,0.0,3.0,6.0,17.0,5.0,13.0,3.0,1.0,2.0,4.0,5.0,1.0,10.0,12.0,0,1,1,0,115.0,80.0,4.0,0.0,15.0,10.0,35.0,23.0,91.0,127.0,4,3,1,6,2,0,0,0
9764,2021-09-25,15:00,59.0,17.0,Vincent Blasco Baque,8.0,1.0,50.0,50.0,57.0,43.0,61.0,39.0,42.0,58.0,57.0,43.0,6.0,11.0,5.0,7.0,0.0,1.0,1.0,3.0,15.0,11.0,14.0,9.0,1.0,0.0,6.0,4.0,0.0,1.0,10.0,13.0,2,1,0,0,124.0,127.0,9.0,2.0,7.0,25.0,22.0,17.0,144.0,113.0,9,4,11,1,5,3,1,0
9765,2021-09-25,17:00,24.0,20.0,Adrien Descottes,3.0,2.0,50.0,50.0,42.0,58.0,45.0,55.0,58.0,42.0,43.0,57.0,7.0,10.0,5.0,9.0,2.0,0.0,0.0,1.0,18.0,14.0,17.0,12.0,2.0,0.0,3.0,5.0,1.0,2.0,16.0,11.0,1,0,0,0,142.0,97.0,1.0,0.0,33.0,11.0,24.0,25.0,127.0,111.0,4,4,4,9,4,7,0,1
9766,2021-09-25,21:00,12.0,9.0,Pierre Brousset,0.0,0.0,50.0,50.0,61.0,39.0,83.0,17.0,39.0,61.0,65.0,35.0,10.0,10.0,5.0,7.0,3.0,3.0,2.0,0.0,13.0,9.0,11.0,6.0,1.0,0.0,5.0,5.0,4.0,3.0,8.0,10.0,0,0,0,0,40.0,98.0,3.0,0.0,10.0,14.0,27.0,27.0,88.0,60.0,2,3,2,4,2,6,0,1
9767,2021-09-26,21:05,27.0,15.0,Maxime Chalon,3.0,2.0,50.0,50.0,34.0,66.0,33.0,67.0,67.0,33.0,38.0,62.0,7.0,3.0,6.0,3.0,1.0,0.0,0.0,0.0,7.0,20.0,7.0,11.0,3.0,0.0,2.0,6.0,2.0,0.0,13.0,8.0,1,0,0,0,153.0,66.0,9.0,3.0,33.0,23.0,25.0,22.0,99.0,185.0,4,5,16,8,6,5,0,0
9768,2021-10-02,15:00,19.0,12.0,Ludovic Cayre,1.0,0.0,50.0,50.0,44.0,56.0,85.0,15.0,57.0,43.0,44.0,56.0,11.0,7.0,7.0,5.0,1.0,0.0,3.0,2.0,9.0,13.0,6.0,11.0,0.0,0.0,2.0,4.0,4.0,4.0,13.0,9.0,1,1,0,0,100.0,96.0,1.0,1.0,23.0,11.0,26.0,23.0,87.0,133.0,1,3,7,8,1,3,0,1
9769,2021-10-02,15:00,15.0,20.0,Vivien Praderie,0.0,2.0,50.0,50.0,51.0,49.0,60.0,40.0,49.0,51.0,51.0,49.0,6.0,6.0,6.0,4.0,0.0,1.0,0.0,1.0,16.0,13.0,14.0,10.0,1.0,1.0,3.0,3.0,5.0,2.0,11.0,15.0,1,2,0,0,63.0,121.0,5.0,6.0,15.0,22.0,27.0,23.0,129.0,87.0,5,4,8,5,4,5,1,0
9770,2021-10-02,15:00,21.0,11.0,Mathieu Raynal,0.0,1.0,50.0,50.0,52.0,48.0,62.0,38.0,48.0,52.0,52.0,48.0,12.0,9.0,12.0,6.0,0.0,2.0,0.0,1.0,10.0,12.0,6.0,8.0,1.0,2.0,4.0,6.0,7.0,2.0,12.0,13.0,1,0,0,0,119.0,107.0,4.0,6.0,16.0,14.0,27.0,13.0,90.0,117.0,2,2,2,4,7,3,0,0
9771,2021-10-02,15:00,14.0,29.0,Romain Poite,1.0,3.0,50.0,50.0,51.0,49.0,57.0,43.0,49.0,51.0,50.0,50.0,7.0,7.0,4.0,6.0,3.0,0.0,0.0,1.0,14.0,11.0,11.0,10.0,0.0,1.0,5.0,4.0,3.0,4.0,15.0,8.0,3,0,0,1,80.0,96.0,1.0,4.0,12.0,22.0,21.0,21.0,106.0,80.0,5,4,8,8,4,2,0,0
9772,2021-10-02,17:00,11.0,17.0,Pierre Baptiste Nuchy,1.0,2.0,50.0,50.0,57.0,43.0,71.0,29.0,43.0,57.0,58.0,42.0,7.0,7.0,5.0,6.0,1.0,1.0,1.0,0.0,20.0,8.0,18.0,5.0,3.0,2.0,6.0,2.0,1.0,1.0,8.0,16.0,0,0,0,0,58.0,104.0,0.0,5.0,23.0,12.0,21.0,17.0,145.0,106.0,2,3,8,14,4,7,1,0
9773,2021-10-02,21:05,27.0,16.0,Adrien Descottes,2.0,1.0,50.0,50.0,50.0,50.0,54.0,46.0,51.0,49.0,49.0,51.0,12.0,9.0,8.0,6.0,2.0,3.0,2.0,0.0,12.0,13.0,9.0,8.0,2.0,0.0,4.0,2.0,2.0,3.0,17.0,17.0,0,4,0,0,90.0,102.0,5.0,3.0,8.0,21.0,8.0,11.0,118.0,81.0,3,1,4,4,7,7,0,0
9774,2021-10-03,21:05,26.0,17.0,Laurent Cardona,,,,,,,,,,,,,,,,,,,,,,,,,,,,,,,,,0,0,0,0,,,,,,,,,,,0,0,0,0,0,0,0,0
9775,2021-10-09,15:00,5.0,40.0,Cedric Marchat,1.0,6.0,50.0,50.0,47.0,53.0,37.0,63.0,55.0,45.0,47.0,53.0,3.0,11.0,3.0,9.0,0.0,0.0,0.0,2.0,14.0,12.0,9.0,9.0,3.0,2.0,1.0,2.0,0.0,0.0,12.0,14.0,1,1,0,0,93.0,130.0,5.0,2.0,12.0,16.0,18.0,28.0,159.0,118.0,3,4,11,9,4,7,0,1
9776,2021-10-09,15:00,27.0,23.0,Pierre Brousset,4.0,2.0,50.0,50.0,43.0,57.0,46.0,54.0,58.0,42.0,44.0,56.0,5.0,9.0,5.0,6.0,0.0,1.0,0.0,2.0,13.0,17.0,9.0,14.0,1.0,2.0,3.0,1.0,1.0,3.0,14.0,9.0,2,0,0,0,169.0,114.0,8.0,0.0,23.0,17.0,21.0,30.0,110.0,136.0,5,4,5,5,3,2,0,1
9777,2021-10-09,15:00,17.0,14.0,Pierre Baptiste Nuchy,2.0,2.0,50.0,50.0,59.0,41.0,54.0,46.0,42.0,58.0,61.0,39.0,5.0,10.0,5.0,10.0,0.0,0.0,0.0,0.0,22.0,18.0,18.0,11.0,4.0,4.0,5.0,1.0,1.0,0.0,7.0,17.0,0,1,0,0,74.0,95.0,0.0,2.0,7.0,17.0,24.0,27.0,154.0,89.0,6,4,12,4,6,3,0,1
9778,2021-10-09,15:00,29.0,10.0,Ludovic Cayre,2.0,1.0,50.0,50.0,46.0,54.0,54.0,46.0,54.0,46.0,45.0,55.0,7.0,4.0,5.0,2.0,2.0,1.0,0.0,1.0,18.0,12.0,17.0,11.0,1.0,0.0,2.0,4.0,5.0,1.0,9.0,13.0,1,2,0,0,107.0,100.0,8.0,5.0,12.0,20.0,26.0,24.0,151.0,102.0,4,0,9,4,2,4,0,0
9779,2021-10-09,17:00,38.0,10.0,Adrien Marbot,5.0,1.0,50.0,50.0,61.0,39.0,67.0,33.0,39.0,61.0,60.0,40.0,9.0,4.0,7.0,4.0,1.0,0.0,1.0,0.0,16.0,11.0,16.0,8.0,1.0,0.0,4.0,4.0,1.0,1.0,10.0,14.0,0,1,0,0,74.0,132.0,6.0,1.0,21.0,45.0,17.0,21.0,164.0,90.0,10,5,11,4,4,6,1,0
9780,2021-10-09,21:05,13.0,9.0,Jonathan Dufort,1.0,0.0,50.0,50.0,59.0,41.0,72.0,28.0,41.0,59.0,61.0,39.0,12.0,8.0,9.0,5.0,1.0,1.0,2.0,2.0,18.0,10.0,12.0,8.0,0.0,2.0,3.0,4.0,2.0,3.0,6.0,11.0,0,1,0,0,48.0,115.0,0.0,2.0,8.0,18.0,30.0,28.0,129.0,45.0,4,0,11,1,4,3,0,1
9781,2021-10-10,21:05,22.0,14.0,Romain Poite,2.0,1.0,50.0,50.0,49.0,51.0,51.0,49.0,51.0,49.0,49.0,51.0,6.0,7.0,2.0,3.0,3.0,3.0,1.0,1.0,14.0,11.0,14.0,7.0,1.0,0.0,3.0,2.0,4.0,3.0,9.0,10.0,0,0,0,0,127.0,123.0,8.0,3.0,19.0,24.0,35.0,23.0,122.0,113.0,6,3,8,2,3,1,0,0
9782,2021-10-16,15:00,6.0,8.0,Romain Poite,0.0,1.0,50.0,50.0,47.0,53.0,48.0,52.0,53.0,47.0,48.0,52.0,5.0,9.0,4.0,8.0,1.0,1.0,0.0,0.0,17.0,17.0,13.0,12.0,3.0,0.0,3.0,4.0,2.0,1.0,15.0,10.0,2,2,0,0,131.0,76.0,3.0,1.0,11.0,11.0,26.0,28.0,78.0,165.0,1,6,3,9,2,8,1,0
9783,2021-10-16,15:00,38.0,20.0,Maxime Chalon,6.0,2.0,50.0,50.0,69.0,31.0,60.0,40.0,29.0,71.0,65.0,35.0,5.0,7.0,3.0,6.0,2.0,0.0,0.0,1.0,15.0,15.0,14.0,12.0,0.0,1.0,4.0,1.0,0.0,2.0,14.0,8.0,0,1,0,0,83.0,126.0,2.0,1.0,18.0,27.0,22.0,23.0,145.0,118.0,9,2,13,5,4,5,1,0
9784,2021-10-16,15:00,33.0,37.0,Mathieu Raynal,3.0,4.0,50.0,50.0,40.0,60.0,42.0,58.0,61.0,39.0,42.0,58.0,11.0,3.0,6.0,0.0,1.0,1.0,4.0,2.0,11.0,14.0,9.0,14.0,0.0,1.0,0.0,4.0,4.0,3.0,13.0,12.0,0,0,0,0,88.0,73.0,2.0,0.0,23.0,19.0,13.0,13.0,103.0,103.0,6,7,7,6,3,5,1,0
9785,2021-10-16,15:00,22.0,23.0,Laurent Cardona,1.0,2.0,50.0,50.0,56.0,44.0,64.0,36.0,45.0,55.0,56.0,44.0,6.0,4.0,3.0,3.0,1.0,0.0,2.0,1.0,19.0,10.0,12.0,10.0,0.0,6.0,3.0,3.0,4.0,3.0,14.0,10.0,0,1,0,0,94.0,98.0,8.0,6.0,17.0,7.0,24.0,30.0,112.0,124.0,3,4,5,4,1,4,1,0
9786,2021-10-16,17:00,20.0,22.0,Sebastien Minery,1.0,1.0,50.0,50.0,50.0,50.0,38.0,62.0,45.0,55.0,51.0,49.0,9.0,2.0,7.0,2.0,1.0,0.0,1.0,0.0,15.0,10.0,12.0,8.0,0.0,2.0,1.0,6.0,5.0,5.0,12.0,13.0,1,1,0,0,161.0,102.0,3.0,1.0,15.0,11.0,22.0,27.0,147.0,160.0,1,3,11,9,2,5,1,0
9787,2021-10-16,21:05,20.0,27.0,Vincent Blasco Baque,2.0,2.0,50.0,50.0,52.0,48.0,62.0,38.0,48.0,52.0,53.0,47.0,10.0,6.0,6.0,5.0,2.0,0.0,2.0,1.0,10.0,12.0,9.0,8.0,4.0,0.0,3.0,5.0,2.0,5.0,9.0,11.0,1,1,0,0,113.0,132.0,2.0,3.0,15.0,27.0,19.0,24.0,159.0,131.0,6,2,13,5,2,1,1,0
9788,2021-10-17,21:05,25.0,19.0,Luc Ramos,3.0,1.0,50.0,50.0,49.0,51.0,58.0,42.0,51.0,49.0,48.0,52.0,4.0,8.0,3.0,5.0,0.0,1.0,1.0,2.0,12.0,15.0,10.0,12.0,2.0,0.0,4.0,1.0,2.0,4.0,10.0,9.0,1,0,0,0,162.0,148.0,8.0,2.0,10.0,27.0,29.0,19.0,119.0,176.0,3,2,8,10,8,6,0,1
9789,2021-10-23,15:00,42.0,20.0,Ludovic Cayre,5.0,2.0,50.0,50.0,52.0,48.0,45.0,55.0,48.0,52.0,52.0,48.0,6.0,4.0,5.0,3.0,0.0,0.0,1.0,1.0,16.0,15.0,14.0,10.0,2.0,1.0,4.0,2.0,3.0,2.0,8.0,13.0,0,1,0,0,121.0,140.0,5.0,8.0,15.0,20.0,17.0,16.0,160.0,118.0,5,1,8,6,4,3,1,0
9790,2021-10-23,15:00,37.0,9.0,Luc Ramos,5.0,0.0,50.0,50.0,49.0,51.0,84.0,16.0,49.0,51.0,50.0,50.0,8.0,6.0,7.0,6.0,0.0,0.0,1.0,0.0,12.0,9.0,10.0,7.0,1.0,1.0,3.0,4.0,2.0,3.0,14.0,15.0,1,2,0,0,70.0,121.0,2.0,5.0,16.0,15.0,24.0,17.0,129.0,95.0,6,0,14,4,6,3,1,0
9791,2021-10-23,15:00,39.0,13.0,Benoit Rousselet,4.0,1.0,50.0,50.0,57.0,43.0,60.0,40.0,44.0,56.0,54.0,46.0,7.0,9.0,5.0,7.0,1.0,0.0,1.0,2.0,20.0,11.0,16.0,7.0,3.0,2.0,3.0,4.0,2.0,2.0,11.0,17.0,0,2,0,0,93.0,111.0,4.0,3.0,10.0,33.0,17.0,21.0,161.0,90.0,5,3,10,7,2,3,1,0
9792,2021-10-23,15:00,23.0,18.0,Jonathan Dufort,2.0,2.0,50.0,50.0,40.0,60.0,46.0,54.0,60.0,40.0,41.0,59.0,8.0,3.0,7.0,1.0,0.0,1.0,1.0,1.0,10.0,15.0,8.0,12.0,1.0,0.0,1.0,3.0,3.0,2.0,15.0,12.0,1,1,0,0,118.0,86.0,6.0,2.0,24.0,17.0,27.0,23.0,85.0,119.0,3,1,7,7,3,2,0,1
9793,2021-10-23,17:00,21.0,32.0,Vivien Praderie,2.0,2.0,50.0,50.0,51.0,49.0,54.0,46.0,49.0,51.0,51.0,49.0,6.0,6.0,3.0,4.0,3.0,2.0,0.0,0.0,16.0,11.0,11.0,7.0,1.0,4.0,2.0,3.0,0.0,6.0,11.0,9.0,1,1,0,0,117.0,141.0,5.0,3.0,9.0,22.0,17.0,29.0,176.0,84.0,5,3,5,2,1,2,0,0
9794,2021-10-23,21:00,41.0,0.0,Mathieu Raynal,5.0,0.0,50.0,50.0,45.0,55.0,53.0,47.0,56.0,44.0,45.0,55.0,8.0,7.0,7.0,6.0,0.0,1.0,1.0,0.0,10.0,14.0,8.0,12.0,0.0,1.0,2.0,3.0,2.0,0.0,6.0,13.0,0,1,0,0,132.0,91.0,0.0,1.0,11.0,27.0,27.0,23.0,108.0,86.0,7,1,14,3,3,3,1,0
9795,2021-10-24,21:05,39.0,6.0,Pierre Brousset,5.0,0.0,50.0,50.0,53.0,47.0,55.0,45.0,47.0,53.0,55.0,45.0,7.0,7.0,4.0,5.0,2.0,2.0,1.0,0.0,14.0,9.0,10.0,4.0,2.0,2.0,5.0,2.0,2.0,2.0,12.0,12.0,0,1,0,0,113.0,100.0,4.0,5.0,12.0,30.0,22.0,21.0,127.0,116.0,7,8,13,7,1,2,1,0
9796,2021-10-30,15:00,23.0,22.0,Adrien Marbot,2.0,1.0,50.0,50.0,72.0,28.0,64.0,36.0,26.0,74.0,69.0,31.0,7.0,14.0,5.0,7.0,1.0,4.0,1.0,3.0,19.0,8.0,13.0,5.0,0.0,1.0,6.0,1.0,3.0,5.0,12.0,13.0,0,2,0,0,59.0,111.0,2.0,0.0,8.0,16.0,13.0,20.0,130.0,53.0,3,3,1,4,5,3,0,1
9797,2021-10-30,15:00,13.0,9.0,Laurent Cardona,1.0,0.0,50.0,50.0,57.0,43.0,65.0,35.0,44.0,56.0,57.0,43.0,8.0,6.0,7.0,3.0,1.0,2.0,0.0,1.0,18.0,13.0,14.0,10.0,1.0,2.0,3.0,3.0,2.0,3.0,9.0,17.0,0,1,0,0,70.0,64.0,7.0,4.0,14.0,9.0,36.0,33.0,44.0,86.0,2,2,7,7,3,3,0,1
9798,2021-10-30,15:00,18.0,9.0,Maxime Chalon,0.0,0.0,50.0,50.0,59.0,41.0,55.0,45.0,41.0,59.0,64.0,36.0,6.0,8.0,4.0,5.0,2.0,2.0,0.0,1.0,11.0,14.0,9.0,12.0,0.0,1.0,5.0,0.0,6.0,3.0,9.0,12.0,0,1,0,0,68.0,135.0,5.0,4.0,7.0,19.0,41.0,34.0,130.0,74.0,4,1,7,7,5,5,0,0
9799,2021-10-30,15:00,22.0,13.0,Vincent Blasco Baque,3.0,2.0,50.0,50.0,36.0,64.0,31.0,69.0,64.0,36.0,35.0,65.0,10.0,3.0,8.0,2.0,0.0,0.0,2.0,1.0,14.0,12.0,10.0,10.0,1.0,1.0,2.0,4.0,1.0,1.0,8.0,16.0,0,1,0,0,149.0,50.0,1.0,1.0,33.0,12.0,21.0,11.0,79.0,219.0,3,9,7,13,7,0,0,0
9800,2021-10-30,17:00,30.0,8.0,Romain Poite,1.0,1.0,50.0,50.0,51.0,49.0,67.0,33.0,50.0,50.0,51.0,49.0,10.0,7.0,8.0,7.0,0.0,0.0,2.0,0.0,18.0,15.0,13.0,8.0,3.0,4.0,2.0,2.0,3.0,1.0,15.0,18.0,2,4,0,0,122.0,88.0,4.0,3.0,22.0,17.0,40.0,28.0,78.0,109.0,2,3,6,5,5,6,0,0
9801,2021-10-30,21:05,25.0,9.0,Jonathan Dufort,3.0,0.0,50.0,50.0,59.0,41.0,60.0,40.0,41.0,59.0,61.0,39.0,4.0,6.0,3.0,6.0,0.0,0.0,1.0,0.0,22.0,17.0,18.0,13.0,4.0,1.0,3.0,2.0,1.0,3.0,14.0,14.0,0,1,0,0,67.0,141.0,7.0,5.0,9.0,14.0,30.0,29.0,104.0,92.0,5,0,3,1,6,8,1,0
9802,2021-10-31,21:05,27.0,18.0,Ludovic Cayre,3.0,2.0,50.0,50.0,50.0,50.0,53.0,47.0,49.0,51.0,49.0,51.0,4.0,5.0,4.0,4.0,0.0,0.0,0.0,1.0,20.0,16.0,15.0,13.0,0.0,2.0,3.0,3.0,2.0,2.0,9.0,13.0,1,0,0,0,119.0,74.0,1.0,0.0,21.0,20.0,25.0,22.0,108.0,162.0,5,8,8,11,7,1,0,0
9803,2021-11-05,21:00,26.0,3.0,Adrien Descottes,2.0,0.0,50.0,50.0,59.0,41.0,78.0,22.0,41.0,59.0,59.0,41.0,9.0,5.0,6.0,4.0,2.0,1.0,1.0,0.0,17.0,15.0,12.0,15.0,0.0,3.0,1.0,2.0,4.0,1.0,12.0,16.0,1,2,0,0,70.0,116.0,3.0,7.0,3.0,24.0,19.0,22.0,155.0,96.0,9,0,8,2,7,5,0,0
9804,2021-11-06,14:45,30.0,23.0,Sebastien Minery,2.0,2.0,50.0,50.0,37.0,63.0,33.0,67.0,63.0,37.0,35.0,65.0,1.0,17.0,1.0,9.0,0.0,3.0,0.0,5.0,11.0,18.0,10.0,11.0,6.0,0.0,3.0,1.0,6.0,3.0,12.0,10.0,0,1,0,0,103.0,56.0,6.0,1.0,18.0,14.0,34.0,29.0,65.0,87.0,6,3,3,3,3,0,0,1
9805,2021-11-06,14:45,33.0,21.0,Mathieu Raynal,3.0,3.0,50.0,50.0,47.0,53.0,56.0,44.0,53.0,47.0,48.0,52.0,7.0,4.0,6.0,3.0,0.0,1.0,1.0,0.0,19.0,10.0,17.0,8.0,0.0,0.0,2.0,3.0,3.0,0.0,6.0,18.0,0,1,0,0,127.0,90.0,6.0,1.0,28.0,16.0,21.0,16.0,87.0,149.0,5,5,8,19,4,3,0,0
9806,2021-11-06,14:45,27.0,31.0,Pierre Baptiste Nuchy,4.0,1.0,50.0,50.0,49.0,51.0,54.0,46.0,50.0,50.0,49.0,51.0,7.0,3.0,5.0,2.0,0.0,0.0,2.0,1.0,10.0,14.0,7.0,10.0,4.0,0.0,1.0,1.0,1.0,7.0,14.0,7.0,1,0,0,0,124.0,133.0,1.0,0.0,14.0,14.0,22.0,31.0,132.0,105.0,5,4,5,14,2,3,2,0
9807,2021-11-06,14:45,37.0,15.0,Maxime Chalon,5.0,2.0,50.0,50.0,68.0,32.0,63.0,37.0,30.0,70.0,65.0,35.0,6.0,7.0,6.0,3.0,0.0,3.0,0.0,1.0,17.0,16.0,14.0,11.0,2.0,2.0,5.0,2.0,2.0,1.0,8.0,16.0,0,0,0,0,72.0,140.0,1.0,12.0,18.0,34.0,20.0,23.0,159.0,94.0,4,3,13,11,3,4,1,0
9808,2021-11-06,17:00,12.0,10.0,Cedric Marchat,0.0,1.0,50.0,50.0,53.0,47.0,60.0,40.0,46.0,54.0,54.0,46.0,3.0,10.0,2.0,8.0,1.0,0.0,0.0,2.0,15.0,10.0,13.0,8.0,1.0,0.0,4.0,0.0,4.0,1.0,13.0,13.0,1,2,0,0,129.0,101.0,5.0,6.0,33.0,15.0,24.0,24.0,112.0,157.0,2,3,12,12,5,2,0,1
9809,2021-11-07,21:05,31.0,16.0,Vivien Praderie,4.0,1.0,50.0,50.0,55.0,45.0,71.0,29.0,45.0,55.0,55.0,45.0,6.0,6.0,4.0,4.0,1.0,1.0,1.0,1.0,22.0,11.0,21.0,10.0,1.0,0.0,4.0,2.0,3.0,3.0,8.0,19.0,0,2,0,0,86.0,141.0,5.0,1.0,12.0,26.0,29.0,29.0,143.0,79.0,3,1,6,4,0,2,1,0
9810,2021-11-27,15:00,17.0,14.0,Romain Poite,2.0,1.0,50.0,50.0,51.0,49.0,50.0,50.0,48.0,52.0,52.0,48.0,12.0,2.0,8.0,2.0,1.0,0.0,3.0,0.0,15.0,13.0,11.0,7.0,3.0,1.0,0.0,3.0,1.0,3.0,11.0,11.0,0,0,0,0,86.0,136.0,2.0,4.0,8.0,20.0,33.0,33.0,128.0,72.0,3,0,4,0,5,8,0,1
9811,2021-11-27,15:00,25.0,24.0,Ludovic Cayre,3.0,4.0,50.0,50.0,33.0,67.0,49.0,51.0,68.0,32.0,35.0,65.0,11.0,5.0,8.0,3.0,1.0,0.0,2.0,2.0,11.0,12.0,10.0,8.0,2.0,0.0,3.0,5.0,2.0,0.0,9.0,13.0,1,0,0,0,161.0,98.0,1.0,2.0,22.0,8.0,28.0,12.0,55.0,153.0,2,3,3,11,7,3,0,1
9812,2021-11-27,15:00,36.0,8.0,Benoit Rousselet,5.0,1.0,50.0,50.0,59.0,41.0,60.0,40.0,42.0,58.0,58.0,42.0,5.0,9.0,4.0,8.0,0.0,0.0,1.0,1.0,14.0,9.0,12.0,9.0,0.0,1.0,7.0,2.0,1.0,1.0,12.0,10.0,1,1,0,0,116.0,155.0,1.0,4.0,16.0,23.0,18.0,17.0,213.0,153.0,12,5,12,13,2,2,1,0
9813,2021-11-27,15:00,26.0,24.0,Luc Ramos,2.0,3.0,50.0,50.0,44.0,56.0,38.0,62.0,56.0,44.0,44.0,56.0,8.0,4.0,6.0,3.0,1.0,1.0,1.0,0.0,11.0,14.0,11.0,10.0,3.0,0.0,3.0,2.0,4.0,3.0,14.0,9.0,1,1,0,0,101.0,108.0,0.0,4.0,17.0,26.0,20.0,17.0,119.0,106.0,4,2,8,3,3,5,0,1
9814,2021-11-27,17:00,19.0,13.0,Adrien Marbot,1.0,1.0,50.0,50.0,48.0,52.0,53.0,47.0,51.0,49.0,49.0,51.0,11.0,10.0,8.0,8.0,0.0,0.0,3.0,2.0,14.0,11.0,10.0,10.0,1.0,2.0,5.0,5.0,4.0,2.0,7.0,12.0,0,0,0,0,91.0,84.0,2.0,4.0,17.0,17.0,33.0,29.0,112.0,97.0,4,5,11,5,7,6,0,1
9815,2021-11-27,21:05,18.0,11.0,Laurent Cardona,0.0,1.0,50.0,50.0,70.0,30.0,87.0,13.0,31.0,69.0,75.0,25.0,2.0,3.0,1.0,3.0,1.0,0.0,0.0,0.0,25.0,13.0,11.0,10.0,1.0,8.0,1.0,0.0,6.0,2.0,8.0,22.0,0,1,0,1,66.0,124.0,3.0,2.0,8.0,25.0,22.0,33.0,157.0,61.0,3,0,23,3,5,5,0,1
9816,2021-11-28,21:05,14.0,37.0,Thomas Charabas,2.0,5.0,50.0,50.0,48.0,52.0,65.0,35.0,52.0,48.0,48.0,52.0,4.0,10.0,4.0,7.0,0.0,1.0,0.0,2.0,14.0,12.0,11.0,9.0,1.0,1.0,5.0,1.0,0.0,2.0,7.0,6.0,0,0,0,0,122.0,103.0,4.0,7.0,37.0,41.0,20.0,28.0,138.0,180.0,6,10,11,15,3,7,0,1
9817,2021-12-04,15:00,39.0,11.0,Tual Trainini,6.0,1.0,50.0,50.0,61.0,39.0,71.0,29.0,39.0,61.0,61.0,39.0,6.0,10.0,6.0,7.0,0.0,2.0,0.0,1.0,18.0,15.0,16.0,6.0,4.0,1.0,6.0,2.0,1.0,2.0,12.0,16.0,0,0,0,0,111.0,138.0,10.0,4.0,25.0,20.0,18.0,18.0,125.0,133.0,4,1,6,8,3,3,1,0
9818,2021-12-04,15:00,25.0,3.0,Jonathan Dufort,3.0,0.0,50.0,50.0,51.0,49.0,54.0,46.0,48.0,52.0,51.0,49.0,8.0,7.0,5.0,6.0,2.0,0.0,1.0,1.0,19.0,15.0,13.0,14.0,0.0,3.0,3.0,5.0,1.0,1.0,14.0,11.0,1,1,0,0,134.0,85.0,4.0,5.0,12.0,21.0,38.0,37.0,82.0,106.0,3,1,3,3,4,1,1,0
9819,2021-12-04,15:00,41.0,0.0,Jonathan Gasnier,5.0,0.0,50.0,50.0,55.0,45.0,55.0,45.0,45.0,55.0,58.0,42.0,3.0,9.0,3.0,6.0,0.0,3.0,0.0,0.0,14.0,11.0,9.0,8.0,2.0,1.0,5.0,3.0,2.0,0.0,8.0,11.0,0,1,1,0,90.0,142.0,5.0,5.0,12.0,39.0,34.0,30.0,218.0,131.0,7,1,24,4,1,3,1,0
9820,2021-12-04,15:00,30.0,6.0,Sebastien Minery,3.0,0.0,50.0,50.0,55.0,45.0,64.0,36.0,44.0,56.0,55.0,45.0,9.0,8.0,8.0,7.0,0.0,1.0,1.0,0.0,22.0,9.0,19.0,6.0,1.0,0.0,4.0,3.0,3.0,2.0,6.0,12.0,1,3,0,0,84.0,111.0,3.0,2.0,21.0,25.0,26.0,18.0,156.0,95.0,5,3,14,6,5,4,1,0
9821,2021-12-04,17:00,16.0,16.0,Adrien Descottes,1.0,1.0,50.0,50.0,58.0,42.0,59.0,41.0,43.0,57.0,60.0,40.0,9.0,9.0,9.0,7.0,0.0,1.0,0.0,1.0,16.0,13.0,13.0,11.0,0.0,1.0,3.0,3.0,3.0,3.0,8.0,11.0,0,2,0,0,55.0,99.0,5.0,2.0,5.0,14.0,40.0,44.0,94.0,55.0,2,1,10,7,1,4,0,0
9822,2021-12-04,21:05,17.0,7.0,Mathieu Raynal,1.0,1.0,50.0,50.0,50.0,50.0,56.0,44.0,51.0,49.0,50.0,50.0,9.0,14.0,8.0,10.0,0.0,2.0,1.0,2.0,13.0,14.0,11.0,10.0,1.0,1.0,8.0,3.0,4.0,0.0,5.0,10.0,0,0,0,0,114.0,78.0,3.0,2.0,21.0,12.0,30.0,21.0,93.0,154.0,3,2,3,12,6,2,0,0
9823,2021-12-05,21:05,25.0,20.0,Pierre Brousset,3.0,3.0,50.0,50.0,55.0,45.0,45.0,55.0,46.0,54.0,53.0,47.0,10.0,10.0,8.0,6.0,1.0,3.0,1.0,1.0,9.0,13.0,7.0,9.0,1.0,1.0,4.0,3.0,2.0,1.0,8.0,13.0,0,1,0,0,80.0,121.0,3.0,3.0,6.0,21.0,19.0,18.0,97.0,79.0,4,3,5,5,3,4,0,1
9824,2021-12-26,18:00,19.0,20.0,Romain Poite,1.0,2.0,50.0,50.0,47.0,53.0,27.0,73.0,51.0,49.0,47.0,53.0,10.0,5.0,5.0,4.0,2.0,0.0,3.0,1.0,12.0,10.0,9.0,7.0,2.0,3.0,1.0,2.0,4.0,2.0,8.0,11.0,0,0,0,0,119.0,119.0,4.0,5.0,11.0,20.0,26.0,29.0,118.0,97.0,2,3,8,10,1,5,1,0
9825,2021-12-27,19:00,12.0,27.0,Adrien Marbot,0.0,3.0,50.0,50.0,57.0,43.0,46.0,54.0,43.0,57.0,57.0,43.0,2.0,6.0,2.0,6.0,0.0,0.0,0.0,0.0,21.0,13.0,16.0,13.0,0.0,3.0,5.0,2.0,4.0,2.0,11.0,19.0,1,0,0,2,89.0,146.0,3.0,11.0,11.0,14.0,13.0,24.0,145.0,79.0,2,4,4,11,7,4,0,1
9826,2021-12-27,21:05,25.0,3.0,Cedric Marchat,3.0,0.0,50.0,50.0,67.0,33.0,73.0,27.0,32.0,68.0,64.0,36.0,9.0,9.0,9.0,5.0,0.0,3.0,0.0,1.0,12.0,13.0,7.0,10.0,1.0,3.0,5.0,4.0,2.0,1.0,6.0,13.0,0,1,0,0,78.0,107.0,1.0,2.0,13.0,8.0,26.0,25.0,59.0,42.0,2,1,1,5,3,2,1,0
9827,2022-02-11,21:00,28.0,29.0,Adrien Descottes,3.0,2.0,50.0,50.0,49.0,51.0,53.0,47.0,52.0,48.0,49.0,51.0,2.0,6.0,2.0,3.0,0.0,2.0,0.0,1.0,21.0,10.0,18.0,7.0,2.0,2.0,2.0,2.0,3.0,5.0,9.0,10.0,1,1,0,0,122.0,112.0,5.0,4.0,18.0,13.0,31.0,32.0,116.0,115.0,1,3,5,7,3,4,1,0
9828,2022-02-12,14:15,35.0,29.0,Vincent Blasco Baque,2.0,5.0,50.0,50.0,49.0,51.0,56.0,44.0,49.0,51.0,50.0,50.0,11.0,3.0,7.0,3.0,0.0,0.0,4.0,0.0,12.0,15.0,10.0,9.0,6.0,0.0,3.0,5.0,7.0,0.0,2.0,15.0,0,0,0,0,62.0,107.0,0.0,4.0,20.0,11.0,24.0,23.0,122.0,97.0,4,7,10,5,1,1,0,2
9829,2022-02-12,15:00,27.0,20.0,Mathieu Raynal,3.0,2.0,50.0,50.0,40.0,60.0,47.0,53.0,60.0,40.0,42.0,58.0,4.0,8.0,3.0,7.0,1.0,1.0,0.0,0.0,12.0,15.0,10.0,11.0,3.0,0.0,4.0,4.0,2.0,2.0,11.0,12.0,0,0,0,0,148.0,99.0,8.0,7.0,39.0,22.0,25.0,21.0,105.0,189.0,5,6,17,9,3,2,0,1
9830,2022-02-12,21:05,21.0,18.0,Vivien Praderie,2.0,2.0,50.0,50.0,49.0,51.0,53.0,47.0,50.0,50.0,48.0,52.0,7.0,7.0,4.0,5.0,2.0,1.0,1.0,1.0,20.0,16.0,8.0,12.0,2.0,4.0,2.0,4.0,3.0,2.0,10.0,14.0,0,2,1,1,141.0,124.0,4.0,3.0,27.0,22.0,25.0,22.0,90.0,129.0,2,5,3,1,4,4,0,1
9831,2022-01-01,19:00,27.0,17.0,Ludovic Cayre,2.0,2.0,50.0,50.0,52.0,48.0,57.0,43.0,48.0,52.0,52.0,48.0,9.0,4.0,7.0,4.0,0.0,0.0,2.0,0.0,12.0,13.0,10.0,11.0,1.0,2.0,3.0,4.0,4.0,1.0,9.0,11.0,0,1,0,0,118.0,108.0,2.0,2.0,14.0,21.0,24.0,26.0,118.0,106.0,5,4,6,8,6,2,0,0
9832,2022-01-01,21:05,16.0,13.0,Jonathan Dufort,1.0,1.0,50.0,50.0,54.0,46.0,40.0,60.0,46.0,54.0,53.0,47.0,10.0,10.0,8.0,7.0,0.0,0.0,2.0,3.0,11.0,14.0,10.0,11.0,3.0,1.0,5.0,5.0,2.0,2.0,12.0,9.0,0,0,0,0,132.0,123.0,7.0,8.0,19.0,28.0,31.0,25.0,136.0,154.0,2,5,6,11,6,6,0,1
9833,2022-01-02,14:00,43.0,20.0,Tual Trainini,4.0,2.0,50.0,50.0,63.0,37.0,69.0,31.0,34.0,66.0,60.0,40.0,10.0,9.0,8.0,7.0,0.0,2.0,2.0,0.0,13.0,11.0,9.0,8.0,1.0,2.0,5.0,5.0,5.0,2.0,10.0,17.0,1,2,0,0,78.0,122.0,1.0,5.0,14.0,13.0,15.0,14.0,112.0,118.0,4,4,2,12,5,3,0,0
9834,2022-01-02,16:00,30.0,27.0,Maxime Chalon,4.0,3.0,50.0,50.0,50.0,50.0,45.0,55.0,50.0,50.0,50.0,50.0,5.0,3.0,4.0,2.0,1.0,1.0,0.0,0.0,12.0,18.0,9.0,15.0,1.0,1.0,1.0,1.0,1.0,2.0,18.0,8.0,2,1,0,0,123.0,103.0,0.0,6.0,19.0,21.0,26.0,24.0,114.0,144.0,5,2,13,6,2,4,0,1
9835,2022-01-02,18:00,31.0,30.0,Thomas Charabas,4.0,3.0,50.0,50.0,48.0,52.0,28.0,72.0,52.0,48.0,47.0,53.0,5.0,6.0,2.0,4.0,2.0,1.0,1.0,1.0,9.0,11.0,8.0,7.0,3.0,1.0,3.0,1.0,1.0,3.0,15.0,7.0,0,1,0,0,114.0,74.0,3.0,2.0,23.0,12.0,25.0,29.0,71.0,124.0,1,6,2,12,2,3,0,1
9836,2022-01-02,21:05,37.0,35.0,Vivien Praderie,4.0,2.0,50.0,50.0,55.0,45.0,63.0,37.0,44.0,56.0,55.0,45.0,6.0,4.0,3.0,4.0,2.0,0.0,1.0,0.0,11.0,9.0,7.0,7.0,1.0,2.0,3.0,4.0,5.0,7.0,10.0,9.0,0,0,0,0,112.0,117.0,4.0,8.0,15.0,30.0,26.0,26.0,120.0,122.0,5,4,13,5,1,3,0,1
9837,2022-03-12,21:05,18.0,16.0,Laurent Cardona,0.0,0.0,50.0,50.0,45.0,55.0,51.0,49.0,56.0,44.0,46.0,54.0,11.0,5.0,5.0,3.0,4.0,1.0,2.0,1.0,7.0,16.0,6.0,13.0,2.0,0.0,3.0,6.0,6.0,3.0,16.0,11.0,1,1,0,0,110.0,111.0,7.0,3.0,9.0,10.0,38.0,36.0,46.0,74.0,1,2,2,7,1,1,0,1
9838,2022-01-08,15:00,15.0,9.0,Mathieu Raynal,0.0,0.0,50.0,50.0,58.0,42.0,63.0,37.0,44.0,56.0,58.0,42.0,4.0,13.0,2.0,6.0,1.0,3.0,1.0,4.0,17.0,10.0,9.0,7.0,1.0,4.0,4.0,1.0,4.0,3.0,10.0,11.0,1,1,0,0,95.0,83.0,7.0,4.0,13.0,17.0,35.0,38.0,62.0,98.0,4,0,8,3,2,3,0,1
9839,2022-01-08,17:00,23.0,25.0,Adrien Descottes,2.0,3.0,50.0,50.0,58.0,42.0,51.0,49.0,42.0,58.0,55.0,45.0,4.0,9.0,3.0,7.0,1.0,0.0,0.0,2.0,19.0,7.0,15.0,4.0,0.0,2.0,2.0,2.0,3.0,2.0,11.0,20.0,1,2,0,0,81.0,123.0,2.0,1.0,10.0,31.0,11.0,16.0,137.0,70.0,2,3,12,4,5,6,1,0
9840,2022-01-08,17:00,19.0,22.0,Pierre Brousset,2.0,1.0,50.0,50.0,51.0,49.0,42.0,58.0,49.0,51.0,51.0,49.0,9.0,13.0,5.0,10.0,4.0,0.0,0.0,3.0,8.0,12.0,6.0,6.0,4.0,1.0,5.0,4.0,3.0,5.0,9.0,8.0,0,0,0,0,82.0,70.0,1.0,5.0,12.0,8.0,23.0,28.0,86.0,60.0,5,2,6,2,1,3,1,0
9841,2022-01-08,17:00,35.0,10.0,Pierre Baptiste Nuchy,5.0,1.0,50.0,50.0,57.0,43.0,65.0,35.0,43.0,57.0,55.0,45.0,8.0,9.0,4.0,5.0,2.0,3.0,2.0,1.0,20.0,15.0,17.0,13.0,2.0,2.0,7.0,4.0,0.0,1.0,14.0,13.0,0,0,0,0,77.0,108.0,4.0,4.0,16.0,32.0,21.0,16.0,134.0,101.0,4,2,8,8,5,2,1,0
9842,2022-01-08,21:05,33.0,28.0,Tual Trainini,4.0,3.0,50.0,50.0,52.0,48.0,68.0,32.0,48.0,52.0,54.0,46.0,4.0,9.0,2.0,7.0,2.0,2.0,0.0,0.0,19.0,8.0,15.0,7.0,1.0,2.0,4.0,4.0,3.0,3.0,8.0,14.0,0,1,0,0,117.0,97.0,6.0,6.0,24.0,17.0,22.0,23.0,119.0,138.0,3,4,8,5,3,2,0,1
9843,2022-03-19,17:15,41.0,11.0,Ludovic Cayre,4.0,1.0,50.0,50.0,46.0,54.0,59.0,41.0,57.0,43.0,47.0,53.0,10.0,2.0,8.0,2.0,1.0,0.0,1.0,0.0,11.0,18.0,10.0,17.0,0.0,1.0,1.0,4.0,5.0,2.0,8.0,14.0,0,1,0,0,104.0,82.0,5.0,2.0,18.0,36.0,30.0,20.0,106.0,125.0,9,1,5,3,5,3,1,0
9844,2022-03-20,21:05,35.0,10.0,Mathieu Raynal,5.0,1.0,50.0,50.0,34.0,66.0,34.0,66.0,66.0,34.0,34.0,66.0,4.0,11.0,4.0,10.0,0.0,0.0,0.0,1.0,15.0,7.0,14.0,3.0,1.0,0.0,7.0,2.0,2.0,1.0,7.0,7.0,0,0,0,0,106.0,181.0,1.0,1.0,14.0,25.0,20.0,15.0,213.0,118.0,7,3,22,12,8,2,1,0
9845,2022-01-29,15:00,23.0,10.0,Benoit Rousselet,2.0,1.0,50.0,50.0,45.0,55.0,64.0,36.0,53.0,47.0,47.0,53.0,11.0,6.0,11.0,6.0,0.0,0.0,0.0,0.0,12.0,18.0,11.0,10.0,4.0,0.0,4.0,4.0,3.0,1.0,8.0,14.0,1,2,0,0,102.0,141.0,7.0,2.0,19.0,13.0,34.0,28.0,119.0,99.0,1,3,9,6,3,3,0,0
9846,2022-01-29,17:00,33.0,10.0,Ludovic Cayre,4.0,1.0,50.0,50.0,51.0,49.0,52.0,48.0,50.0,50.0,51.0,49.0,6.0,7.0,4.0,4.0,2.0,2.0,0.0,1.0,19.0,14.0,16.0,10.0,0.0,0.0,3.0,3.0,3.0,1.0,15.0,19.0,2,3,1,0,103.0,75.0,4.0,3.0,15.0,17.0,17.0,11.0,74.0,120.0,5,0,5,3,1,2,1,0
9847,2022-01-29,17:00,23.0,29.0,Romain Poite,2.0,4.0,50.0,50.0,48.0,52.0,36.0,64.0,52.0,48.0,48.0,52.0,6.0,5.0,6.0,4.0,0.0,1.0,0.0,0.0,13.0,11.0,9.0,11.0,0.0,1.0,3.0,2.0,3.0,0.0,11.0,10.0,0,0,0,0,146.0,180.0,10.0,3.0,11.0,17.0,27.0,31.0,205.0,79.0,2,3,7,7,3,2,1,0
9848,2022-01-29,17:00,23.0,28.0,Pierre Brousset,2.0,3.0,50.0,50.0,46.0,54.0,46.0,54.0,53.0,47.0,47.0,53.0,12.0,5.0,8.0,4.0,2.0,1.0,2.0,0.0,13.0,16.0,12.0,13.0,1.0,0.0,1.0,7.0,3.0,2.0,11.0,13.0,1,2,0,0,125.0,88.0,1.0,2.0,31.0,18.0,17.0,16.0,100.0,98.0,0,3,5,9,0,3,1,0
9849,2022-01-29,21:05,15.0,20.0,Luc Ramos,2.0,1.0,50.0,50.0,41.0,59.0,37.0,63.0,58.0,42.0,40.0,60.0,10.0,5.0,7.0,5.0,1.0,0.0,2.0,0.0,12.0,13.0,8.0,13.0,0.0,3.0,4.0,7.0,1.0,5.0,13.0,8.0,0,0,0,0,95.0,78.0,0.0,3.0,6.0,21.0,35.0,40.0,102.0,133.0,3,0,13,8,3,3,1,0
9850,2022-01-30,18:00,28.0,20.0,Laurent Cardona,3.0,2.0,50.0,50.0,48.0,52.0,53.0,47.0,53.0,47.0,49.0,51.0,7.0,5.0,5.0,3.0,1.0,0.0,1.0,2.0,10.0,19.0,7.0,16.0,1.0,2.0,3.0,3.0,3.0,2.0,13.0,12.0,1,2,0,0,103.0,140.0,1.0,6.0,20.0,20.0,26.0,17.0,155.0,135.0,2,3,21,3,5,3,0,0
9851,2022-01-30,21:05,26.0,24.0,Sebastien Minery,2.0,3.0,50.0,50.0,48.0,52.0,46.0,54.0,53.0,47.0,47.0,53.0,4.0,13.0,2.0,8.0,1.0,2.0,1.0,3.0,13.0,16.0,12.0,12.0,2.0,0.0,6.0,1.0,4.0,1.0,12.0,11.0,1,0,0,0,95.0,156.0,0.0,6.0,14.0,21.0,25.0,23.0,158.0,75.0,4,2,6,6,3,2,0,1
9852,2022-02-05,15:00,36.0,13.0,Maxime Chalon,5.0,2.0,50.0,50.0,45.0,55.0,61.0,39.0,57.0,43.0,47.0,53.0,5.0,7.0,4.0,3.0,1.0,3.0,0.0,1.0,14.0,8.0,13.0,6.0,2.0,1.0,4.0,3.0,1.0,1.0,7.0,13.0,0,2,0,0,115.0,106.0,0.0,1.0,19.0,23.0,16.0,15.0,131.0,158.0,3,2,13,17,4,2,1,0
9853,2022-02-05,17:00,26.0,22.0,Tual Trainini,1.0,1.0,50.0,50.0,49.0,51.0,82.0,18.0,51.0,49.0,48.0,52.0,7.0,4.0,4.0,4.0,2.0,0.0,1.0,0.0,16.0,8.0,14.0,7.0,1.0,2.0,3.0,5.0,7.0,5.0,11.0,16.0,0,2,0,0,134.0,103.0,6.0,5.0,23.0,17.0,32.0,33.0,107.0,120.0,3,3,7,3,5,3,0,1
9854,2022-02-05,17:00,29.0,12.0,Jonathan Dufort,4.0,0.0,50.0,50.0,46.0,54.0,49.0,51.0,54.0,46.0,46.0,54.0,10.0,8.0,7.0,4.0,1.0,1.0,2.0,3.0,14.0,9.0,12.0,8.0,1.0,1.0,1.0,5.0,1.0,4.0,10.0,13.0,1,1,0,0,153.0,102.0,3.0,6.0,24.0,12.0,24.0,18.0,79.0,146.0,3,5,9,5,4,5,1,0
9855,2022-02-05,17:00,57.0,19.0,Thomas Charabas,8.0,3.0,50.0,50.0,54.0,46.0,66.0,34.0,45.0,55.0,56.0,44.0,2.0,12.0,2.0,8.0,0.0,0.0,0.0,4.0,9.0,17.0,9.0,12.0,2.0,0.0,5.0,0.0,1.0,0.0,6.0,8.0,0,1,0,0,85.0,166.0,1.0,0.0,11.0,36.0,32.0,21.0,198.0,101.0,10,2,13,3,1,2,1,0
9856,2022-02-05,21:05,10.0,22.0,Vincent Blasco Baque,0.0,1.0,50.0,50.0,53.0,47.0,57.0,43.0,47.0,53.0,54.0,46.0,7.0,6.0,6.0,4.0,0.0,2.0,1.0,0.0,16.0,16.0,14.0,14.0,0.0,0.0,2.0,2.0,1.0,4.0,9.0,16.0,0,3,0,0,64.0,128.0,7.0,0.0,13.0,29.0,23.0,35.0,119.0,87.0,4,4,4,6,2,7,0,0
9857,2022-02-06,21:05,27.0,24.0,Pierre Brousset,3.0,2.0,50.0,50.0,54.0,46.0,51.0,49.0,46.0,54.0,53.0,47.0,6.0,7.0,6.0,4.0,0.0,1.0,0.0,2.0,19.0,13.0,19.0,11.0,0.0,0.0,0.0,2.0,2.0,4.0,12.0,17.0,0,3,0,0,82.0,127.0,0.0,0.0,15.0,15.0,24.0,22.0,144.0,70.0,3,1,5,1,5,5,0,1
9858,2022-03-13,21:05,29.0,26.0,Cedric Marchat,1.0,3.0,50.0,50.0,36.0,64.0,21.0,79.0,64.0,36.0,36.0,64.0,14.0,2.0,9.0,2.0,2.0,0.0,3.0,0.0,7.0,15.0,6.0,12.0,0.0,1.0,0.0,3.0,5.0,3.0,11.0,13.0,1,1,0,1,146.0,78.0,8.0,1.0,22.0,21.0,19.0,9.0,88.0,171.0,3,6,3,10,1,0,0,1
9859,2022-02-19,15:00,27.0,22.0,Benoit Rousselet,3.0,3.0,50.0,50.0,52.0,48.0,36.0,64.0,47.0,53.0,52.0,48.0,18.0,2.0,13.0,2.0,0.0,0.0,5.0,0.0,8.0,14.0,8.0,13.0,0.0,0.0,1.0,4.0,2.0,1.0,10.0,8.0,0,0,2,0,133.0,151.0,14.0,8.0,27.0,12.0,21.0,14.0,100.0,157.0,4,3,1,13,4,4,0,1
9860,2022-02-19,17:00,16.0,16.0,Adrien Descottes,1.0,2.0,50.0,50.0,52.0,48.0,36.0,64.0,48.0,52.0,51.0,49.0,11.0,9.0,9.0,7.0,1.0,0.0,1.0,2.0,10.0,15.0,7.0,11.0,1.0,0.0,5.0,6.0,3.0,2.0,12.0,8.0,1,0,0,0,110.0,115.0,2.0,1.0,12.0,15.0,26.0,22.0,129.0,92.0,3,2,18,6,2,1,0,0
9861,2022-02-19,17:00,19.0,17.0,Romain Poite,1.0,2.0,50.0,50.0,63.0,37.0,80.0,20.0,37.0,63.0,61.0,39.0,9.0,7.0,8.0,4.0,0.0,2.0,1.0,1.0,13.0,7.0,12.0,7.0,0.0,1.0,5.0,6.0,4.0,1.0,6.0,17.0,0,1,0,0,104.0,138.0,6.0,1.0,31.0,18.0,19.0,20.0,100.0,115.0,1,4,12,8,5,3,0,1
9862,2022-02-19,17:00,29.0,18.0,Cedric Marchat,4.0,2.0,50.0,50.0,51.0,49.0,52.0,48.0,46.0,54.0,50.0,50.0,10.0,6.0,7.0,6.0,0.0,0.0,3.0,0.0,13.0,10.0,10.0,10.0,0.0,0.0,2.0,5.0,1.0,2.0,9.0,10.0,0,1,0,0,157.0,100.0,7.0,2.0,26.0,15.0,17.0,10.0,99.0,204.0,3,8,4,15,1,3,0,0
9863,2022-02-19,17:00,65.0,19.0,Mathieu Raynal,8.0,3.0,50.0,50.0,55.0,45.0,64.0,36.0,46.0,54.0,53.0,47.0,4.0,8.0,4.0,2.0,0.0,4.0,0.0,2.0,19.0,10.0,18.0,9.0,0.0,0.0,3.0,1.0,1.0,0.0,9.0,20.0,0,0,0,2,80.0,105.0,6.0,7.0,14.0,26.0,17.0,9.0,140.0,87.0,11,2,8,3,5,5,1,0
9864,2022-02-19,21:05,31.0,27.0,Pierre Baptiste Nuchy,4.0,3.0,50.0,50.0,64.0,36.0,73.0,27.0,34.0,66.0,62.0,38.0,2.0,5.0,1.0,4.0,1.0,0.0,0.0,1.0,19.0,12.0,18.0,11.0,0.0,1.0,2.0,1.0,1.0,2.0,10.0,14.0,0,1,0,0,120.0,153.0,3.0,2.0,22.0,13.0,19.0,27.0,147.0,135.0,3,1,15,7,8,2,0,1
9865,2022-02-20,21:05,13.0,16.0,Ludovic Cayre,1.0,1.0,50.0,50.0,56.0,44.0,69.0,31.0,44.0,56.0,55.0,45.0,6.0,7.0,6.0,6.0,0.0,0.0,0.0,1.0,10.0,18.0,7.0,13.0,3.0,1.0,4.0,3.0,2.0,3.0,9.0,8.0,0,0,0,0,84.0,162.0,2.0,3.0,26.0,23.0,29.0,30.0,130.0,120.0,5,5,7,6,3,1,1,0
9866,2022-02-26,17:15,52.0,12.0,Sebastien Minery,7.0,2.0,50.0,50.0,61.0,39.0,63.0,37.0,40.0,60.0,61.0,39.0,11.0,7.0,7.0,3.0,0.0,4.0,4.0,0.0,20.0,12.0,15.0,8.0,1.0,3.0,5.0,1.0,1.0,0.0,8.0,14.0,0,0,0,0,62.0,128.0,3.0,1.0,11.0,19.0,22.0,18.0,146.0,78.0,4,2,8,4,4,4,1,0
9867,2022-02-26,17:15,34.0,15.0,Jonathan Gasnier,5.0,2.0,50.0,50.0,58.0,42.0,53.0,47.0,41.0,59.0,58.0,42.0,8.0,9.0,6.0,7.0,2.0,1.0,0.0,1.0,16.0,12.0,15.0,11.0,0.0,0.0,8.0,3.0,1.0,1.0,8.0,9.0,0,0,0,0,118.0,118.0,8.0,4.0,25.0,26.0,27.0,25.0,154.0,153.0,7,3,10,8,4,4,1,0
9868,2022-02-26,17:15,45.0,25.0,Laurent Cardona,5.0,4.0,50.0,50.0,49.0,51.0,56.0,44.0,51.0,49.0,49.0,51.0,3.0,6.0,1.0,4.0,2.0,2.0,0.0,0.0,14.0,11.0,13.0,7.0,3.0,1.0,3.0,1.0,4.0,1.0,8.0,14.0,1,2,0,0,81.0,88.0,5.0,0.0,14.0,24.0,24.0,26.0,116.0,100.0,10,2,11,11,2,4,0,0
9869,2022-02-26,17:15,16.0,22.0,Tual Trainini,1.0,2.0,50.0,50.0,43.0,57.0,46.0,54.0,56.0,44.0,46.0,54.0,5.0,9.0,4.0,6.0,1.0,0.0,0.0,3.0,13.0,13.0,11.0,12.0,0.0,0.0,4.0,4.0,3.0,4.0,11.0,10.0,0,1,0,0,170.0,95.0,9.0,2.0,21.0,21.0,23.0,26.0,106.0,181.0,3,3,6,10,2,4,1,0
9870,2022-02-26,21:05,17.0,10.0,Ludovic Cayre,1.0,1.0,50.0,50.0,51.0,49.0,33.0,67.0,48.0,52.0,52.0,48.0,8.0,6.0,4.0,3.0,2.0,2.0,2.0,1.0,13.0,16.0,11.0,10.0,4.0,0.0,1.0,4.0,3.0,1.0,9.0,11.0,0,1,0,0,62.0,116.0,1.0,1.0,18.0,30.0,34.0,27.0,123.0,84.0,6,2,11,7,5,4,0,1
9871,2022-02-27,17:30,30.0,3.0,Pierre Brousset,3.0,0.0,50.0,50.0,47.0,53.0,71.0,29.0,52.0,48.0,48.0,52.0,8.0,8.0,4.0,7.0,2.0,1.0,2.0,0.0,15.0,12.0,11.0,9.0,1.0,2.0,4.0,2.0,3.0,1.0,11.0,12.0,0,2,0,0,107.0,95.0,2.0,3.0,10.0,21.0,26.0,28.0,74.0,144.0,3,4,8,5,4,4,1,0
9872,2022-02-27,21:05,12.0,11.0,Thomas Charabas,0.0,1.0,50.0,50.0,56.0,44.0,75.0,25.0,44.0,56.0,55.0,45.0,8.0,10.0,4.0,6.0,2.0,2.0,2.0,2.0,16.0,13.0,11.0,12.0,0.0,1.0,5.0,2.0,4.0,2.0,7.0,15.0,0,0,0,0,102.0,120.0,0.0,1.0,15.0,12.0,18.0,28.0,120.0,137.0,1,2,8,9,4,4,0,1
9873,2022-03-05,15:00,25.0,9.0,Tual Trainini,3.0,0.0,50.0,50.0,42.0,58.0,42.0,58.0,57.0,43.0,40.0,60.0,9.0,7.0,4.0,7.0,3.0,0.0,2.0,0.0,10.0,11.0,7.0,10.0,0.0,2.0,4.0,5.0,2.0,3.0,17.0,8.0,1,0,1,0,156.0,112.0,8.0,3.0,20.0,16.0,30.0,26.0,61.0,133.0,2,2,6,10,6,2,1,0
9874,2022-03-05,17:00,17.0,45.0,Adrien Descottes,2.0,4.0,50.0,50.0,49.0,51.0,43.0,57.0,52.0,48.0,49.0,51.0,4.0,8.0,2.0,5.0,1.0,1.0,1.0,2.0,19.0,13.0,13.0,11.0,0.0,3.0,2.0,1.0,1.0,4.0,16.0,13.0,1,1,0,0,94.0,81.0,0.0,1.0,17.0,24.0,18.0,32.0,109.0,87.0,5,6,12,8,3,6,0,0
9875,2022-03-05,17:00,16.0,23.0,Romain Poite,1.0,3.0,50.0,50.0,50.0,50.0,64.0,36.0,49.0,51.0,51.0,49.0,4.0,7.0,3.0,4.0,1.0,2.0,0.0,1.0,13.0,16.0,11.0,11.0,2.0,1.0,4.0,2.0,2.0,2.0,11.0,10.0,1,0,0,0,133.0,129.0,7.0,3.0,30.0,28.0,19.0,22.0,124.0,166.0,7,5,10,13,1,5,1,0
9876,2022-03-05,17:00,41.0,15.0,Vivien Praderie,6.0,2.0,50.0,50.0,50.0,50.0,59.0,41.0,51.0,49.0,50.0,50.0,11.0,6.0,6.0,4.0,2.0,2.0,3.0,0.0,16.0,14.0,12.0,10.0,2.0,3.0,2.0,3.0,1.0,1.0,10.0,11.0,0,2,0,0,97.0,106.0,4.0,1.0,11.0,23.0,20.0,17.0,137.0,121.0,3,4,7,9,4,2,1,0
9877,2022-03-05,17:00,34.0,13.0,Pierre Baptiste Nuchy,4.0,1.0,50.0,50.0,48.0,52.0,42.0,58.0,52.0,48.0,48.0,52.0,10.0,3.0,8.0,2.0,1.0,0.0,1.0,1.0,11.0,11.0,8.0,9.0,0.0,2.0,0.0,3.0,2.0,2.0,9.0,14.0,1,0,0,0,153.0,97.0,6.0,7.0,14.0,17.0,18.0,15.0,118.0,158.0,5,3,13,14,6,1,1,0
9878,2022-03-05,21:05,25.0,16.0,Jonathan Dufort,3.0,1.0,50.0,50.0,51.0,49.0,73.0,27.0,48.0,52.0,51.0,49.0,3.0,9.0,2.0,6.0,0.0,2.0,1.0,1.0,23.0,10.0,22.0,7.0,0.0,0.0,3.0,0.0,2.0,3.0,9.0,12.0,0,1,0,0,90.0,97.0,3.0,4.0,34.0,10.0,28.0,30.0,107.0,107.0,2,4,6,13,2,4,0,0
9879,2022-03-06,21:05,23.0,16.0,Luc Ramos,2.0,1.0,50.0,50.0,45.0,55.0,59.0,41.0,54.0,46.0,44.0,56.0,9.0,5.0,8.0,5.0,1.0,0.0,0.0,0.0,12.0,14.0,11.0,8.0,2.0,0.0,3.0,4.0,3.0,3.0,13.0,7.0,1,1,0,0,133.0,90.0,5.0,4.0,13.0,15.0,28.0,24.0,120.0,148.0,4,2,4,14,4,8,0,1
9880,2022-03-26,15:00,32.0,22.0,Luc Ramos,4.0,3.0,50.0,50.0,38.0,62.0,27.0,73.0,62.0,38.0,40.0,60.0,8.0,12.0,3.0,9.0,4.0,2.0,1.0,1.0,12.0,12.0,11.0,9.0,2.0,0.0,6.0,3.0,2.0,1.0,16.0,12.0,1,0,0,0,115.0,98.0,2.0,3.0,24.0,17.0,16.0,10.0,88.0,141.0,4,5,3,2,6,3,0,0
9881,2022-03-26,17:00,28.0,12.0,Pierre Brousset,3.0,0.0,50.0,50.0,50.0,50.0,81.0,19.0,53.0,47.0,49.0,51.0,12.0,8.0,8.0,6.0,1.0,1.0,3.0,1.0,14.0,13.0,11.0,8.0,2.0,1.0,5.0,5.0,3.0,4.0,12.0,13.0,0,0,0,0,107.0,65.0,6.0,3.0,12.0,15.0,15.0,20.0,78.0,101.0,2,2,6,6,0,2,1,0
9882,2022-03-26,17:00,37.0,22.0,Benoit Rousselet,4.0,3.0,50.0,50.0,61.0,39.0,56.0,44.0,37.0,63.0,59.0,41.0,12.0,8.0,8.0,8.0,0.0,0.0,4.0,0.0,8.0,9.0,7.0,8.0,0.0,0.0,4.0,4.0,3.0,1.0,6.0,11.0,0,0,0,0,93.0,136.0,7.0,2.0,13.0,21.0,26.0,27.0,119.0,140.0,6,4,9,5,2,3,0,0
9883,2022-03-26,17:00,27.0,22.0,Ludovic Cayre,3.0,3.0,50.0,50.0,70.0,30.0,25.0,75.0,29.0,71.0,68.0,32.0,11.0,6.0,6.0,5.0,3.0,1.0,2.0,0.0,15.0,12.0,13.0,11.0,0.0,0.0,5.0,4.0,2.0,1.0,9.0,10.0,1,1,0,0,105.0,118.0,1.0,4.0,19.0,23.0,16.0,15.0,118.0,148.0,4,3,6,6,4,5,0,1
9884,2022-03-26,17:00,19.0,0.0,Thomas Charabas,1.0,0.0,50.0,50.0,53.0,47.0,33.0,67.0,47.0,53.0,54.0,46.0,9.0,14.0,8.0,9.0,0.0,2.0,1.0,3.0,14.0,12.0,13.0,8.0,1.0,0.0,5.0,2.0,4.0,0.0,9.0,11.0,0,0,0,0,62.0,98.0,6.0,4.0,9.0,19.0,28.0,26.0,143.0,79.0,5,3,12,7,2,4,0,0
9885,2022-03-26,21:05,18.0,31.0,Adrien Marbot,2.0,3.0,50.0,50.0,56.0,44.0,48.0,52.0,42.0,58.0,56.0,44.0,5.0,4.0,5.0,3.0,0.0,0.0,0.0,1.0,17.0,15.0,12.0,10.0,0.0,1.0,2.0,3.0,2.0,4.0,12.0,11.0,1,1,0,0,89.0,99.0,7.0,10.0,11.0,20.0,26.0,23.0,120.0,90.0,4,5,5,11,4,3,0,0
9886,2022-03-27,21:05,27.0,19.0,Tual Trainini,3.0,1.0,50.0,50.0,39.0,61.0,71.0,29.0,55.0,45.0,42.0,58.0,5.0,4.0,4.0,4.0,0.0,0.0,1.0,0.0,16.0,17.0,13.0,15.0,2.0,1.0,4.0,4.0,4.0,4.0,15.0,12.0,0,0,0,0,97.0,105.0,4.0,5.0,13.0,20.0,19.0,25.0,114.0,116.0,4,3,5,4,2,4,0,0
9887,2022-04-02,15:00,19.0,13.0,Romain Poite,1.0,2.0,50.0,50.0,34.0,66.0,26.0,74.0,73.0,27.0,37.0,63.0,12.0,6.0,7.0,3.0,3.0,1.0,2.0,2.0,12.0,16.0,9.0,13.0,1.0,1.0,3.0,3.0,3.0,1.0,12.0,10.0,0,0,0,0,110.0,102.0,5.0,2.0,22.0,14.0,29.0,22.0,87.0,94.0,2,3,12,8,4,3,0,1
9888,2022-04-02,17:00,41.0,10.0,Thomas Charabas,5.0,2.0,50.0,50.0,41.0,59.0,75.0,25.0,64.0,36.0,41.0,59.0,8.0,7.0,7.0,4.0,1.0,2.0,0.0,1.0,13.0,17.0,10.0,17.0,0.0,1.0,5.0,3.0,2.0,0.0,10.0,13.0,0,0,0,0,72.0,158.0,2.0,4.0,9.0,42.0,15.0,18.0,206.0,71.0,4,1,7,2,5,2,1,0
9889,2022-04-02,17:00,19.0,42.0,Jonathan Dufort,2.0,5.0,50.0,50.0,57.0,43.0,21.0,79.0,45.0,55.0,53.0,47.0,11.0,3.0,8.0,3.0,1.0,0.0,2.0,0.0,18.0,13.0,16.0,8.0,2.0,0.0,1.0,4.0,0.0,3.0,11.0,18.0,0,3,0,0,73.0,145.0,0.0,5.0,13.0,19.0,18.0,22.0,148.0,49.0,0,8,3,3,7,1,0,1
9890,2022-04-02,17:00,10.0,43.0,Cedric Marchat,1.0,5.0,50.0,50.0,57.0,43.0,45.0,55.0,41.0,59.0,57.0,43.0,4.0,8.0,3.0,6.0,1.0,1.0,0.0,1.0,12.0,13.0,8.0,13.0,0.0,3.0,4.0,2.0,1.0,4.0,14.0,10.0,0,0,0,0,109.0,93.0,2.0,0.0,27.0,14.0,19.0,28.0,115.0,136.0,5,7,12,16,4,7,0,1
9891,2022-04-02,17:00,13.0,23.0,Craig Evans,1.0,2.0,50.0,50.0,41.0,59.0,12.0,88.0,56.0,44.0,39.0,61.0,6.0,6.0,5.0,4.0,1.0,2.0,0.0,0.0,16.0,13.0,7.0,11.0,1.0,6.0,1.0,0.0,2.0,3.0,11.0,15.0,1,2,0,0,163.0,159.0,3.0,5.0,21.0,28.0,10.0,15.0,153.0,122.0,6,5,15,6,4,3,0,0
9892,2022-04-02,21:05,15.0,16.0,Nika Amashukeli,0.0,2.0,50.0,50.0,52.0,48.0,75.0,25.0,49.0,51.0,51.0,49.0,2.0,5.0,2.0,5.0,0.0,0.0,0.0,0.0,9.0,18.0,8.0,12.0,3.0,0.0,2.0,1.0,5.0,2.0,9.0,10.0,0,0,0,0,121.0,191.0,6.0,6.0,15.0,14.0,37.0,37.0,151.0,113.0,3,1,2,6,4,5,1,0
9893,2022-04-03,21:05,53.0,20.0,Andrew Brace,7.0,2.0,50.0,50.0,61.0,39.0,39.0,61.0,36.0,64.0,59.0,41.0,4.0,3.0,3.0,3.0,0.0,0.0,1.0,0.0,12.0,19.0,10.0,14.0,1.0,0.0,1.0,2.0,2.0,2.0,10.0,7.0,0,0,0,0,108.0,110.0,1.0,1.0,22.0,20.0,29.0,26.0,132.0,122.0,8,4,12,7,1,4,1,0
9894,2022-04-23,14:15,12.0,0.0,Adrien Descottes,0.0,0.0,50.0,50.0,44.0,56.0,37.0,63.0,59.0,41.0,44.0,56.0,9.0,10.0,4.0,6.0,4.0,1.0,1.0,3.0,16.0,17.0,14.0,15.0,1.0,1.0,7.0,8.0,4.0,0.0,11.0,12.0,1,0,0,0,80.0,84.0,2.0,5.0,8.0,10.0,46.0,50.0,36.0,57.0,0,2,3,5,3,4,0,0
9895,2022-04-23,14:15,21.0,18.0,Vincent Blasco Baque,3.0,2.0,50.0,50.0,39.0,61.0,26.0,74.0,61.0,39.0,40.0,60.0,14.0,7.0,10.0,6.0,1.0,0.0,3.0,1.0,9.0,17.0,9.0,11.0,4.0,0.0,4.0,8.0,2.0,2.0,12.0,11.0,0,0,0,0,99.0,102.0,4.0,2.0,12.0,20.0,15.0,10.0,109.0,130.0,4,6,6,8,3,4,0,1
9896,2022-04-23,17:15,17.0,31.0,Laurent Cardona,2.0,1.0,50.0,50.0,57.0,43.0,61.0,39.0,37.0,63.0,53.0,47.0,4.0,8.0,4.0,4.0,0.0,1.0,0.0,3.0,14.0,11.0,6.0,10.0,0.0,5.0,2.0,1.0,1.0,7.0,16.0,14.0,0,1,0,0,90.0,93.0,5.0,0.0,11.0,8.0,17.0,28.0,76.0,71.0,1,1,3,4,2,2,0,0
9897,2022-04-23,17:15,40.0,7.0,Jonathan Gasnier,5.0,1.0,50.0,50.0,62.0,38.0,50.0,50.0,38.0,62.0,60.0,40.0,6.0,8.0,5.0,6.0,0.0,1.0,1.0,1.0,17.0,17.0,15.0,11.0,3.0,2.0,2.0,3.0,3.0,0.0,8.0,15.0,0,1,0,0,59.0,155.0,0.0,2.0,13.0,23.0,31.0,23.0,184.0,118.0,6,4,12,13,4,2,1,0
9898,2022-04-23,17:15,32.0,16.0,Sebastien Minery,4.0,2.0,50.0,50.0,54.0,46.0,46.0,54.0,47.0,53.0,51.0,49.0,10.0,7.0,7.0,4.0,1.0,2.0,2.0,1.0,15.0,14.0,8.0,11.0,2.0,3.0,2.0,4.0,2.0,2.0,4.0,12.0,0,1,0,0,85.0,229.0,3.0,4.0,19.0,25.0,19.0,25.0,183.0,116.0,3,3,11,9,2,3,0,0
9899,2022-04-23,21:05,19.0,15.0,Adrien Marbot,1.0,0.0,50.0,50.0,54.0,46.0,54.0,46.0,44.0,56.0,52.0,48.0,8.0,6.0,6.0,3.0,0.0,1.0,2.0,2.0,8.0,17.0,8.0,13.0,1.0,0.0,4.0,4.0,4.0,4.0,13.0,7.0,0,0,0,0,117.0,115.0,8.0,4.0,12.0,16.0,27.0,18.0,122.0,105.0,1,4,5,5,5,7,0,1
9900,2022-04-24,21:05,22.0,23.0,Vivien Praderie,1.0,1.0,50.0,50.0,52.0,48.0,36.0,64.0,50.0,50.0,51.0,49.0,8.0,5.0,5.0,4.0,1.0,0.0,2.0,1.0,12.0,9.0,9.0,8.0,1.0,0.0,1.0,6.0,5.0,6.0,11.0,14.0,0,1,0,0,93.0,147.0,2.0,3.0,16.0,22.0,34.0,28.0,147.0,125.0,2,6,9,12,3,3,1,0
9901,2022-04-30,15:00,43.0,20.0,Thomas Charabas,5.0,2.0,50.0,50.0,39.0,61.0,7.0,93.0,63.0,37.0,45.0,55.0,8.0,4.0,5.0,2.0,2.0,2.0,1.0,0.0,11.0,12.0,10.0,11.0,0.0,0.0,3.0,3.0,4.0,2.0,10.0,10.0,0,0,0,1,151.0,74.0,8.0,0.0,17.0,23.0,23.0,21.0,98.0,164.0,6,1,11,9,6,2,1,0
9902,2022-04-30,17:00,29.0,26.0,Benoit Rousselet,4.0,4.0,50.0,50.0,64.0,36.0,97.0,3.0,35.0,65.0,61.0,39.0,11.0,6.0,9.0,3.0,1.0,1.0,1.0,2.0,13.0,12.0,8.0,10.0,0.0,3.0,1.0,3.0,1.0,0.0,6.0,11.0,0,1,0,0,72.0,125.0,1.0,1.0,15.0,23.0,22.0,19.0,178.0,103.0,2,5,12,11,6,4,0,1
9903,2022-04-30,17:00,13.0,48.0,Maxime Chalon,1.0,7.0,50.0,50.0,49.0,51.0,43.0,57.0,48.0,52.0,49.0,51.0,6.0,3.0,4.0,2.0,2.0,1.0,0.0,0.0,16.0,9.0,13.0,9.0,0.0,1.0,2.0,3.0,2.0,1.0,5.0,13.0,0,1,0,0,75.0,148.0,3.0,8.0,27.0,21.0,22.0,24.0,170.0,104.0,2,8,16,9,4,4,0,1
9904,2022-04-30,17:00,21.0,42.0,Pierre Brousset,2.0,5.0,50.0,50.0,51.0,49.0,61.0,39.0,49.0,51.0,52.0,48.0,8.0,2.0,2.0,2.0,3.0,0.0,3.0,0.0,14.0,16.0,11.0,15.0,0.0,1.0,2.0,3.0,3.0,3.0,14.0,12.0,3,1,0,0,169.0,63.0,6.0,0.0,29.0,17.0,17.0,18.0,88.0,164.0,5,5,3,9,3,4,0,1
9905,2022-04-30,17:00,27.0,10.0,Romain Poite,3.0,1.0,50.0,50.0,61.0,39.0,33.0,67.0,35.0,65.0,59.0,41.0,5.0,6.0,4.0,5.0,1.0,0.0,0.0,1.0,14.0,14.0,11.0,11.0,2.0,3.0,4.0,5.0,2.0,1.0,16.0,8.0,1,1,0,0,122.0,126.0,3.0,5.0,19.0,24.0,23.0,23.0,133.0,127.0,6,2,7,11,4,3,0,0
9906,2022-04-30,21:05,23.0,16.0,Ludovic Cayre,2.0,1.0,50.0,50.0,64.0,36.0,51.0,49.0,34.0,66.0,61.0,39.0,8.0,3.0,5.0,2.0,1.0,0.0,2.0,1.0,13.0,17.0,12.0,17.0,0.0,1.0,1.0,4.0,3.0,2.0,10.0,10.0,0,0,0,0,87.0,127.0,0.0,1.0,16.0,22.0,28.0,30.0,140.0,124.0,3,0,6,4,8,6,0,1
9907,2022-05-01,21:05,16.0,29.0,Mathieu Raynal,0.0,2.0,50.0,50.0,60.0,40.0,38.0,62.0,39.0,61.0,59.0,41.0,2.0,9.0,1.0,7.0,1.0,1.0,0.0,1.0,14.0,20.0,11.0,15.0,3.0,2.0,5.0,2.0,3.0,5.0,10.0,9.0,0,1,0,0,73.0,125.0,2.0,2.0,10.0,20.0,31.0,43.0,158.0,74.0,2,2,7,2,4,2,0,0
9908,2022-05-21,15:00,42.0,10.0,Tual Trainini,5.0,0.0,50.0,50.0,55.0,45.0,36.0,64.0,46.0,54.0,52.0,48.0,8.0,9.0,7.0,6.0,0.0,2.0,1.0,1.0,16.0,17.0,13.0,14.0,0.0,2.0,5.0,2.0,3.0,1.0,10.0,9.0,1,0,0,0,105.0,78.0,3.0,0.0,21.0,19.0,28.0,30.0,104.0,113.0,6,3,8,12,2,9,1,0
9909,2022-05-21,17:15,8.0,26.0,Vincent Blasco Baque,1.0,4.0,50.0,50.0,34.0,66.0,12.0,88.0,64.0,36.0,33.0,67.0,6.0,12.0,6.0,9.0,0.0,2.0,0.0,1.0,16.0,15.0,13.0,13.0,1.0,2.0,9.0,3.0,1.0,0.0,10.0,11.0,0,0,0,0,89.0,93.0,4.0,1.0,24.0,17.0,29.0,25.0,168.0,138.0,3,5,21,5,5,3,0,1
9910,2022-05-21,17:15,22.0,13.0,Pierre Brousset,1.0,0.0,50.0,50.0,52.0,48.0,53.0,47.0,51.0,49.0,52.0,48.0,9.0,5.0,6.0,3.0,2.0,1.0,1.0,1.0,14.0,13.0,12.0,11.0,2.0,0.0,2.0,5.0,5.0,2.0,10.0,12.0,1,0,0,0,119.0,88.0,3.0,2.0,18.0,16.0,33.0,29.0,83.0,143.0,6,3,4,10,2,1,0,0
9911,2022-05-21,17:15,37.0,20.0,Laurent Cardona,5.0,2.0,50.0,50.0,44.0,56.0,38.0,62.0,58.0,42.0,45.0,55.0,11.0,9.0,10.0,5.0,1.0,2.0,0.0,2.0,11.0,11.0,11.0,9.0,0.0,0.0,6.0,3.0,2.0,2.0,9.0,14.0,0,0,0,0,103.0,96.0,0.0,1.0,27.0,11.0,21.0,11.0,114.0,138.0,2,3,11,6,2,3,1,0
9912,2022-05-21,17:15,32.0,13.0,Vivien Praderie,4.0,1.0,50.0,50.0,67.0,33.0,56.0,44.0,37.0,63.0,67.0,33.0,7.0,7.0,5.0,6.0,1.0,1.0,1.0,0.0,16.0,7.0,11.0,6.0,0.0,3.0,5.0,3.0,2.0,2.0,6.0,12.0,0,0,0,0,78.0,109.0,3.0,7.0,19.0,19.0,24.0,22.0,138.0,126.0,2,5,9,6,6,5,1,0
9913,2022-05-21,21:05,8.0,26.0,Mathieu Raynal,1.0,2.0,50.0,50.0,33.0,67.0,18.0,82.0,65.0,35.0,33.0,67.0,7.0,11.0,6.0,9.0,1.0,1.0,0.0,1.0,16.0,14.0,11.0,9.0,3.0,2.0,5.0,5.0,1.0,4.0,10.0,9.0,0,0,0,1,98.0,94.0,2.0,2.0,18.0,16.0,28.0,37.0,82.0,102.0,2,3,5,7,1,5,0,0
9914,2022-05-22,21:05,28.0,12.0,Adrien Marbot,2.0,0.0,50.0,50.0,64.0,36.0,56.0,44.0,37.0,63.0,60.0,40.0,18.0,4.0,15.0,3.0,0.0,0.0,3.0,1.0,10.0,10.0,7.0,8.0,1.0,1.0,2.0,3.0,3.0,4.0,11.0,16.0,0,3,0,0,88.0,117.0,3.0,4.0,16.0,22.0,31.0,26.0,91.0,86.0,2,1,9,8,4,6,0,0
9915,2022-06-05,21:05,20.0,15.0,Romain Poite,2.0,2.0,50.0,50.0,55.0,45.0,46.0,54.0,45.0,55.0,53.0,47.0,6.0,6.0,6.0,5.0,0.0,0.0,0.0,1.0,17.0,24.0,15.0,23.0,1.0,0.0,4.0,5.0,2.0,1.0,11.0,12.0,0,0,0,0,107.0,145.0,4.0,0.0,26.0,21.0,27.0,25.0,137.0,113.0,3,2,4,10,5,1,0,1
9916,2022-06-05,21:05,26.0,29.0,Jonathan Dufort,4.0,5.0,50.0,50.0,55.0,45.0,48.0,52.0,39.0,61.0,54.0,46.0,7.0,11.0,5.0,8.0,1.0,2.0,1.0,1.0,12.0,13.0,10.0,11.0,1.0,0.0,5.0,3.0,0.0,0.0,9.0,10.0,0,1,0,0,133.0,132.0,2.0,9.0,18.0,20.0,16.0,21.0,154.0,118.0,4,4,13,4,2,1,1,0
9917,2022-06-05,21:05,21.0,16.0,Adrien Descottes,2.0,1.0,50.0,50.0,57.0,43.0,73.0,27.0,44.0,56.0,58.0,42.0,4.0,11.0,4.0,7.0,0.0,2.0,0.0,2.0,9.0,16.0,6.0,10.0,4.0,1.0,5.0,1.0,3.0,3.0,12.0,13.0,0,1,0,0,99.0,96.0,1.0,7.0,14.0,23.0,28.0,26.0,118.0,92.0,2,3,6,6,6,2,0,1
9918,2022-06-05,21:05,16.0,26.0,Pierre Baptiste Nuchy,1.0,2.0,50.0,50.0,40.0,60.0,49.0,51.0,62.0,38.0,41.0,59.0,7.0,12.0,6.0,10.0,1.0,1.0,0.0,1.0,12.0,13.0,11.0,9.0,1.0,0.0,6.0,1.0,3.0,3.0,9.0,9.0,0,0,0,0,72.0,116.0,9.0,3.0,15.0,20.0,22.0,31.0,142.0,84.0,5,1,10,8,4,4,0,0
9919,2022-06-05,21:05,17.0,33.0,Luc Ramos,2.0,3.0,50.0,50.0,60.0,40.0,59.0,41.0,36.0,64.0,60.0,40.0,9.0,6.0,3.0,5.0,3.0,1.0,3.0,0.0,20.0,13.0,13.0,10.0,0.0,3.0,3.0,5.0,1.0,4.0,11.0,12.0,1,0,0,0,89.0,66.0,3.0,0.0,20.0,11.0,23.0,25.0,80.0,92.0,3,4,6,4,4,2,0,0
9920,2022-06-05,21:05,80.0,7.0,Cedric Marchat,12.0,1.0,50.0,50.0,43.0,57.0,34.0,66.0,56.0,44.0,42.0,58.0,6.0,7.0,5.0,6.0,0.0,0.0,1.0,1.0,17.0,16.0,15.0,15.0,0.0,2.0,3.0,5.0,0.0,0.0,7.0,9.0,1,1,0,0,64.0,117.0,0.0,0.0,11.0,29.0,22.0,24.0,146.0,105.0,10,4,13,10,4,4,1,0
9921,2022-06-05,21:05,22.0,15.0,Ludovic Cayre,3.0,2.0,50.0,50.0,37.0,63.0,34.0,66.0,64.0,36.0,40.0,60.0,6.0,2.0,4.0,1.0,1.0,1.0,1.0,0.0,15.0,19.0,11.0,13.0,3.0,3.0,1.0,2.0,1.0,1.0,10.0,6.0,0,0,0,0,121.0,114.0,3.0,5.0,25.0,16.0,30.0,28.0,111.0,149.0,4,5,10,11,4,1,0,1
1,2022-09-03,15:00,25.0,19.0,Pierre Brousset,3.0,1.0,50.0,50.0,44.0,56.0,70.0,30.0,64.0,36.0,45.0,55.0,4.0,6.0,3.0,4.0,1.0,2.0,0.0,0.0,17.0,15.0,15.0,8.0,1.0,0.0,5.0,2.0,2.0,4.0,9.0,14.0,0,1,0,0,86.0,104.0,4.0,3.0,17.0,17.0,47.0,41.0,96.0,74.0,4,7,10,8,1,0,0,1
2,2022-09-03,17:00,27.0,31.0,Benoit Rousselet,2.0,4.0,50.0,50.0,40.0,60.0,38.0,62.0,60.0,40.0,34.0,66.0,3.0,15.0,3.0,13.0,0.0,1.0,0.0,1.0,15.0,13.0,13.0,7.0,3.0,1.0,10.0,1.0,2.0,1.0,8.0,11.0,0,1,0,0,128.0,83.0,3.0,8.0,34.0,14.0,19.0,26.0,93.0,158.0,5,6,3,18,2,3,1,0
3,2022-09-03,17:00,40.0,25.0,Vincent Blasco Baque,5.0,3.0,50.0,50.0,59.0,41.0,46.0,54.0,41.0,59.0,58.0,42.0,8.0,7.0,7.0,3.0,0.0,2.0,1.0,2.0,13.0,15.0,10.0,14.0,0.0,0.0,2.0,3.0,3.0,1.0,11.0,13.0,2,2,0,0,80.0,74.0,0.0,1.0,6.0,13.0,20.0,16.0,124.0,96.0,3,3,6,5,4,5,0,0
4,2022-09-03,17:00,16.0,14.0,Pierre Baptiste Nuchy,1.0,2.0,50.0,50.0,45.0,55.0,39.0,61.0,57.0,43.0,46.0,54.0,8.0,9.0,4.0,5.0,3.0,2.0,1.0,2.0,14.0,14.0,9.0,10.0,3.0,1.0,3.0,5.0,3.0,0.0,11.0,14.0,1,2,0,0,100.0,80.0,6.0,1.0,6.0,11.0,25.0,19.0,69.0,90.0,0,2,3,6,1,2,0,1
5,2022-09-03,17:00,24.0,18.0,Vivien Praderie,2.0,2.0,50.0,50.0,53.0,47.0,92.0,8.0,46.0,54.0,53.0,47.0,10.0,9.0,7.0,7.0,1.0,1.0,2.0,1.0,8.0,14.0,6.0,10.0,1.0,0.0,3.0,4.0,4.0,2.0,15.0,12.0,1,1,0,0,100.0,73.0,4.0,2.0,14.0,10.0,16.0,12.0,79.0,92.0,5,3,4,4,5,2,0,1
6,2022-09-03,21:05,26.0,22.0,Mathieu Raynal,1.0,1.0,50.0,50.0,47.0,53.0,57.0,43.0,57.0,43.0,45.0,55.0,16.0,0.0,13.0,0.0,0.0,0.0,3.0,0.0,10.0,15.0,7.0,14.0,0.0,0.0,0.0,4.0,4.0,5.0,13.0,18.0,0,2,0,0,66.0,193.0,2.0,11.0,3.0,11.0,17.0,18.0,119.0,53.0,1,2,5,2,4,4,0,1
7,2022-09-04,21:05,25.0,26.0,Adrien Marbot,3.0,2.0,50.0,50.0,56.0,44.0,41.0,59.0,39.0,61.0,56.0,44.0,5.0,4.0,5.0,3.0,0.0,0.0,0.0,1.0,9.0,17.0,8.0,14.0,3.0,1.0,2.0,3.0,2.0,4.0,8.0,7.0,0,0,0,1,136.0,100.0,9.0,5.0,36.0,17.0,28.0,29.0,133.0,173.0,7,4,9,11,2,3,1,0
8,2022-09-10,15:00,21.0,23.0,Thomas Charabas,3.0,2.0,50.0,50.0,56.0,44.0,62.0,38.0,51.0,49.0,54.0,46.0,9.0,9.0,7.0,8.0,0.0,1.0,2.0,0.0,12.0,10.0,10.0,9.0,1.0,1.0,5.0,4.0,0.0,3.0,11.0,8.0,0,0,0,0,107.0,107.0,1.0,2.0,12.0,22.0,25.0,28.0,159.0,119.0,4,4,13,10,3,4,1,0
9,2022-09-10,17:00,33.0,24.0,Jonathan Gasnier,4.0,1.0,50.0,50.0,61.0,39.0,52.0,48.0,42.0,58.0,60.0,40.0,5.0,16.0,3.0,11.0,1.0,3.0,1.0,2.0,12.0,12.0,8.0,8.0,2.0,1.0,8.0,3.0,3.0,4.0,13.0,10.0,2,1,0,0,106.0,96.0,2.0,2.0,24.0,14.0,25.0,22.0,122.0,127.0,6,3,6,7,6,1,1,0
10,2022-09-10,17:00,31.0,25.0,Julien Castaignede,3.0,3.0,50.0,50.0,48.0,52.0,48.0,52.0,54.0,46.0,47.0,53.0,7.0,6.0,6.0,4.0,0.0,2.0,1.0,0.0,10.0,18.0,6.0,17.0,0.0,1.0,4.0,4.0,4.0,2.0,8.0,9.0,0,1,0,0,66.0,54.0,3.0,4.0,20.0,7.0,27.0,26.0,76.0,96.0,5,4,5,5,5,1,0,1
11,2022-09-10,17:00,30.0,20.0,Tual Trainini,3.0,2.0,50.0,50.0,57.0,43.0,38.0,62.0,42.0,58.0,57.0,43.0,10.0,9.0,7.0,7.0,1.0,0.0,2.0,2.0,11.0,12.0,6.0,11.0,1.0,3.0,3.0,4.0,3.0,2.0,13.0,11.0,1,1,0,0,105.0,66.0,2.0,1.0,20.0,12.0,28.0,23.0,90.0,103.0,8,2,14,7,3,0,0,0
12,2022-09-10,17:00,6.0,17.0,Luc Ramos,0.0,3.0,50.0,50.0,48.0,52.0,39.0,61.0,52.0,48.0,47.0,53.0,11.0,8.0,6.0,7.0,4.0,1.0,1.0,0.0,17.0,18.0,8.0,11.0,2.0,4.0,6.0,1.0,2.0,0.0,9.0,14.0,0,1,0,0,121.0,124.0,5.0,10.0,18.0,13.0,10.0,20.0,111.0,104.0,4,1,8,10,6,2,0,1
13,2022-09-10,21:05,29.0,19.0,Adrien Descottes,2.0,3.0,50.0,50.0,39.0,61.0,33.0,67.0,62.0,38.0,45.0,55.0,10.0,8.0,7.0,7.0,1.0,1.0,2.0,0.0,9.0,20.0,6.0,16.0,2.0,0.0,5.0,6.0,5.0,0.0,8.0,11.0,1,1,0,0,141.0,73.0,9.0,2.0,21.0,11.0,35.0,23.0,84.0,170.0,2,2,2,15,2,1,0,0
14,2022-09-11,21:05,28.0,8.0,Ludovic Cayre,4.0,1.0,50.0,50.0,58.0,42.0,62.0,38.0,45.0,55.0,58.0,42.0,6.0,11.0,5.0,7.0,1.0,3.0,0.0,1.0,11.0,9.0,10.0,9.0,0.0,0.0,8.0,1.0,2.0,1.0,7.0,14.0,0,1,0,0,118.0,111.0,5.0,1.0,21.0,24.0,24.0,16.0,124.0,146.0,6,6,6,12,6,2,1,0
15,2022-09-17,15:00,33.0,12.0,Vivien Praderie,2.0,0.0,50.0,50.0,42.0,58.0,58.0,42.0,57.0,43.0,42.0,58.0,10.0,2.0,7.0,0.0,2.0,1.0,1.0,1.0,15.0,13.0,12.0,10.0,1.0,3.0,0.0,6.0,7.0,4.0,14.0,19.0,1,1,0,0,90.0,139.0,4.0,0.0,16.0,26.0,25.0,24.0,143.0,107.0,3,1,11,7,4,6,0,0
16,2022-09-17,17:00,26.0,31.0,Adrien Marbot,2.0,3.0,50.0,50.0,49.0,51.0,23.0,77.0,54.0,46.0,48.0,52.0,6.0,5.0,6.0,4.0,0.0,1.0,0.0,0.0,19.0,11.0,16.0,8.0,2.0,0.0,2.0,3.0,4.0,4.0,8.0,14.0,1,1,0,0,97.0,164.0,0.0,5.0,16.0,14.0,30.0,35.0,168.0,96.0,4,2,8,6,4,3,1,0
17,2022-09-17,17:00,32.0,19.0,Sebastien Minery,3.0,3.0,50.0,50.0,44.0,56.0,56.0,44.0,53.0,47.0,45.0,55.0,11.0,8.0,10.0,7.0,0.0,1.0,1.0,0.0,12.0,9.0,8.0,4.0,3.0,0.0,4.0,6.0,5.0,0.0,7.0,9.0,1,0,0,0,139.0,85.0,3.0,3.0,24.0,17.0,23.0,26.0,88.0,160.0,5,3,4,22,3,0,0,0
18,2022-09-17,17:00,26.0,16.0,Pierre Baptiste Nuchy,1.0,1.0,50.0,50.0,46.0,54.0,40.0,60.0,58.0,42.0,44.0,56.0,7.0,10.0,7.0,7.0,0.0,2.0,0.0,1.0,15.0,13.0,11.0,7.0,4.0,0.0,5.0,4.0,4.0,3.0,8.0,15.0,0,2,0,0,62.0,171.0,4.0,6.0,15.0,13.0,25.0,25.0,132.0,80.0,2,3,4,6,0,6,0,0
19,2022-09-17,17:00,43.0,8.0,Benoit Rousselet,7.0,1.0,50.0,50.0,58.0,42.0,64.0,36.0,44.0,56.0,58.0,42.0,10.0,9.0,8.0,5.0,1.0,2.0,1.0,2.0,20.0,14.0,19.0,13.0,0.0,0.0,5.0,3.0,0.0,1.0,5.0,16.0,0,2,0,0,87.0,111.0,2.0,1.0,10.0,26.0,14.0,17.0,156.0,103.0,5,3,9,4,3,4,1,0
20,2022-09-17,21:05,26.0,16.0,Tual Trainini,2.0,1.0,50.0,50.0,38.0,62.0,10.0,90.0,66.0,34.0,41.0,59.0,8.0,9.0,6.0,8.0,0.0,0.0,2.0,1.0,14.0,8.0,12.0,5.0,1.0,0.0,1.0,3.0,4.0,2.0,13.0,14.0,0,0,0,1,120.0,96.0,6.0,7.0,21.0,31.0,25.0,23.0,117.0,142.0,2,4,5,9,5,4,0,0
21,2022-09-18,21:05,30.0,29.0,Adrien Descottes,3.0,3.0,50.0,50.0,41.0,59.0,30.0,70.0,61.0,39.0,44.0,56.0,12.0,5.0,11.0,3.0,0.0,1.0,1.0,1.0,10.0,13.0,5.0,12.0,0.0,3.0,1.0,4.0,3.0,1.0,9.0,15.0,1,2,0,0,153.0,91.0,1.0,7.0,22.0,17.0,22.0,18.0,77.0,126.0,5,4,2,5,5,8,0,1
22,2022-09-24,15:00,19.0,13.0,Thomas Charabas,1.0,1.0,50.0,50.0,50.0,50.0,49.0,51.0,51.0,49.0,51.0,49.0,11.0,9.0,10.0,7.0,1.0,0.0,0.0,2.0,10.0,15.0,6.0,8.0,3.0,2.0,5.0,7.0,4.0,2.0,10.0,10.0,1,1,0,0,87.0,74.0,10.0,5.0,17.0,14.0,32.0,31.0,58.0,102.0,2,3,7,4,0,1,0,1
23,2022-09-24,17:00,20.0,15.0,Jonathan Gasnier,2.0,2.0,50.0,50.0,51.0,49.0,72.0,28.0,52.0,48.0,50.0,50.0,11.0,6.0,7.0,4.0,2.0,2.0,2.0,0.0,14.0,21.0,9.0,12.0,2.0,5.0,1.0,3.0,2.0,1.0,14.0,11.0,0,1,0,0,130.0,74.0,4.0,1.0,14.0,6.0,33.0,28.0,59.0,109.0,1,4,3,11,3,3,0,1
24,2022-09-24,17:00,12.0,6.0,Ludovic Cayre,0.0,0.0,50.0,50.0,72.0,28.0,76.0,24.0,23.0,77.0,68.0,32.0,6.0,11.0,6.0,7.0,0.0,2.0,0.0,2.0,14.0,12.0,9.0,8.0,2.0,4.0,6.0,3.0,4.0,2.0,8.0,13.0,0,0,0,0,78.0,122.0,1.0,7.0,10.0,17.0,34.0,34.0,109.0,81.0,0,0,6,2,3,3,0,1
25,2022-09-24,17:00,33.0,27.0,Adrien Descottes,3.0,2.0,50.0,50.0,50.0,50.0,96.0,4.0,51.0,49.0,51.0,49.0,6.0,6.0,4.0,4.0,1.0,1.0,1.0,1.0,12.0,21.0,8.0,19.0,1.0,1.0,2.0,1.0,4.0,5.0,17.0,11.0,2,0,0,0,108.0,56.0,4.0,3.0,3.0,13.0,18.0,19.0,84.0,102.0,4,1,19,3,6,3,0,1
26,2022-09-24,17:00,43.0,17.0,Vincent Blasco Baque,6.0,2.0,50.0,50.0,54.0,46.0,69.0,31.0,45.0,55.0,53.0,47.0,3.0,12.0,3.0,7.0,0.0,2.0,0.0,3.0,16.0,11.0,12.0,8.0,2.0,3.0,6.0,2.0,1.0,1.0,8.0,16.0,0,2,0,0,80.0,148.0,5.0,4.0,7.0,19.0,25.0,20.0,166.0,92.0,9,3,15,7,6,5,1,0
27,2022-09-24,21:05,37.0,10.0,Luc Ramos,4.0,1.0,50.0,50.0,52.0,48.0,63.0,37.0,48.0,52.0,52.0,48.0,10.0,7.0,8.0,4.0,1.0,2.0,1.0,1.0,9.0,15.0,6.0,13.0,0.0,2.0,2.0,4.0,3.0,1.0,5.0,12.0,0,1,0,0,112.0,61.0,6.0,2.0,13.0,22.0,28.0,25.0,101.0,108.0,6,4,14,10,6,0,1,0
28,2022-09-25,21:05,22.0,13.0,Sebastien Minery,2.0,1.0,50.0,50.0,47.0,53.0,22.0,78.0,51.0,49.0,51.0,49.0,10.0,3.0,9.0,2.0,1.0,0.0,0.0,1.0,13.0,17.0,11.0,11.0,5.0,2.0,0.0,3.0,4.0,2.0,12.0,10.0,0,1,0,0,185.0,84.0,16.0,0.0,23.0,9.0,33.0,25.0,100.0,138.0,1,0,5,9,0,4,0,0
29,2022-10-01,15:00,15.0,10.0,Benoit Rousselet,0.0,1.0,50.0,50.0,39.0,61.0,28.0,72.0,63.0,37.0,44.0,56.0,13.0,10.0,8.0,7.0,2.0,0.0,3.0,3.0,10.0,16.0,6.0,13.0,2.0,2.0,1.0,7.0,5.0,1.0,9.0,9.0,1,0,0,0,142.0,106.0,7.0,3.0,20.0,15.0,44.0,41.0,79.0,120.0,1,1,2,4,5,2,0,1
30,2022-10-01,17:00,43.0,20.0,Tual Trainini,6.0,3.0,50.0,50.0,64.0,36.0,69.0,31.0,37.0,63.0,65.0,35.0,9.0,7.0,9.0,7.0,0.0,0.0,0.0,0.0,12.0,12.0,7.0,7.0,1.0,1.0,2.0,5.0,1.0,1.0,8.0,8.0,0,1,0,0,117.0,92.0,5.0,1.0,22.0,21.0,24.0,22.0,125.0,134.0,11,2,11,10,2,4,1,0
31,2022-10-01,17:00,25.0,22.0,Jeremy Rozier,3.0,3.0,50.0,50.0,40.0,60.0,54.0,46.0,60.0,40.0,42.0,58.0,4.0,8.0,4.0,5.0,0.0,2.0,0.0,1.0,18.0,17.0,15.0,9.0,3.0,0.0,3.0,2.0,2.0,1.0,12.0,16.0,0,1,0,0,120.0,81.0,5.0,3.0,8.0,13.0,17.0,25.0,84.0,97.0,2,1,4,4,4,5,0,1
32,2022-10-01,17:00,17.0,34.0,Luc Ramos,2.0,4.0,50.0,50.0,54.0,46.0,59.0,41.0,46.0,54.0,54.0,46.0,9.0,8.0,6.0,4.0,3.0,1.0,0.0,3.0,13.0,13.0,10.0,9.0,2.0,1.0,2.0,6.0,1.0,2.0,12.0,8.0,0,0,0,0,114.0,115.0,0.0,6.0,22.0,17.0,18.0,16.0,123.0,107.0,2,4,4,6,4,4,0,0
33,2022-10-01,17:00,14.0,10.0,Pierre Brousset,1.0,1.0,50.0,50.0,57.0,43.0,48.0,52.0,44.0,56.0,57.0,43.0,10.0,5.0,7.0,4.0,2.0,1.0,1.0,0.0,16.0,19.0,15.0,16.0,1.0,0.0,3.0,6.0,3.0,1.0,12.0,12.0,1,1,0,0,95.0,104.0,5.0,4.0,14.0,12.0,25.0,22.0,107.0,104.0,2,2,4,9,2,3,0,1
34,2022-10-01,21:05,24.0,19.0,Pierre Baptiste Nuchy,3.0,1.0,50.0,50.0,56.0,44.0,49.0,51.0,43.0,57.0,52.0,48.0,16.0,10.0,11.0,8.0,1.0,0.0,4.0,2.0,10.0,8.0,8.0,5.0,0.0,2.0,7.0,3.0,1.0,4.0,6.0,14.0,1,2,0,0,33.0,154.0,2.0,1.0,6.0,24.0,17.0,24.0,80.0,51.0,1,2,3,2,1,2,0,1
35,2022-10-02,21:05,17.0,19.0,Mathieu Raynal,2.0,1.0,50.0,50.0,52.0,48.0,59.0,41.0,48.0,52.0,53.0,47.0,6.0,7.0,3.0,6.0,1.0,0.0,2.0,1.0,18.0,11.0,16.0,10.0,1.0,2.0,4.0,1.0,1.0,4.0,12.0,13.0,0,1,0,1,86.0,143.0,5.0,2.0,13.0,18.0,24.0,32.0,127.0,79.0,4,3,10,8,5,4,1,0
36,2022-10-08,15:00,26.0,13.0,Thomas Charabas,2.0,1.0,50.0,50.0,60.0,40.0,56.0,44.0,38.0,62.0,59.0,41.0,6.0,7.0,4.0,5.0,2.0,1.0,0.0,1.0,13.0,13.0,11.0,11.0,1.0,2.0,4.0,2.0,4.0,2.0,11.0,11.0,0,1,0,0,114.0,89.0,4.0,3.0,13.0,7.0,26.0,22.0,94.0,112.0,2,1,5,7,8,2,0,0
37,2022-10-08,17:00,29.0,13.0,Adrien Descottes,3.0,2.0,50.0,50.0,60.0,40.0,30.0,70.0,35.0,65.0,59.0,41.0,8.0,2.0,6.0,2.0,0.0,0.0,2.0,0.0,18.0,19.0,14.0,13.0,3.0,3.0,1.0,5.0,4.0,1.0,15.0,9.0,1,0,0,0,168.0,77.0,2.0,2.0,14.0,18.0,34.0,27.0,94.0,126.0,4,1,5,10,4,4,0,0
38,2022-10-08,17:00,26.0,13.0,Vivien Praderie,2.0,1.0,50.0,50.0,58.0,42.0,91.0,9.0,42.0,58.0,56.0,44.0,6.0,8.0,5.0,6.0,1.0,1.0,0.0,1.0,7.0,20.0,4.0,13.0,6.0,1.0,5.0,4.0,4.0,2.0,11.0,10.0,0,1,0,0,100.0,155.0,9.0,2.0,19.0,34.0,35.0,20.0,188.0,75.0,5,3,9,6,4,1,0,0
39,2022-10-08,17:00,47.0,0.0,Jonathan Gasnier,7.0,0.0,50.0,50.0,50.0,50.0,70.0,30.0,50.0,50.0,50.0,50.0,7.0,5.0,5.0,3.0,2.0,1.0,0.0,1.0,16.0,23.0,13.0,22.0,1.0,3.0,4.0,4.0,0.0,0.0,12.0,12.0,1,0,0,1,146.0,103.0,2.0,0.0,14.0,25.0,24.0,17.0,113.0,133.0,5,1,5,6,8,1,1,0
40,2022-10-08,17:00,52.0,3.0,Adrien Marbot,8.0,0.0,50.0,50.0,53.0,47.0,56.0,44.0,47.0,53.0,55.0,45.0,4.0,11.0,3.0,9.0,0.0,1.0,1.0,1.0,16.0,12.0,16.0,7.0,1.0,0.0,10.0,1.0,0.0,1.0,8.0,12.0,0,0,0,1,99.0,160.0,5.0,0.0,16.0,45.0,14.0,18.0,162.0,97.0,9,2,12,7,5,4,1,0
41,2022-10-08,21:05,46.0,10.0,Benoit Rousselet,6.0,1.0,50.0,50.0,48.0,52.0,45.0,55.0,53.0,47.0,48.0,52.0,7.0,6.0,6.0,5.0,0.0,1.0,1.0,0.0,16.0,11.0,13.0,10.0,0.0,3.0,4.0,2.0,2.0,1.0,7.0,13.0,0,0,0,0,94.0,100.0,1.0,2.0,22.0,29.0,23.0,15.0,116.0,120.0,9,4,10,8,1,5,1,0
42,2022-10-09,21:05,36.0,21.0,Ludovic Cayre,3.0,2.0,50.0,50.0,43.0,57.0,40.0,60.0,59.0,41.0,44.0,56.0,7.0,3.0,5.0,2.0,1.0,1.0,1.0,0.0,13.0,16.0,10.0,14.0,0.0,3.0,2.0,4.0,5.0,3.0,11.0,13.0,0,2,0,0,100.0,124.0,4.0,7.0,8.0,18.0,25.0,21.0,109.0,87.0,8,1,10,3,4,4,0,0
43,2022-10-15,15:00,7.0,45.0,Pierre Baptiste Nuchy,1.0,6.0,50.0,50.0,44.0,56.0,55.0,45.0,58.0,42.0,44.0,56.0,9.0,11.0,5.0,8.0,3.0,1.0,1.0,2.0,13.0,17.0,12.0,8.0,3.0,0.0,5.0,4.0,0.0,0.0,6.0,9.0,0,0,0,0,76.0,126.0,6.0,6.0,18.0,12.0,22.0,22.0,131.0,119.0,1,9,8,12,1,7,0,1
44,2022-10-15,17:00,39.0,22.0,Vincent Blasco Baque,2.0,1.0,50.0,50.0,44.0,56.0,41.0,59.0,52.0,48.0,45.0,55.0,8.0,11.0,7.0,8.0,1.0,0.0,0.0,3.0,5.0,9.0,5.0,5.0,2.0,0.0,6.0,5.0,5.0,5.0,13.0,11.0,0,1,0,0,72.0,136.0,1.0,0.0,7.0,14.0,20.0,15.0,115.0,70.0,3,1,14,5,5,3,0,0
45,2022-10-15,17:00,26.0,33.0,Luc Ramos,2.0,3.0,50.0,50.0,44.0,56.0,18.0,82.0,53.0,47.0,44.0,56.0,3.0,5.0,3.0,5.0,0.0,0.0,0.0,0.0,17.0,12.0,13.0,8.0,1.0,2.0,4.0,2.0,4.0,4.0,11.0,15.0,0,0,0,0,122.0,105.0,3.0,7.0,22.0,15.0,31.0,30.0,138.0,106.0,2,5,4,3,4,3,1,0
46,2022-10-15,17:00,29.0,31.0,Mathieu Raynal,2.0,4.0,50.0,50.0,38.0,62.0,11.0,89.0,64.0,36.0,42.0,58.0,9.0,6.0,3.0,3.0,4.0,2.0,2.0,1.0,15.0,16.0,13.0,13.0,1.0,1.0,4.0,5.0,5.0,1.0,10.0,15.0,0,0,0,1,115.0,70.0,4.0,3.0,21.0,9.0,19.0,22.0,60.0,126.0,5,5,7,10,7,3,1,0
47,2022-10-15,17:00,10.0,20.0,Vivien Praderie,1.0,1.0,50.0,50.0,45.0,55.0,78.0,22.0,55.0,45.0,45.0,55.0,9.0,7.0,5.0,4.0,3.0,2.0,1.0,1.0,18.0,15.0,11.0,13.0,1.0,5.0,2.0,3.0,1.0,5.0,11.0,11.0,2,0,0,0,82.0,131.0,4.0,8.0,19.0,20.0,13.0,22.0,99.0,111.0,2,1,4,5,4,4,0,0
48,2022-10-15,21:05,29.0,17.0,Tual Trainini,2.0,1.0,50.0,50.0,65.0,35.0,50.0,50.0,37.0,63.0,71.0,29.0,11.0,8.0,9.0,7.0,1.0,0.0,1.0,1.0,11.0,16.0,9.0,9.0,1.0,0.0,4.0,5.0,5.0,4.0,12.0,12.0,0,1,0,0,85.0,108.0,2.0,1.0,13.0,21.0,20.0,18.0,106.0,113.0,5,3,6,8,1,5,0,0
49,2022-10-16,21:05,32.0,5.0,Pierre Brousset,4.0,1.0,50.0,50.0,42.0,58.0,20.0,80.0,58.0,42.0,42.0,58.0,10.0,6.0,6.0,5.0,3.0,0.0,1.0,1.0,20.0,13.0,15.0,11.0,1.0,2.0,3.0,5.0,2.0,0.0,13.0,15.0,1,1,0,0,76.0,116.0,2.0,3.0,16.0,14.0,26.0,20.0,91.0,60.0,5,1,3,3,3,3,1,0
50,2022-10-22,15:00,38.0,31.0,Adrien Descottes,4.0,4.0,50.0,50.0,49.0,51.0,91.0,9.0,50.0,50.0,50.0,50.0,3.0,8.0,3.0,5.0,0.0,2.0,0.0,1.0,16.0,21.0,15.0,15.0,1.0,0.0,5.0,2.0,4.0,1.0,11.0,12.0,1,1,0,0,113.0,93.0,2.0,2.0,13.0,14.0,28.0,24.0,104.0,103.0,4,3,7,7,5,4,0,1
51,2022-10-22,17:00,24.0,20.0,Tual Trainini,2.0,2.0,50.0,50.0,57.0,43.0,65.0,35.0,44.0,56.0,56.0,44.0,5.0,8.0,4.0,5.0,1.0,3.0,0.0,0.0,16.0,16.0,14.0,15.0,1.0,1.0,3.0,2.0,4.0,2.0,12.0,11.0,0,2,0,0,137.0,144.0,6.0,7.0,21.0,39.0,24.0,22.0,156.0,120.0,4,4,12,6,3,5,0,1
52,2022-10-22,17:00,31.0,27.0,Pierre Baptiste Nuchy,4.0,3.0,50.0,50.0,49.0,51.0,48.0,52.0,52.0,48.0,48.0,52.0,5.0,6.0,4.0,4.0,0.0,0.0,1.0,2.0,14.0,14.0,10.0,14.0,0.0,1.0,4.0,3.0,1.0,2.0,6.0,10.0,0,0,0,0,113.0,113.0,3.0,4.0,16.0,27.0,25.0,20.0,146.0,115.0,6,2,13,7,8,2,0,1
53,2022-10-22,17:00,28.0,20.0,Adrien Marbot,3.0,2.0,50.0,50.0,49.0,51.0,53.0,47.0,51.0,49.0,49.0,51.0,8.0,6.0,7.0,2.0,1.0,4.0,0.0,0.0,14.0,10.0,12.0,8.0,0.0,0.0,4.0,3.0,3.0,2.0,9.0,15.0,0,1,0,1,71.0,76.0,3.0,4.0,12.0,19.0,26.0,26.0,91.0,60.0,6,3,1,7,1,2,0,0
54,2022-10-22,17:00,27.0,0.0,Sebastien Minery,3.0,0.0,50.0,50.0,52.0,48.0,67.0,33.0,51.0,49.0,50.0,50.0,10.0,11.0,9.0,6.0,0.0,2.0,1.0,3.0,16.0,10.0,13.0,6.0,2.0,3.0,6.0,6.0,2.0,0.0,11.0,16.0,0,0,0,0,65.0,138.0,5.0,3.0,8.0,26.0,25.0,23.0,138.0,66.0,3,2,6,3,3,2,1,0
55,2022-10-22,21:05,23.0,23.0,Luc Ramos,2.0,2.0,50.0,50.0,51.0,49.0,58.0,42.0,48.0,52.0,51.0,49.0,8.0,6.0,7.0,5.0,1.0,1.0,0.0,0.0,14.0,16.0,11.0,14.0,0.0,2.0,2.0,3.0,3.0,3.0,10.0,7.0,0,0,0,0,97.0,102.0,4.0,2.0,24.0,22.0,33.0,30.0,150.0,109.0,2,5,10,8,2,0,0,0
56,2022-10-23,21:05,26.0,17.0,Ludovic Cayre,1.0,2.0,50.0,50.0,52.0,48.0,40.0,60.0,53.0,47.0,53.0,47.0,8.0,6.0,7.0,6.0,1.0,0.0,0.0,0.0,6.0,18.0,5.0,14.0,3.0,1.0,3.0,4.0,7.0,1.0,10.0,12.0,1,0,0,1,135.0,81.0,5.0,3.0,22.0,13.0,25.0,17.0,77.0,117.0,2,4,8,3,4,2,0,0
57,2022-10-29,15:00,26.0,22.0,Mathieu Raynal,2.0,2.0,50.0,50.0,46.0,54.0,36.0,64.0,59.0,41.0,47.0,53.0,10.0,11.0,7.0,9.0,1.0,2.0,2.0,0.0,8.0,13.0,7.0,10.0,1.0,0.0,5.0,5.0,4.0,1.0,14.0,9.0,2,1,0,1,141.0,79.0,8.0,1.0,22.0,15.0,25.0,18.0,82.0,143.0,5,1,12,5,5,3,0,1
58,2022-10-29,17:00,38.0,43.0,Pierre Brousset,5.0,4.0,50.0,50.0,41.0,59.0,18.0,82.0,58.0,42.0,42.0,58.0,6.0,1.0,4.0,1.0,2.0,0.0,0.0,0.0,16.0,13.0,12.0,6.0,3.0,3.0,1.0,3.0,1.0,5.0,13.0,12.0,1,1,0,0,108.0,83.0,12.0,5.0,27.0,23.0,20.0,21.0,123.0,135.0,9,9,3,9,3,5,1,0
59,2022-10-29,17:00,23.0,19.0,Vivien Praderie,2.0,1.0,50.0,50.0,56.0,44.0,84.0,16.0,42.0,58.0,55.0,45.0,6.0,3.0,5.0,1.0,1.0,2.0,0.0,0.0,18.0,13.0,8.0,12.0,1.0,6.0,0.0,2.0,3.0,4.0,15.0,11.0,0,1,0,0,98.0,133.0,5.0,4.0,9.0,26.0,27.0,29.0,99.0,86.0,1,2,10,4,2,6,0,1
60,2022-10-29,17:00,21.0,38.0,Jonathan Gasnier,3.0,4.0,50.0,50.0,69.0,31.0,71.0,29.0,28.0,72.0,64.0,36.0,6.0,10.0,5.0,6.0,1.0,2.0,0.0,2.0,15.0,15.0,13.0,13.0,1.0,1.0,6.0,1.0,0.0,4.0,10.0,9.0,0,1,0,0,50.0,135.0,7.0,13.0,8.0,19.0,19.0,32.0,153.0,57.0,5,2,6,4,2,4,0,0
61,2022-10-29,17:00,28.0,21.0,Jonathan Dufort,3.0,3.0,50.0,50.0,28.0,72.0,36.0,64.0,71.0,29.0,30.0,70.0,6.0,5.0,6.0,4.0,0.0,0.0,0.0,1.0,10.0,14.0,7.0,10.0,0.0,1.0,4.0,1.0,3.0,0.0,4.0,7.0,1,0,0,0,133.0,147.0,1.0,5.0,29.0,25.0,24.0,25.0,139.0,174.0,6,4,12,13,5,5,0,1
62,2022-10-29,21:05,26.0,22.0,,2.0,3.0,50.0,50.0,41.0,59.0,21.0,79.0,63.0,37.0,46.0,54.0,8.0,7.0,7.0,7.0,1.0,0.0,0.0,0.0,17.0,15.0,14.0,9.0,6.0,1.0,1.0,6.0,4.0,1.0,15.0,11.0,1,0,0,0,150.0,100.0,7.0,8.0,26.0,11.0,31.0,20.0,119.0,114.0,3,7,2,17,4,2,0,1
63,2022-10-30,21:05,27.0,26.0,Jeremy Rozier,3.0,2.0,50.0,50.0,49.0,51.0,8.0,92.0,53.0,47.0,48.0,52.0,7.0,5.0,5.0,5.0,1.0,0.0,1.0,0.0,14.0,21.0,12.0,15.0,4.0,1.0,1.0,3.0,2.0,4.0,11.0,5.0,0,0,0,0,57.0,123.0,1.0,6.0,9.0,20.0,27.0,29.0,118.0,46.0,3,1,5,2,3,4,0,1
64,2022-11-05,15:00,16.0,16.0,Adrien Descottes,,,,,,,,,,,,,,,,,,,,,,,,,,,,,,,,,0,0,0,0,,,,,,,,,,,0,0,0,0,0,0,0,0
65,2022-11-05,17:00,20.0,25.0,Pierre Baptiste Nuchy,,,,,,,,,,,,,,,,,,,,,,,,,,,,,,,,,0,0,0,0,,,,,,,,,,,0,0,0,0,0,0,0,0
66,2022-11-05,17:00,17.0,19.0,Vivien Praderie,,,,,,,,,,,,,,,,,,,,,,,,,,,,,,,,,0,0,0,0,,,,,,,,,,,0,0,0,0,0,0,0,0
67,2022-11-05,17:00,26.0,20.0,Benoit Rousselet,2.0,2.0,50.0,50.0,35.0,65.0,48.0,52.0,69.0,31.0,36.0,64.0,8.0,7.0,7.0,6.0,0.0,0.0,1.0,1.0,16.0,10.0,16.0,8.0,1.0,0.0,4.0,5.0,4.0,2.0,9.0,12.0,2,1,0,0,106.0,137.0,13.0,3.0,8.0,16.0,35.0,30.0,150.0,103.0,0,0,0,0,0,0,0,1
68,2022-11-05,17:00,44.0,20.0,Vincent Blasco Baque,,,,,,,,,,,,,,,,,,,,,,,,,,,,,,,,,0,0,0,0,,,,,,,,,,,0,0,0,0,0,0,0,0
69,2022-11-06,15:15,33.0,7.0,Jonathan Dufort,,,,,,,,,,,,,,,,,,,,,,,,,,,,,,,,,0,0,0,0,,,,,,,,,,,0,0,0,0,0,0,0,0
70,2022-11-06,21:05,16.0,26.0,Thomas Charabas,1.0,2.0,50.0,50.0,59.0,41.0,43.0,57.0,42.0,58.0,59.0,41.0,5.0,9.0,4.0,8.0,1.0,0.0,0.0,1.0,12.0,13.0,7.0,10.0,0.0,4.0,4.0,2.0,3.0,4.0,8.0,9.0,0,0,0,0,143.0,126.0,4.0,8.0,14.0,15.0,28.0,34.0,109.0,80.0,0,0,0,0,0,0,0,0
71,2022-11-26,15:00,35.0,14.0,Jonathan Gasnier,,,,,,,,,,,,,,,,,,,,,,,,,,,,,,,,,0,0,0,0,,,,,,,,,,,0,0,0,0,0,0,0,0
72,2022-11-26,15:00,22.0,6.0,Mathieu Raynal,,,,,,,,,,,,,,,,,,,,,,,,,,,,,,,,,0,0,0,0,,,,,,,,,,,0,0,0,0,0,0,0,0
73,2022-11-26,15:00,53.0,7.0,Luc Ramos,,,,,,,,,,,,,,,,,,,,,,,,,,,,,,,,,0,0,0,0,,,,,,,,,,,0,0,0,0,0,0,0,0
74,2022-11-26,15:00,23.0,20.0,Adrien Marbot,,,,,,,,,,,,,,,,,,,,,,,,,,,,,,,,,0,0,0,0,,,,,,,,,,,0,0,0,0,0,0,0,0
75,2022-11-26,21:05,12.0,17.0,Ludovic Cayre,,,,,,,,,,,,,,,,,,,,,,,,,,,,,,,,,0,0,0,0,,,,,,,,,,,0,0,0,0,0,0,0,0
76,2022-11-27,17:00,46.0,12.0,Vivien Praderie,,,,,,,,,,,,,,,,,,,,,,,,,,,,,,,,,0,0,0,0,,,,,,,,,,,0,0,0,0,0,0,0,0
77,2022-11-27,21:05,21.0,14.0,Tual Trainini,,,,,,,,,,,,,,,,,,,,,,,,,,,,,,,,,0,0,0,0,,,,,,,,,,,0,0,0,0,0,0,0,0
78,2022-12-03,15:00,19.0,14.0,Luc Pearce,,,,,,,,,,,,,,,,,,,,,,,,,,,,,,,,,0,0,0,0,,,,,,,,,,,0,0,0,0,0,0,0,0
79,2022-12-03,17:00,19.0,7.0,Tom Foley,,,,,,,,,,,,,,,,,,,,,,,,,,,,,,,,,0,0,0,0,,,,,,,,,,,0,0,0,0,0,0,0,0
80,2022-12-03,17:00,33.0,13.0,Andrea Piardi,,,,,,,,,,,,,,,,,,,,,,,,,,,,,,,,,0,0,0,0,,,,,,,,,,,0,0,0,0,0,0,0,0
81,2022-12-03,17:00,34.0,13.0,Craig Evans,,,,,,,,,,,,,,,,,,,,,,,,,,,,,,,,,0,0,0,0,,,,,,,,,,,0,0,0,0,0,0,0,0
82,2022-12-03,21:05,27.0,14.0,Pierre Brousset,,,,,,,,,,,,,,,,,,,,,,,,,,,,,,,,,0,0,0,0,,,,,,,,,,,0,0,0,0,0,0,0,0
83,2022-12-04,14:00,26.0,22.0,Chris Busby,,,,,,,,,,,,,,,,,,,,,,,,,,,,,,,,,0,0,0,0,,,,,,,,,,,0,0,0,0,0,0,0,0
84,2022-12-04,21:05,14.0,31.0,Nika Amashukeli,,,,,,,,,,,,,,,,,,,,,,,,,,,,,,,,,0,0,0,0,,,,,,,,,,,0,0,0,0,0,0,0,0
85,2022-12-22,21:00,21.0,3.0,Vincent Blasco Baque,,,,,,,,,,,,,,,,,,,,,,,,,,,,,,,,,0,0,0,0,,,,,,,,,,,0,0,0,0,0,0,0,0
86,2022-12-23,18:45,20.0,16.0,Thomas Charabas,,,,,,,,,,,,,,,,,,,,,,,,,,,,,,,,,0,0,0,0,,,,,,,,,,,0,0,0,0,0,0,0,0
87,2022-12-23,18:45,38.0,10.0,Sebastien Minery,,,,,,,,,,,,,,,,,,,,,,,,,,,,,,,,,0,0,0,0,,,,,,,,,,,0,0,0,0,0,0,0,0
88,2022-12-23,18:45,22.0,22.0,Ludovic Cayre,,,,,,,,,,,,,,,,,,,,,,,,,,,,,,,,,0,0,0,0,,,,,,,,,,,0,0,0,0,0,0,0,0
89,2022-12-23,18:45,8.0,12.0,Adrien Descottes,,,,,,,,,,,,,,,,,,,,,,,,,,,,,,,,,0,0,0,0,,,,,,,,,,,0,0,0,0,0,0,0,0
90,2022-12-23,21:00,22.0,18.0,Adrien Marbot,,,,,,,,,,,,,,,,,,,,,,,,,,,,,,,,,0,0,0,0,,,,,,,,,,,0,0,0,0,0,0,0,0
91,2022-12-24,15:00,10.0,48.0,Mathieu Raynal,,,,,,,,,,,,,,,,,,,,,,,,,,,,,,,,,0,0,0,0,,,,,,,,,,,0,0,0,0,0,0,0,0
92,2022-12-30,21:00,40.0,10.0,Pierre Brousset,,,,,,,,,,,,,,,,,,,,,,,,,,,,,,,,,0,0,0,0,,,,,,,,,,,0,0,0,0,0,0,0,0
93,2022-12-31,15:00,23.0,18.0,Vivien Praderie,,,,,,,,,,,,,,,,,,,,,,,,,,,,,,,,,0,0,0,0,,,,,,,,,,,0,0,0,0,0,0,0,0
94,2022-12-31,17:00,26.0,26.0,Tual Trainini,,,,,,,,,,,,,,,,,,,,,,,,,,,,,,,,,0,0,0,0,,,,,,,,,,,0,0,0,0,0,0,0,0
95,2022-12-31,17:00,27.0,30.0,Adrien Descottes,,,,,,,,,,,,,,,,,,,,,,,,,,,,,,,,,0,0,0,0,,,,,,,,,,,0,0,0,0,0,0,0,0
96,2022-12-31,17:00,37.0,3.0,Benoit Rousselet,,,,,,,,,,,,,,,,,,,,,,,,,,,,,,,,,0,0,0,0,,,,,,,,,,,0,0,0,0,0,0,0,0
97,2022-12-31,17:00,10.0,29.0,Pierre Baptiste Nuchy,,,,,,,,,,,,,,,,,,,,,,,,,,,,,,,,,0,0,0,0,,,,,,,,,,,0,0,0,0,0,0,0,0
98,2023-01-01,21:00,13.0,32.0,Luc Ramos,,,,,,,,,,,,,,,,,,,,,,,,,,,,,,,,,0,0,0,0,,,,,,,,,,,0,0,0,0,0,0,0,0
99,2023-01-07,15:00,23.0,15.0,Mathieu Raynal,,,,,,,,,,,,,,,,,,,,,,,,,,,,,,,,,0,0,0,0,,,,,,,,,,,0,0,0,0,0,0,0,0
100,2023-01-07,17:00,31.0,20.0,Vincent Blasco Baque,,,,,,,,,,,,,,,,,,,,,,,,,,,,,,,,,0,0,0,0,,,,,,,,,,,0,0,0,0,0,0,0,0
101,2023-01-07,17:00,26.0,17.0,Sebastien Minery,,,,,,,,,,,,,,,,,,,,,,,,,,,,,,,,,0,0,0,0,,,,,,,,,,,0,0,0,0,0,0,0,0
102,2023-01-07,17:00,12.0,21.0,Pierre Baptiste Nuchy,,,,,,,,,,,,,,,,,,,,,,,,,,,,,,,,,0,0,0,0,,,,,,,,,,,0,0,0,0,0,0,0,0
103,2023-01-07,17:00,26.0,7.0,Ludovic Cayre,,,,,,,,,,,,,,,,,,,,,,,,,,,,,,,,,0,0,0,0,,,,,,,,,,,0,0,0,0,0,0,0,0
104,2023-01-07,21:05,30.0,7.0,Thomas Charabas,,,,,,,,,,,,,,,,,,,,,,,,,,,,,,,,,0,0,0,0,,,,,,,,,,,0,0,0,0,0,0,0,0
105,2023-01-08,21:05,17.0,12.0,Adrien Marbot,,,,,,,,,,,,,,,,,,,,,,,,,,,,,,,,,0,0,0,0,,,,,,,,,,,0,0,0,0,0,0,0,0
106,2023-01-28,15:00,34.0,14.0,Tual Trainini,,,,,,,,,,,,,,,,,,,,,,,,,,,,,,,,,0,0,0,0,,,,,,,,,,,0,0,0,0,0,0,0,0
107,2023-01-28,17:00,37.0,9.0,Luc Ramos,,,,,,,,,,,,,,,,,,,,,,,,,,,,,,,,,0,0,0,0,,,,,,,,,,,0,0,0,0,0,0,0,0
108,2023-01-28,17:00,23.0,18.0,Vivien Praderie,,,,,,,,,,,,,,,,,,,,,,,,,,,,,,,,,0,0,0,0,,,,,,,,,,,0,0,0,0,0,0,0,0
109,2023-01-28,17:00,27.0,16.0,Jonathan Gasnier,,,,,,,,,,,,,,,,,,,,,,,,,,,,,,,,,0,0,0,0,,,,,,,,,,,0,0,0,0,0,0,0,0
110,2023-01-28,17:00,31.0,24.0,Pierre Brousset,,,,,,,,,,,,,,,,,,,,,,,,,,,,,,,,,0,0,0,0,,,,,,,,,,,0,0,0,0,0,0,0,0
111,2023-01-28,21:05,39.0,36.0,Ben O'keeffe,,,,,,,,,,,,,,,,,,,,,,,,,,,,,,,,,0,0,0,0,,,,,,,,,,,0,0,0,0,0,0,0,0
112,2023-01-29,21:05,23.0,9.0,Nic Berry,,,,,,,,,,,,,,,,,,,,,,,,,,,,,,,,,0,0,0,0,,,,,,,,,,,0,0,0,0,0,0,0,0
113,2023-02-04,15:00,21.0,16.0,Adrien Descottes,,,,,,,,,,,,,,,,,,,,,,,,,,,,,,,,,0,0,0,0,,,,,,,,,,,0,0,0,0,0,0,0,0
114,2023-02-04,17:00,41.0,26.0,Pierre Baptiste Nuchy,,,,,,,,,,,,,,,,,,,,,,,,,,,,,,,,,0,0,0,0,,,,,,,,,,,0,0,0,0,0,0,0,0
115,2023-02-04,17:00,22.0,24.0,Ludovic Cayre,,,,,,,,,,,,,,,,,,,,,,,,,,,,,,,,,0,0,0,0,,,,,,,,,,,0,0,0,0,0,0,0,0
116,2023-02-04,17:00,38.0,19.0,Vincent Blasco Baque,,,,,,,,,,,,,,,,,,,,,,,,,,,,,,,,,0,0,0,0,,,,,,,,,,,0,0,0,0,0,0,0,0
117,2023-02-04,17:00,16.0,20.0,Vivien Praderie,,,,,,,,,,,,,,,,,,,,,,,,,,,,,,,,,0,0,0,0,,,,,,,,,,,0,0,0,0,0,0,0,0
118,2023-02-04,21:05,18.0,20.0,Pierre Brousset,,,,,,,,,,,,,,,,,,,,,,,,,,,,,,,,,0,0,0,0,,,,,,,,,,,0,0,0,0,0,0,0,0
119,2023-02-05,21:05,12.0,6.0,Tual Trainini,,,,,,,,,,,,,,,,,,,,,,,,,,,,,,,,,0,0,0,0,,,,,,,,,,,0,0,0,0,0,0,0,0
120,2023-02-18,15:00,29.0,26.0,Vivien Praderie,,,,,,,,,,,,,,,,,,,,,,,,,,,,,,,,,0,0,0,0,,,,,,,,,,,0,0,0,0,0,0,0,0
121,2023-02-18,17:00,17.0,32.0,Mathieu Raynal,,,,,,,,,,,,,,,,,,,,,,,,,,,,,,,,,0,0,0,0,,,,,,,,,,,0,0,0,0,0,0,0,0
122,2023-02-18,17:00,31.0,21.0,Thomas Charabas,,,,,,,,,,,,,,,,,,,,,,,,,,,,,,,,,0,0,0,0,,,,,,,,,,,0,0,0,0,0,0,0,0
123,2023-02-18,17:00,34.0,24.0,Benoit Rousselet,,,,,,,,,,,,,,,,,,,,,,,,,,,,,,,,,0,0,0,0,,,,,,,,,,,0,0,0,0,0,0,0,0
124,2023-02-18,17:00,49.0,29.0,Luc Ramos,,,,,,,,,,,,,,,,,,,,,,,,,,,,,,,,,0,0,0,0,,,,,,,,,,,0,0,0,0,0,0,0,0
125,2023-02-18,21:05,17.0,6.0,Pierre Baptiste Nuchy,,,,,,,,,,,,,,,,,,,,,,,,,,,,,,,,,0,0,0,0,,,,,,,,,,,0,0,0,0,0,0,0,0
126,2023-02-19,21:05,18.0,9.0,Vincent Blasco Baque,,,,,,,,,,,,,,,,,,,,,,,,,,,,,,,,,0,0,0,0,,,,,,,,,,,0,0,0,0,0,0,0,0
127,2023-02-25,15:00,27.0,17.0,Adrien Descottes,3.0,2.0,50.0,50.0,51.0,49.0,53.0,47.0,47.0,53.0,55.0,45.0,7.0,12.0,5.0,8.0,1.0,2.0,1.0,2.0,10.0,15.0,10.0,12.0,1.0,0.0,5.0,6.0,2.0,1.0,8.0,11.0,0,0,0,0,92.0,149.0,3.0,10.0,20.0,17.0,34.0,26.0,139.0,84.0,6,4,7,6,6,6,0,0
128,2023-02-25,17:00,41.0,10.0,Vincent Blasco Baque,4.0,1.0,50.0,50.0,50.0,50.0,50.0,50.0,51.0,49.0,50.0,50.0,11.0,5.0,8.0,4.0,0.0,1.0,3.0,0.0,15.0,17.0,11.0,12.0,1.0,0.0,4.0,4.0,2.0,1.0,11.0,19.0,0,2,0,0,78.0,103.0,0.0,9.0,18.0,30.0,34.0,21.0,139.0,110.0,7,3,17,7,5,5,1,0
129,2023-02-25,17:00,43.0,7.0,Thomas Charabas,6.0,1.0,50.0,50.0,57.0,43.0,64.0,36.0,43.0,57.0,59.0,41.0,9.0,9.0,6.0,7.0,0.0,1.0,3.0,1.0,15.0,8.0,12.0,7.0,1.0,2.0,2.0,4.0,1.0,0.0,5.0,12.0,0,1,0,0,110.0,140.0,7.0,8.0,20.0,40.0,30.0,24.0,187.0,144.0,10,6,18,11,3,3,1,0
130,2023-02-25,17:00,45.0,11.0,Ludovic Cayre,5.0,1.0,50.0,50.0,38.0,62.0,33.0,67.0,64.0,36.0,41.0,59.0,5.0,6.0,5.0,3.0,0.0,1.0,0.0,2.0,12.0,12.0,8.0,10.0,1.0,1.0,4.0,3.0,4.0,2.0,7.0,14.0,0,0,0,0,132.0,96.0,10.0,10.0,20.0,26.0,30.0,22.0,109.0,132.0,7,2,18,5,6,3,1,0
131,2023-02-25,17:00,32.0,16.0,Pierre Baptiste Nuchy,4.0,1.0,50.0,50.0,67.0,33.0,85.0,15.0,35.0,65.0,71.0,29.0,9.0,6.0,7.0,4.0,1.0,0.0,1.0,2.0,14.0,14.0,8.0,13.0,1.0,2.0,3.0,2.0,2.0,3.0,12.0,10.0,0,0,0,0,70.0,158.0,4.0,2.0,12.0,28.0,30.0,33.0,143.0,80.0,7,0,4,2,4,5,1,0
132,2023-02-25,21:05,34.0,10.0,Tual Trainini,4.0,1.0,50.0,50.0,49.0,51.0,51.0,49.0,54.0,46.0,48.0,52.0,6.0,8.0,5.0,5.0,1.0,2.0,0.0,1.0,14.0,16.0,12.0,9.0,2.0,0.0,4.0,3.0,2.0,1.0,12.0,14.0,1,1,0,0,103.0,185.0,4.0,6.0,12.0,32.0,21.0,17.0,239.0,100.0,9,1,27,7,3,4,1,0
133,2023-02-26,21:05,36.0,21.0,Adrien Marbot,,,,,,,,,,,,,,,,,,,,,,,,,,,,,,,,,0,0,0,0,,,,,,,,,,,0,0,0,0,0,0,0,0
134,2023-03-04,15:00,34.0,6.0,Benoit Rousselet,5.0,0.0,50.0,50.0,57.0,43.0,68.0,32.0,42.0,58.0,57.0,43.0,4.0,6.0,4.0,5.0,0.0,0.0,0.0,1.0,21.0,12.0,19.0,11.0,1.0,1.0,2.0,3.0,1.0,2.0,11.0,12.0,2,2,0,1,164.0,122.0,9.0,6.0,24.0,31.0,27.0,21.0,150.0,148.0,7,1,8,9,3,1,1,0
135,2023-03-04,17:15,7.0,28.0,Jonathan Gasnier,1.0,3.0,50.0,50.0,49.0,51.0,57.0,43.0,50.0,50.0,49.0,51.0,9.0,13.0,8.0,12.0,0.0,0.0,1.0,1.0,15.0,13.0,15.0,7.0,3.0,0.0,4.0,5.0,0.0,3.0,7.0,11.0,0,1,0,0,89.0,112.0,6.0,9.0,20.0,12.0,44.0,40.0,116.0,106.0,0,4,6,8,1,3,0,0
136,2023-03-04,17:15,27.0,22.0,Adrien Descottes,2.0,3.0,50.0,50.0,51.0,49.0,28.0,72.0,49.0,51.0,51.0,49.0,8.0,3.0,7.0,3.0,1.0,0.0,0.0,0.0,13.0,13.0,11.0,12.0,0.0,0.0,2.0,2.0,5.0,1.0,10.0,11.0,1,1,0,0,114.0,111.0,4.0,10.0,21.0,23.0,34.0,28.0,113.0,121.0,2,3,10,9,1,2,0,1
137,2023-03-04,17:15,32.0,36.0,Vincent Blasco Baque,4.0,3.0,50.0,50.0,57.0,43.0,33.0,67.0,44.0,56.0,56.0,44.0,7.0,3.0,5.0,3.0,0.0,0.0,2.0,0.0,12.0,11.0,12.0,10.0,0.0,0.0,1.0,4.0,2.0,5.0,11.0,6.0,1,0,0,0,135.0,79.0,9.0,4.0,27.0,15.0,27.0,31.0,86.0,154.0,3,4,4,16,3,2,1,0
138,2023-03-04,17:15,34.0,27.0,Adrien Marbot,4.0,3.0,50.0,50.0,63.0,37.0,54.0,46.0,36.0,64.0,60.0,40.0,10.0,9.0,4.0,6.0,3.0,0.0,3.0,3.0,10.0,9.0,7.0,7.0,0.0,2.0,3.0,3.0,2.0,2.0,7.0,6.0,0,1,0,0,75.0,120.0,8.0,10.0,18.0,36.0,13.0,21.0,153.0,88.0,8,2,16,7,1,3,0,1
139,2023-03-04,21:05,37.0,9.0,Ludovic Cayre,3.0,0.0,50.0,50.0,56.0,44.0,49.0,51.0,45.0,55.0,56.0,44.0,6.0,6.0,4.0,5.0,0.0,1.0,2.0,0.0,13.0,11.0,9.0,9.0,0.0,2.0,4.0,2.0,3.0,3.0,10.0,13.0,1,1,0,0,136.0,79.0,19.0,4.0,19.0,21.0,33.0,27.0,91.0,113.0,6,1,12,6,6,3,1,0
140,2023-03-05,21:05,35.0,39.0,Luc Ramos,5.0,5.0,50.0,50.0,49.0,51.0,42.0,58.0,50.0,50.0,49.0,51.0,7.0,8.0,5.0,5.0,1.0,0.0,1.0,3.0,13.0,18.0,10.0,14.0,3.0,2.0,3.0,6.0,2.0,2.0,14.0,10.0,1,0,0,0,115.0,78.0,12.0,5.0,22.0,23.0,18.0,15.0,111.0,109.0,5,8,8,8,9,3,1,0
141,2023-03-25,15:00,27.0,17.0,Adrien Marbot,2.0,2.0,50.0,50.0,34.0,66.0,29.0,71.0,68.0,32.0,37.0,63.0,7.0,11.0,6.0,6.0,1.0,2.0,0.0,3.0,9.0,11.0,8.0,9.0,1.0,0.0,3.0,3.0,5.0,1.0,10.0,11.0,2,0,0,0,149.0,101.0,10.0,14.0,41.0,15.0,20.0,8.0,100.0,177.0,3,7,10,23,5,2,0,0
142,2023-03-25,17:00,38.0,10.0,Sebastien Minery,6.0,0.0,50.0,50.0,55.0,45.0,76.0,24.0,46.0,54.0,52.0,48.0,8.0,3.0,5.0,1.0,0.0,2.0,3.0,0.0,18.0,10.0,13.0,6.0,1.0,3.0,2.0,3.0,0.0,1.0,10.0,17.0,1,2,0,2,109.0,158.0,5.0,14.0,23.0,33.0,18.0,16.0,160.0,139.0,10,5,6,9,6,0,1,0
143,2023-03-25,17:00,20.0,30.0,Adrien Descottes,2.0,3.0,50.0,50.0,58.0,42.0,61.0,39.0,43.0,57.0,57.0,43.0,4.0,7.0,2.0,2.0,1.0,4.0,1.0,1.0,12.0,15.0,9.0,13.0,1.0,2.0,4.0,1.0,2.0,3.0,10.0,11.0,1,0,0,0,116.0,112.0,4.0,5.0,18.0,24.0,24.0,28.0,150.0,138.0,5,4,12,10,1,4,0,0
144,2023-03-25,17:00,23.0,27.0,Luc Ramos,2.0,3.0,50.0,50.0,58.0,42.0,53.0,47.0,42.0,58.0,57.0,43.0,13.0,5.0,8.0,5.0,2.0,0.0,3.0,0.0,12.0,13.0,10.0,13.0,0.0,0.0,3.0,5.0,3.0,2.0,10.0,9.0,0,0,0,0,56.0,119.0,1.0,14.0,17.0,30.0,28.0,36.0,163.0,112.0,7,5,6,11,2,3,1,0
145,2023-03-25,17:00,22.0,23.0,Pierre Brousset,3.0,2.0,50.0,50.0,50.0,50.0,56.0,44.0,51.0,49.0,50.0,50.0,12.0,4.0,8.0,4.0,2.0,0.0,2.0,0.0,11.0,14.0,6.0,12.0,0.0,2.0,3.0,7.0,1.0,3.0,12.0,7.0,0,0,0,0,122.0,91.0,7.0,8.0,27.0,25.0,27.0,24.0,114.0,125.0,6,4,10,17,3,4,1,0
146,2023-03-25,21:05,6.0,36.0,Tual Trainini,0.0,3.0,50.0,50.0,48.0,52.0,32.0,68.0,50.0,50.0,51.0,49.0,3.0,8.0,3.0,8.0,0.0,0.0,0.0,0.0,17.0,9.0,17.0,8.0,1.0,0.0,2.0,2.0,2.0,5.0,16.0,12.0,2,1,0,0,217.0,133.0,16.0,8.0,20.0,20.0,22.0,24.0,131.0,148.0,1,5,9,7,2,4,0,1
147,2023-03-26,21:05,13.0,17.0,Mathieu Raynal,1.0,2.0,50.0,50.0,51.0,49.0,52.0,48.0,50.0,50.0,50.0,50.0,6.0,6.0,5.0,5.0,1.0,1.0,0.0,0.0,22.0,13.0,19.0,11.0,1.0,2.0,1.0,4.0,2.0,1.0,6.0,14.0,0,1,0,1,76.0,144.0,5.0,7.0,12.0,28.0,23.0,33.0,128.0,52.0,2,5,7,5,3,4,1,0
148,2023-04-15,15:00,31.0,28.0,Vivien Praderie,3.0,1.0,50.0,50.0,64.0,36.0,85.0,15.0,38.0,62.0,62.0,38.0,8.0,9.0,5.0,8.0,3.0,1.0,0.0,0.0,15.0,8.0,12.0,8.0,0.0,2.0,5.0,7.0,1.0,7.0,10.0,8.0,1,2,0,0,97.0,130.0,4.0,16.0,23.0,26.0,28.0,31.0,138.0,112.0,6,2,10,7,1,5,0,1
149,2023-04-15,17:00,22.0,27.0,Vincent Blasco Baque,3.0,3.0,50.0,50.0,50.0,50.0,52.0,48.0,51.0,49.0,50.0,50.0,12.0,5.0,11.0,4.0,1.0,0.0,0.0,1.0,12.0,14.0,11.0,8.0,0.0,1.0,4.0,5.0,1.0,2.0,11.0,15.0,0,1,0,0,105.0,99.0,3.0,6.0,24.0,18.0,26.0,23.0,129.0,103.0,6,4,8,6,0,3,1,0
150,2023-04-15,17:00,19.0,28.0,Thomas Charabas,3.0,4.0,50.0,50.0,68.0,32.0,66.0,34.0,31.0,69.0,64.0,36.0,10.0,6.0,5.0,3.0,1.0,3.0,4.0,0.0,14.0,12.0,12.0,9.0,0.0,0.0,4.0,2.0,0.0,0.0,8.0,14.0,1,2,0,0,135.0,217.0,1.0,7.0,22.0,29.0,19.0,25.0,221.0,104.0,6,7,19,19,3,6,0,0
151,2023-04-15,17:00,37.0,15.0,Jeremy Rozier,5.0,2.0,50.0,50.0,56.0,44.0,58.0,42.0,42.0,58.0,53.0,47.0,11.0,4.0,11.0,3.0,0.0,1.0,0.0,0.0,21.0,11.0,16.0,11.0,0.0,1.0,3.0,8.0,2.0,1.0,8.0,18.0,0,1,0,1,123.0,149.0,9.0,3.0,23.0,27.0,14.0,14.0,142.0,122.0,8,4,6,6,2,2,1,0
152,2023-04-15,17:00,23.0,18.0,Pierre Baptiste Nuchy,2.0,2.0,50.0,50.0,33.0,67.0,36.0,64.0,67.0,33.0,32.0,68.0,6.0,6.0,5.0,5.0,0.0,1.0,1.0,0.0,10.0,13.0,6.0,10.0,0.0,1.0,4.0,1.0,3.0,2.0,14.0,10.0,0,1,0,0,159.0,96.0,6.0,15.0,30.0,17.0,29.0,15.0,96.0,176.0,5,4,5,13,3,4,0,1
153,2023-04-15,21:05,26.0,6.0,Ludovic Cayre,2.0,0.0,50.0,50.0,52.0,48.0,45.0,55.0,48.0,52.0,51.0,49.0,7.0,7.0,3.0,6.0,1.0,0.0,3.0,1.0,23.0,13.0,19.0,11.0,1.0,1.0,5.0,2.0,4.0,2.0,9.0,16.0,1,2,0,0,76.0,151.0,3.0,9.0,22.0,23.0,26.0,31.0,157.0,104.0,6,3,5,5,3,5,0,0
154,2023-04-16,21:05,36.0,31.0,Benoit Rousselet,2.0,4.0,53.0,47.0,57.0,43.0,57.0,43.0,42.0,58.0,56.0,44.0,1.0,17.0,1.0,12.0,0.0,1.0,0.0,4.0,13.0,12.0,13.0,11.0,0.0,0.0,9.0,1.0,5.0,1.0,4.0,11.0,1,3,0,0,101.0,150.0,14.0,13.0,20.0,31.0,23.0,28.0,175.0,114.0,10,5,18,8,6,2,0,1
155,2023-04-22,15:00,26.0,13.0,Adrien Marbot,4.0,1.0,56.0,44.0,50.0,50.0,52.0,48.0,50.0,50.0,49.0,51.0,9.0,4.0,8.0,4.0,1.0,0.0,0.0,0.0,13.0,15.0,10.0,13.0,2.0,2.0,2.0,8.0,0.0,2.0,11.0,3.0,0,0,0,0,120.0,144.0,3.0,6.0,29.0,21.0,33.0,25.0,204.0,163.0,9,6,17,8,1,4,1,0
156,2023-04-22,17:00,33.0,30.0,Mathieu Raynal,3.0,4.0,44.0,56.0,49.0,51.0,59.0,41.0,50.0,50.0,49.0,51.0,5.0,8.0,4.0,4.0,1.0,2.0,0.0,2.0,11.0,14.0,9.0,12.0,0.0,1.0,4.0,2.0,3.0,2.0,6.0,12.0,0,1,0,0,149.0,112.0,11.0,9.0,22.0,16.0,33.0,37.0,97.0,149.0,2,9,7,6,7,1,0,1
157,2023-04-22,17:00,22.0,17.0,Luc Ramos,1.0,2.0,38.0,62.0,42.0,58.0,29.0,71.0,57.0,43.0,41.0,59.0,8.0,11.0,6.0,7.0,0.0,0.0,2.0,4.0,13.0,13.0,9.0,8.0,2.0,1.0,4.0,4.0,5.0,1.0,8.0,15.0,1,3,0,0,191.0,60.0,20.0,9.0,15.0,8.0,33.0,31.0,46.0,167.0,1,2,2,7,3,2,0,1
158,2023-04-22,17:00,31.0,18.0,Jonathan Gasnier,3.0,0.0,50.0,50.0,46.0,54.0,23.0,77.0,54.0,46.0,47.0,53.0,4.0,7.0,2.0,6.0,1.0,0.0,1.0,1.0,9.0,14.0,9.0,13.0,0.0,0.0,3.0,2.0,4.0,6.0,14.0,10.0,0,0,0,1,105.0,82.0,8.0,6.0,19.0,14.0,30.0,29.0,59.0,108.0,4,2,9,7,3,3,1,0
159,2023-04-22,17:00,30.0,21.0,Adrien Descottes,4.0,3.0,51.0,49.0,38.0,62.0,37.0,63.0,64.0,36.0,39.0,61.0,9.0,4.0,7.0,1.0,1.0,2.0,1.0,1.0,13.0,15.0,11.0,12.0,1.0,1.0,1.0,6.0,2.0,2.0,10.0,10.0,0,0,1,1,107.0,96.0,11.0,8.0,32.0,31.0,20.0,17.0,142.0,132.0,7,5,16,14,4,7,0,0
160,2023-04-22,21:05,19.0,10.0,Ludovic Cayre,1.0,1.0,64.0,36.0,66.0,34.0,80.0,20.0,36.0,64.0,67.0,33.0,8.0,4.0,7.0,1.0,1.0,3.0,0.0,0.0,10.0,11.0,9.0,7.0,3.0,1.0,1.0,6.0,4.0,1.0,8.0,11.0,0,0,0,0,75.0,163.0,8.0,15.0,17.0,13.0,32.0,27.0,151.0,56.0,3,2,2,4,3,4,0,0
161,2023-04-23,21:05,23.0,9.0,Pierre Brousset,2.0,0.0,46.0,54.0,52.0,48.0,47.0,53.0,50.0,50.0,53.0,47.0,3.0,10.0,3.0,6.0,0.0,2.0,0.0,2.0,18.0,18.0,13.0,15.0,2.0,3.0,4.0,2.0,3.0,3.0,11.0,8.0,0,0,0,0,115.0,123.0,12.0,4.0,22.0,28.0,33.0,33.0,145.0,178.0,5,3,7,15,3,2,0,0
162,2023-05-06,15:00,32.0,16.0,Benoit Rousselet,4.0,1.0,58.0,42.0,54.0,46.0,72.0,28.0,45.0,55.0,54.0,46.0,6.0,8.0,5.0,5.0,0.0,1.0,1.0,2.0,14.0,14.0,11.0,10.0,0.0,0.0,4.0,4.0,2.0,3.0,7.0,10.0,0,0,0,0,76.0,143.0,8.0,8.0,10.0,15.0,19.0,29.0,145.0,88.0,4,2,9,3,2,5,1,0
163,2023-05-06,17:00,41.0,31.0,Pierre Baptiste Nuchy,5.0,3.0,59.0,41.0,59.0,41.0,48.0,52.0,40.0,60.0,54.0,46.0,6.0,6.0,3.0,3.0,1.0,3.0,2.0,0.0,11.0,12.0,11.0,11.0,1.0,0.0,4.0,6.0,2.0,4.0,13.0,10.0,1,1,0,0,88.0,145.0,11.0,17.0,12.0,46.0,13.0,16.0,178.0,103.0,10,4,13,5,2,6,0,0
164,2023-05-06,17:00,26.0,27.0,Sebastien Minery,4.0,3.0,45.0,55.0,54.0,46.0,56.0,44.0,44.0,56.0,54.0,46.0,9.0,16.0,9.0,11.0,0.0,2.0,0.0,3.0,13.0,15.0,10.0,10.0,1.0,3.0,9.0,3.0,0.0,2.0,13.0,6.0,2,0,0,1,114.0,84.0,9.0,17.0,22.0,24.0,22.0,23.0,111.0,94.0,6,2,8,3,3,3,1,0
165,2023-05-06,17:00,55.0,14.0,Tual Trainini,7.0,2.0,51.0,49.0,50.0,50.0,43.0,57.0,50.0,50.0,50.0,50.0,10.0,6.0,8.0,6.0,0.0,0.0,2.0,0.0,11.0,13.0,9.0,11.0,2.0,2.0,6.0,5.0,2.0,0.0,11.0,9.0,0,0,0,0,107.0,114.0,4.0,5.0,18.0,32.0,30.0,23.0,153.0,115.0,9,4,15,14,5,1,1,0
166,2023-05-06,17:00,40.0,3.0,Vivien Praderie,5.0,0.0,56.0,44.0,45.0,55.0,52.0,48.0,55.0,45.0,45.0,55.0,6.0,8.0,6.0,7.0,0.0,1.0,0.0,0.0,11.0,15.0,11.0,8.0,0.0,0.0,6.0,9.0,3.0,1.0,10.0,10.0,0,2,0,0,100.0,127.0,22.0,5.0,28.0,24.0,34.0,23.0,140.0,117.0,7,5,10,14,7,5,1,0
167,2023-05-06,21:05,8.0,23.0,Mathieu Raynal,1.0,2.0,57.0,43.0,67.0,33.0,73.0,27.0,32.0,68.0,65.0,35.0,9.0,11.0,4.0,6.0,1.0,4.0,4.0,1.0,22.0,6.0,21.0,6.0,0.0,0.0,9.0,3.0,1.0,3.0,7.0,14.0,0,2,0,0,107.0,146.0,7.0,3.0,15.0,29.0,24.0,30.0,191.0,87.0,2,0,16,2,1,4,0,0
168,2023-05-07,21:05,31.0,17.0,Luc Ramos,4.0,2.0,62.0,38.0,65.0,35.0,77.0,23.0,36.0,64.0,71.0,29.0,10.0,8.0,9.0,7.0,0.0,0.0,1.0,1.0,18.0,15.0,14.0,11.0,3.0,2.0,5.0,6.0,1.0,1.0,6.0,15.0,0,1,0,0,56.0,146.0,6.0,13.0,13.0,45.0,36.0,38.0,136.0,63.0,10,3,12,3,0,3,0,0
175,2023-05-13,15:00,26.0,21.0,Thomas Charabas,2.0,2.0,44.0,56.0,47.0,53.0,23.0,77.0,53.0,47.0,49.0,51.0,8.0,5.0,6.0,4.0,1.0,1.0,1.0,0.0,10.0,10.0,7.0,9.0,1.0,2.0,1.0,3.0,4.0,3.0,6.0,11.0,0,0,0,0,131.0,75.0,2.0,3.0,33.0,20.0,19.0,17.0,116.0,157.0,4,3,15,14,6,4,0,1
169,2023-05-13,17:00,21.0,18.0,Vincent Blasco Baque,2.0,2.0,49.0,51.0,51.0,49.0,53.0,47.0,49.0,51.0,51.0,49.0,10.0,4.0,7.0,3.0,1.0,1.0,2.0,0.0,15.0,16.0,13.0,16.0,0.0,0.0,2.0,7.0,3.0,2.0,13.0,13.0,1,2,0,0,110.0,112.0,5.0,5.0,11.0,25.0,23.0,22.0,107.0,100.0,3,3,11,4,0,2,0,1
170,2023-05-13,17:00,28.0,0.0,Benoit Rousselet,4.0,0.0,45.0,55.0,45.0,55.0,44.0,56.0,56.0,44.0,45.0,55.0,8.0,9.0,5.0,7.0,1.0,1.0,2.0,1.0,15.0,23.0,11.0,21.0,2.0,2.0,7.0,6.0,0.0,0.0,14.0,7.0,2,0,0,1,159.0,103.0,7.0,6.0,13.0,29.0,40.0,38.0,147.0,166.0,8,2,20,9,5,2,1,0
171,2023-05-13,17:00,13.0,16.0,Pierre Brousset,1.0,1.0,60.0,40.0,66.0,34.0,53.0,47.0,33.0,67.0,61.0,39.0,7.0,5.0,7.0,2.0,0.0,2.0,0.0,1.0,18.0,16.0,13.0,9.0,6.0,2.0,5.0,7.0,2.0,3.0,12.0,17.0,0,3,0,0,79.0,178.0,5.0,4.0,21.0,26.0,20.0,23.0,187.0,71.0,7,2,8,5,1,4,1,0
172,2023-05-13,17:00,42.0,31.0,Adrien Descottes,6.0,4.0,53.0,47.0,46.0,54.0,53.0,47.0,55.0,45.0,46.0,54.0,7.0,6.0,6.0,5.0,0.0,0.0,1.0,1.0,18.0,12.0,16.0,12.0,0.0,0.0,3.0,5.0,0.0,1.0,9.0,15.0,0,1,0,0,133.0,109.0,8.0,6.0,18.0,32.0,26.0,17.0,150.0,132.0,3,7,18,4,7,7,0,0
173,2023-05-13,21:05,43.0,7.0,Ludovic Cayre,6.0,1.0,57.0,43.0,57.0,43.0,75.0,25.0,42.0,58.0,59.0,41.0,7.0,6.0,7.0,6.0,0.0,0.0,0.0,0.0,15.0,20.0,14.0,12.0,2.0,1.0,7.0,8.0,1.0,0.0,10.0,9.0,0,0,0,0,83.0,134.0,3.0,7.0,21.0,24.0,38.0,33.0,144.0,83.0,7,1,9,2,2,4,1,0
174,2023-05-14,21:05,31.0,31.0,Adrien Marbot,4.0,4.0,49.0,51.0,46.0,54.0,52.0,48.0,54.0,46.0,47.0,53.0,4.0,6.0,4.0,6.0,0.0,0.0,0.0,0.0,11.0,18.0,9.0,12.0,4.0,1.0,4.0,4.0,1.0,1.0,11.0,7.0,1,0,0,0,139.0,88.0,8.0,16.0,20.0,20.0,30.0,20.0,88.0,146.0,7,7,4,14,4,4,0,0
176,2023-05-28,21:05,32.0,25.0,Vivien Praderie,5.0,3.0,61.0,39.0,58.0,42.0,71.0,29.0,43.0,57.0,58.0,42.0,8.0,4.0,8.0,3.0,0.0,1.0,0.0,0.0,22.0,9.0,16.0,6.0,2.0,3.0,4.0,5.0,0.0,2.0,6.0,15.0,0,2,0,0,66.0,113.0,12.0,5.0,14.0,26.0,23.0,23.0,85.0,71.0,0,0,0,0,2,0,0,1
177,2023-05-28,21:05,26.0,16.0,Luc Ramos,2.0,1.0,39.0,61.0,53.0,47.0,34.0,66.0,47.0,53.0,53.0,47.0,4.0,14.0,3.0,8.0,1.0,2.0,0.0,4.0,14.0,11.0,8.0,9.0,0.0,1.0,7.0,8.0,4.0,3.0,12.0,13.0,1,1,0,0,163.0,64.0,16.0,4.0,26.0,18.0,24.0,26.0,81.0,130.0,2,5,7,9,6,2,0,0
178,2023-05-28,21:05,53.0,19.0,Tual Trainini,7.0,3.0,56.0,44.0,51.0,49.0,48.0,52.0,49.0,51.0,50.0,50.0,8.0,3.0,6.0,3.0,1.0,0.0,1.0,0.0,13.0,21.0,9.0,20.0,1.0,1.0,3.0,3.0,2.0,0.0,8.0,18.0,1,1,0,0,92.0,124.0,2.0,4.0,19.0,36.0,22.0,25.0,135.0,137.0,11,7,11,6,6,1,1,0
179,2023-05-28,21:05,35.0,19.0,Adrien Marbot,5.0,3.0,49.0,51.0,47.0,53.0,42.0,58.0,55.0,45.0,48.0,52.0,8.0,6.0,6.0,3.0,0.0,2.0,2.0,1.0,19.0,16.0,16.0,15.0,0.0,2.0,2.0,6.0,0.0,0.0,10.0,9.0,3,0,0,0,99.0,108.0,10.0,8.0,23.0,25.0,28.0,25.0,123.0,127.0,7,4,7,3,4,5,0,0
180,2023-05-28,21:05,35.0,10.0,Mathieu Raynal,5.0,1.0,58.0,42.0,55.0,45.0,67.0,33.0,46.0,54.0,54.0,46.0,10.0,9.0,8.0,6.0,1.0,1.0,1.0,2.0,20.0,8.0,19.0,6.0,2.0,1.0,6.0,6.0,0.0,1.0,7.0,17.0,0,1,0,0,87.0,157.0,12.0,6.0,11.0,25.0,31.0,33.0,169.0,104.0,8,5,8,8,5,3,1,0
181,2023-05-28,21:05,14.0,10.0,Pierre Baptiste Nuchy,2.0,1.0,55.0,45.0,49.0,51.0,48.0,52.0,52.0,48.0,49.0,51.0,11.0,6.0,8.0,6.0,1.0,0.0,2.0,0.0,16.0,13.0,15.0,10.0,1.0,1.0,3.0,5.0,0.0,1.0,8.0,8.0,0,1,0,0,101.0,141.0,9.0,7.0,20.0,15.0,29.0,25.0,135.0,120.0,1,2,4,5,3,6,0,1
182,2023-05-28,21:05,54.0,10.0,Sebastien Minery,8.0,1.0,45.0,55.0,43.0,57.0,44.0,56.0,57.0,43.0,45.0,55.0,9.0,6.0,8.0,6.0,0.0,0.0,1.0,0.0,14.0,13.0,8.0,12.0,0.0,4.0,5.0,3.0,0.0,1.0,14.0,13.0,0,1,0,0,131.0,111.0,8.0,6.0,26.0,28.0,17.0,15.0,125.0,141.0,9,1,20,8,5,1,1,0
10255,2023-08-18,21:05,26.0,7.0,Benoit Rousselet,2.0,1.0,50.0,50.0,50.0,50.0,50.0,50.0,50.0,50.0,50.0,50.0,0.0,0.0,0.0,0.0,0.0,0.0,0.0,0.0,0.0,0.0,0.0,0.0,0.0,0.0,0.0,0.0,2.0,0.0,0.0,0.0,0,0,0,0,0.0,0.0,0.0,0.0,0.0,0.0,0.0,0.0,0.0,0.0,4,3,3,10,2,2,0,0
10261,2023-08-19,14:00,23.0,18.0,Vincent Blasco Baque,2.0,2.0,58.0,42.0,62.0,38.0,48.0,52.0,38.0,62.0,60.0,40.0,9.0,7.0,6.0,5.0,1.0,0.0,2.0,2.0,13.0,17.0,11.0,11.0,3.0,2.0,6.0,4.0,3.0,2.0,9.0,12.0,0,2,1,0,70.0,134.0,3.0,13.0,10.0,15.0,29.0,26.0,161.0,76.0,8,2,14,3,2,0,0,1
10256,2023-08-19,18:10,7.0,29.0,Ludovic Cayre,1.0,2.0,46.0,54.0,45.0,55.0,38.0,62.0,55.0,45.0,45.0,55.0,7.0,13.0,4.0,7.0,2.0,3.0,1.0,3.0,16.0,10.0,9.0,9.0,1.0,4.0,8.0,6.0,0.0,5.0,14.0,11.0,1,3,0,0,75.0,75.0,5.0,8.0,14.0,21.0,17.0,31.0,92.0,74.0,5,4,9,8,0,1,0,0
10257,2023-08-19,18:10,36.0,17.0,Jonathan Gasnier,3.0,2.0,45.0,55.0,42.0,58.0,33.0,67.0,57.0,43.0,42.0,58.0,9.0,10.0,7.0,5.0,2.0,2.0,0.0,3.0,13.0,13.0,11.0,9.0,2.0,1.0,5.0,7.0,5.0,1.0,8.0,10.0,2,1,0,0,93.0,62.0,16.0,9.0,12.0,10.0,19.0,16.0,70.0,104.0,2,3,4,7,3,2,0,0
10258,2023-08-19,18:10,24.0,23.0,Tual Trainini,0.0,2.0,43.0,57.0,49.0,51.0,35.0,65.0,51.0,49.0,49.0,51.0,1.0,10.0,1.0,4.0,0.0,3.0,0.0,3.0,13.0,14.0,9.0,12.0,0.0,2.0,5.0,3.0,8.0,3.0,13.0,13.0,1,1,1,0,149.0,91.0,16.0,8.0,25.0,9.0,44.0,32.0,91.0,147.0,7,2,6,11,3,0,0,1
10259,2023-08-19,18:10,27.0,15.0,Adrien Marbot,3.0,0.0,48.0,52.0,56.0,44.0,71.0,29.0,42.0,58.0,55.0,45.0,8.0,7.0,5.0,5.0,2.0,1.0,1.0,1.0,14.0,9.0,9.0,7.0,1.0,1.0,3.0,6.0,2.0,5.0,9.0,10.0,0,1,0,0,111.0,124.0,10.0,4.0,19.0,17.0,23.0,23.0,145.0,133.0,5,2,8,2,3,3,1,0
10260,2023-08-20,21:05,26.0,15.0,Vivien Praderie,2.0,2.0,47.0,53.0,32.0,68.0,16.0,84.0,70.0,30.0,34.0,66.0,10.0,4.0,4.0,3.0,5.0,1.0,1.0,0.0,15.0,18.0,12.0,17.0,0.0,1.0,2.0,8.0,4.0,1.0,13.0,14.0,2,1,0,0,129.0,86.0,12.0,7.0,12.0,11.0,30.0,26.0,63.0,134.0,3,3,2,6,1,1,0,0
10265,2023-08-25,21:05,28.0,18.0,Vivien Praderie,1.0,2.0,50.0,50.0,50.0,50.0,50.0,50.0,50.0,50.0,50.0,50.0,0.0,0.0,0.0,0.0,0.0,0.0,0.0,0.0,0.0,0.0,0.0,0.0,0.0,0.0,0.0,0.0,6.0,2.0,0.0,0.0,2,2,0,0,0.0,0.0,0.0,0.0,0.0,0.0,0.0,0.0,0.0,0.0,2,2,4,4,2,3,0,0
10264,2023-08-26,15:00,35.0,14.0,Jeremy Rozier,4.0,2.0,60.0,40.0,48.0,52.0,44.0,56.0,55.0,45.0,47.0,53.0,8.0,20.0,6.0,14.0,0.0,0.0,2.0,6.0,16.0,12.0,12.0,8.0,2.0,0.0,5.0,4.0,3.0,0.0,10.0,12.0,1,2,0,0,100.0,149.0,14.0,8.0,15.0,15.0,31.0,24.0,163.0,110.0,4,3,9,7,3,3,0,0
10262,2023-08-26,17:00,25.0,23.0,Jonathan Gasnier,3.0,2.0,55.0,45.0,59.0,41.0,75.0,25.0,41.0,59.0,59.0,41.0,17.0,8.0,12.0,5.0,1.0,2.0,4.0,1.0,12.0,11.0,9.0,10.0,0.0,1.0,4.0,7.0,2.0,3.0,10.0,9.0,0,1,0,0,60.0,115.0,4.0,3.0,19.0,19.0,23.0,24.0,92.0,99.0,6,3,10,8,4,5,0,1
10263,2023-08-26,17:00,38.0,14.0,Benoit Rousselet,5.0,2.0,50.0,50.0,50.0,50.0,57.0,43.0,50.0,50.0,50.0,50.0,5.0,10.0,4.0,7.0,0.0,1.0,1.0,2.0,18.0,10.0,17.0,6.0,4.0,0.0,8.0,3.0,1.0,0.0,10.0,10.0,0,1,0,0,112.0,118.0,12.0,5.0,34.0,20.0,34.0,30.0,119.0,136.0,4,3,4,15,5,3,1,0
10266,2023-08-26,17:00,19.0,17.0,Adrien Marbot,1.0,3.0,45.0,55.0,47.0,53.0,30.0,70.0,52.0,48.0,48.0,52.0,8.0,5.0,7.0,4.0,0.0,0.0,1.0,1.0,13.0,11.0,10.0,10.0,0.0,1.0,4.0,8.0,4.0,0.0,8.0,7.0,0,0,0,0,192.0,146.0,23.0,11.0,27.0,27.0,34.0,32.0,175.0,189.0,3,4,8,10,5,2,0,1
10267,2023-08-26,21:00,19.0,14.0,Pierre Baptiste Nuchy,1.0,2.0,55.0,45.0,51.0,49.0,59.0,41.0,52.0,48.0,50.0,50.0,9.0,6.0,7.0,4.0,1.0,1.0,1.0,1.0,21.0,16.0,17.0,12.0,1.0,4.0,4.0,9.0,4.0,0.0,7.0,13.0,0,0,0,0,111.0,109.0,12.0,12.0,6.0,12.0,33.0,32.0,113.0,105.0,2,0,5,1,3,0,0,1
10268,2023-08-27,21:05,38.0,13.0,Adrien Descottes,6.0,1.0,44.0,56.0,40.0,60.0,39.0,61.0,63.0,37.0,45.0,55.0,9.0,6.0,7.0,2.0,1.0,3.0,1.0,1.0,11.0,17.0,11.0,14.0,0.0,0.0,6.0,6.0,0.0,2.0,15.0,14.0,1,0,0,1,145.0,111.0,21.0,1.0,27.0,32.0,15.0,14.0,136.0,143.0,9,3,12,10,4,5,1,0
10270,2023-09-02,15:00,21.0,27.0,Tual Trainini,2.0,3.0,52.0,48.0,58.0,42.0,66.0,34.0,41.0,59.0,56.0,44.0,13.0,7.0,10.0,7.0,1.0,0.0,2.0,0.0,15.0,10.0,13.0,8.0,1.0,0.0,7.0,10.0,3.0,2.0,11.0,14.0,0,1,0,0,98.0,101.0,6.0,4.0,26.0,11.0,21.0,18.0,111.0,103.0,2,8,5,10,3,2,0,0
10271,2023-09-02,17:00,37.0,0.0,Benoit Rousselet,4.0,0.0,49.0,51.0,45.0,55.0,57.0,43.0,55.0,45.0,45.0,55.0,11.0,10.0,11.0,7.0,0.0,0.0,0.0,3.0,12.0,10.0,10.0,5.0,3.0,0.0,7.0,15.0,3.0,0.0,8.0,14.0,0,1,0,0,154.0,111.0,9.0,14.0,29.0,26.0,24.0,15.0,106.0,183.0,4,5,16,11,3,4,1,0
10273,2023-09-02,17:00,24.0,9.0,Vincent Blasco Baque,3.0,0.0,39.0,61.0,42.0,58.0,26.0,74.0,57.0,43.0,45.0,55.0,5.0,11.0,4.0,8.0,1.0,0.0,0.0,3.0,13.0,14.0,13.0,10.0,2.0,0.0,6.0,4.0,1.0,2.0,14.0,12.0,2,1,0,0,160.0,72.0,7.0,2.0,14.0,6.0,20.0,21.0,69.0,107.0,1,3,4,8,4,1,1,0
10274,2023-09-02,17:00,40.0,10.0,Pierre Baptiste Nuchy,4.0,1.0,59.0,41.0,53.0,47.0,58.0,42.0,48.0,52.0,53.0,47.0,7.0,8.0,7.0,5.0,0.0,1.0,0.0,2.0,8.0,17.0,8.0,15.0,0.0,0.0,4.0,4.0,4.0,1.0,9.0,9.0,1,2,0,0,84.0,150.0,15.0,11.0,7.0,16.0,24.0,23.0,192.0,130.0,7,0,4,0,1,0,1,0
10275,2023-09-02,17:00,59.0,10.0,Vivien Praderie,9.0,2.0,52.0,48.0,49.0,51.0,59.0,41.0,53.0,47.0,49.0,51.0,5.0,12.0,4.0,4.0,0.0,4.0,1.0,4.0,20.0,8.0,18.0,5.0,2.0,0.0,5.0,2.0,0.0,0.0,5.0,16.0,0,2,0,0,117.0,113.0,11.0,5.0,10.0,33.0,25.0,18.0,149.0,135.0,0,0,0,0,0,0,1,0
10272,2023-09-02,21:05,11.0,10.0,Luc Ramos,1.0,1.0,42.0,58.0,48.0,52.0,51.0,49.0,51.0,49.0,50.0,50.0,8.0,10.0,5.0,6.0,2.0,1.0,1.0,3.0,15.0,16.0,13.0,14.0,1.0,0.0,7.0,6.0,2.0,1.0,15.0,11.0,1,0,0,0,139.0,90.0,16.0,7.0,13.0,6.0,28.0,32.0,81.0,133.0,0,0,0,0,0,0,0,1
10269,2023-09-03,21:05,22.0,17.0,Ludovic Cayre,1.0,2.0,57.0,43.0,52.0,48.0,46.0,54.0,47.0,53.0,52.0,48.0,7.0,4.0,5.0,3.0,1.0,1.0,1.0,0.0,12.0,20.0,10.0,15.0,3.0,2.0,4.0,5.0,5.0,1.0,7.0,8.0,0,0,0,0,84.0,155.0,5.0,20.0,13.0,15.0,46.0,37.0,104.0,105.0,4,4,8,3,1,3,0,1
10276,2023-10-29,14:00,16.0,3.0,Luc Ramos,1.0,0.0,52.0,48.0,57.0,43.0,69.0,31.0,42.0,58.0,57.0,43.0,6.0,9.0,6.0,6.0,0.0,2.0,0.0,1.0,19.0,26.0,18.0,19.0,6.0,1.0,6.0,2.0,3.0,1.0,14.0,12.0,0,0,0,0,117.0,138.0,15.0,4.0,6.0,14.0,42.0,31.0,130.0,100.0,2,1,4,3,4,3,0,0
10277,2023-10-29,16:05,24.0,39.0,Adrien Descottes,3.0,5.0,46.0,54.0,43.0,57.0,66.0,34.0,59.0,41.0,46.0,54.0,10.0,3.0,5.0,3.0,3.0,0.0,2.0,0.0,12.0,17.0,10.0,16.0,0.0,2.0,3.0,6.0,1.0,2.0,14.0,9.0,1,0,0,0,128.0,120.0,14.0,5.0,28.0,14.0,23.0,27.0,138.0,188.0,0,10,5,8,9,5,0,0
10279,2023-10-29,16:05,41.0,22.0,Ludovic Cayre,4.0,1.0,43.0,57.0,46.0,54.0,42.0,58.0,54.0,46.0,47.0,53.0,3.0,9.0,3.0,6.0,0.0,0.0,0.0,3.0,8.0,8.0,6.0,7.0,0.0,2.0,7.0,4.0,5.0,5.0,7.0,11.0,0,0,0,0,178.0,115.0,23.0,5.0,11.0,19.0,27.0,30.0,122.0,131.0,7,3,6,5,4,2,1,0
10280,2023-10-29,16:05,16.0,19.0,Tual Trainini,1.0,3.0,51.0,49.0,55.0,45.0,49.0,51.0,45.0,55.0,54.0,46.0,10.0,8.0,5.0,5.0,3.0,1.0,2.0,2.0,12.0,21.0,9.0,19.0,0.0,0.0,4.0,4.0,3.0,0.0,8.0,15.0,0,1,0,0,133.0,130.0,13.0,9.0,19.0,16.0,27.0,35.0,144.0,135.0,3,5,10,8,5,0,1,0
10281,2023-10-29,16:05,41.0,7.0,Jeremy Rozier,5.0,1.0,59.0,41.0,48.0,52.0,54.0,46.0,52.0,48.0,48.0,52.0,17.0,6.0,15.0,5.0,0.0,1.0,2.0,0.0,13.0,10.0,9.0,9.0,0.0,1.0,4.0,7.0,2.0,0.0,5.0,21.0,0,3,0,0,97.0,100.0,8.0,8.0,5.0,19.0,34.0,26.0,115.0,76.0,6,2,13,5,5,4,1,0
10278,2023-10-29,18:10,24.0,27.0,Thomas Charabas,3.0,3.0,61.0,39.0,51.0,49.0,65.0,35.0,51.0,49.0,50.0,50.0,11.0,6.0,7.0,3.0,1.0,3.0,3.0,0.0,16.0,12.0,14.0,10.0,0.0,1.0,5.0,2.0,1.0,2.0,9.0,14.0,0,3,0,0,47.0,113.0,4.0,13.0,21.0,36.0,16.0,18.0,100.0,55.0,3,2,4,4,2,4,1,0
10282,2023-10-29,21:05,29.0,22.0,Adrien Marbot,3.0,1.0,64.0,36.0,58.0,42.0,55.0,45.0,43.0,57.0,54.0,46.0,1.0,6.0,1.0,2.0,0.0,3.0,0.0,1.0,11.0,10.0,9.0,8.0,2.0,2.0,4.0,5.0,3.0,5.0,11.0,14.0,0,0,0,0,122.0,208.0,14.0,22.0,10.0,30.0,20.0,23.0,193.0,86.0,4,3,11,2,2,4,0,0
10285,2023-11-04,15:00,19.0,17.0,Mathieu Raynal,1.0,2.0,44.0,56.0,41.0,59.0,32.0,68.0,59.0,41.0,42.0,58.0,13.0,11.0,10.0,8.0,3.0,2.0,0.0,1.0,11.0,19.0,6.0,12.0,3.0,2.0,8.0,7.0,4.0,1.0,10.0,8.0,0,0,0,0,112.0,52.0,5.0,3.0,7.0,12.0,32.0,31.0,65.0,78.0,7,0,6,0,4,0,0,1
10283,2023-11-04,17:00,26.0,22.0,Pierre Brousset,2.0,3.0,47.0,53.0,47.0,53.0,40.0,60.0,49.0,51.0,49.0,51.0,9.0,6.0,7.0,4.0,1.0,1.0,1.0,1.0,10.0,13.0,8.0,10.0,0.0,0.0,3.0,7.0,4.0,1.0,11.0,10.0,0,0,0,0,155.0,119.0,9.0,6.0,23.0,26.0,24.0,24.0,142.0,166.0,2,4,4,12,2,4,0,1
10284,2023-11-04,17:00,26.0,13.0,Benoit Rousselet,3.0,2.0,51.0,49.0,56.0,44.0,70.0,30.0,43.0,57.0,54.0,46.0,5.0,9.0,5.0,7.0,0.0,1.0,0.0,1.0,11.0,15.0,10.0,14.0,1.0,0.0,5.0,4.0,3.0,1.0,8.0,11.0,0,1,0,0,135.0,143.0,9.0,9.0,14.0,22.0,23.0,22.0,175.0,111.0,9,0,4,5,1,2,0,0
10286,2023-11-04,17:00,46.0,14.0,Vincent Blasco Baque,7.0,2.0,59.0,41.0,53.0,47.0,59.0,41.0,47.0,53.0,52.0,48.0,9.0,2.0,7.0,1.0,1.0,1.0,1.0,0.0,13.0,14.0,11.0,11.0,2.0,2.0,3.0,5.0,1.0,0.0,10.0,12.0,0,2,0,0,107.0,126.0,7.0,4.0,15.0,36.0,36.0,18.0,129.0,87.0,9,3,6,3,4,2,1,0
10287,2023-11-04,17:00,39.0,16.0,Vivien Praderie,6.0,1.0,55.0,45.0,54.0,46.0,77.0,23.0,45.0,55.0,54.0,46.0,4.0,5.0,3.0,4.0,1.0,1.0,0.0,0.0,20.0,12.0,17.0,8.0,3.0,2.0,4.0,5.0,1.0,3.0,9.0,13.0,0,1,0,0,94.0,139.0,16.0,9.0,19.0,22.0,34.0,28.0,104.0,120.0,4,4,6,16,6,3,1,0
10289,2023-11-04,21:05,22.0,20.0,Jonathan Gasnier,3.0,1.0,52.0,48.0,55.0,45.0,71.0,29.0,45.0,55.0,55.0,45.0,2.0,13.0,2.0,8.0,0.0,2.0,0.0,3.0,16.0,13.0,15.0,12.0,1.0,0.0,8.0,2.0,1.0,5.0,9.0,7.0,0,0,0,0,98.0,120.0,13.0,15.0,18.0,20.0,30.0,37.0,144.0,136.0,5,3,6,9,4,2,0,1
10288,2023-11-05,21:05,13.0,9.0,Pierre Baptiste Nuchy,1.0,0.0,50.0,50.0,59.0,41.0,84.0,16.0,43.0,57.0,59.0,41.0,6.0,8.0,4.0,4.0,2.0,2.0,0.0,2.0,16.0,11.0,12.0,9.0,1.0,2.0,4.0,4.0,2.0,3.0,12.0,9.0,0,0,0,0,108.0,135.0,13.0,9.0,11.0,15.0,35.0,34.0,127.0,95.0,2,2,3,6,5,3,0,1
10296,2023-11-11,15:00,43.0,34.0,Jeremy Rozier,6.0,4.0,53.0,47.0,59.0,41.0,55.0,45.0,40.0,60.0,56.0,44.0,4.0,6.0,4.0,4.0,0.0,1.0,0.0,1.0,14.0,17.0,11.0,13.0,1.0,2.0,5.0,3.0,1.0,2.0,11.0,10.0,0,2,0,0,133.0,157.0,2.0,6.0,24.0,25.0,20.0,23.0,173.0,134.0,7,4,17,9,5,5,0,0
10290,2023-11-11,17:00,39.0,11.0,Adrien Descottes,5.0,1.0,58.0,42.0,53.0,47.0,55.0,45.0,47.0,53.0,53.0,47.0,8.0,8.0,4.0,6.0,3.0,1.0,1.0,1.0,11.0,14.0,11.0,8.0,4.0,0.0,8.0,7.0,2.0,2.0,12.0,16.0,0,2,0,0,72.0,127.0,7.0,10.0,5.0,29.0,29.0,28.0,98.0,31.0,8,1,3,1,4,3,1,0
10292,2023-11-11,17:00,32.0,36.0,Thomas Charabas,2.0,3.0,53.0,47.0,45.0,55.0,60.0,40.0,56.0,44.0,45.0,55.0,8.0,6.0,4.0,3.0,2.0,2.0,2.0,1.0,15.0,14.0,12.0,13.0,0.0,0.0,3.0,6.0,6.0,5.0,13.0,19.0,0,0,0,0,65.0,93.0,1.0,11.0,10.0,17.0,20.0,22.0,105.0,78.0,2,3,8,0,2,3,1,0
10293,2023-11-11,17:00,17.0,20.0,Adrien Marbot,2.0,2.0,45.0,55.0,46.0,54.0,51.0,49.0,56.0,44.0,48.0,52.0,7.0,9.0,6.0,6.0,0.0,1.0,1.0,2.0,11.0,11.0,9.0,11.0,0.0,1.0,4.0,5.0,1.0,2.0,11.0,12.0,0,1,0,0,157.0,116.0,7.0,7.0,24.0,19.0,20.0,29.0,111.0,129.0,3,3,6,9,0,5,1,0
10294,2023-11-11,17:00,20.0,11.0,Ludovic Cayre,2.0,1.0,51.0,49.0,46.0,54.0,47.0,53.0,55.0,45.0,47.0,53.0,10.0,2.0,8.0,2.0,0.0,0.0,2.0,0.0,19.0,15.0,16.0,11.0,2.0,1.0,4.0,8.0,2.0,2.0,5.0,10.0,0,2,0,0,134.0,141.0,8.0,12.0,28.0,11.0,35.0,27.0,120.0,129.0,3,2,8,3,1,1,0,0
10291,2023-11-11,21:05,18.0,15.0,Tual Trainini,0.0,0.0,57.0,43.0,55.0,45.0,66.0,34.0,44.0,56.0,55.0,45.0,12.0,5.0,10.0,4.0,2.0,1.0,0.0,0.0,18.0,14.0,13.0,12.0,0.0,5.0,6.0,7.0,6.0,4.0,11.0,15.0,0,0,0,0,69.0,114.0,4.0,1.0,18.0,5.0,33.0,29.0,105.0,74.0,5,4,2,5,2,0,0,1
10295,2023-11-12,21:05,31.0,26.0,Luc Ramos,4.0,4.0,51.0,49.0,47.0,53.0,51.0,49.0,55.0,45.0,47.0,53.0,8.0,3.0,8.0,2.0,0.0,1.0,0.0,0.0,12.0,13.0,8.0,9.0,2.0,2.0,2.0,6.0,3.0,0.0,10.0,9.0,0,1,0,0,162.0,143.0,14.0,8.0,36.0,24.0,26.0,18.0,143.0,150.0,7,5,7,6,4,5,0,1
10303,2023-11-18,15:00,9.0,13.0,Pierre Brousset,0.0,1.0,49.0,51.0,53.0,47.0,39.0,61.0,46.0,54.0,53.0,47.0,15.0,10.0,11.0,7.0,2.0,1.0,2.0,2.0,13.0,11.0,8.0,8.0,1.0,3.0,8.0,13.0,3.0,2.0,6.0,10.0,1,1,0,0,141.0,104.0,17.0,9.0,18.0,12.0,25.0,25.0,57.0,105.0,0,6,1,2,2,0,1,0
10297,2023-11-18,17:00,32.0,16.0,Jonathan Gasnier,4.0,1.0,55.0,45.0,58.0,42.0,72.0,28.0,42.0,58.0,57.0,43.0,6.0,7.0,4.0,5.0,1.0,0.0,1.0,2.0,14.0,16.0,12.0,14.0,1.0,1.0,3.0,6.0,3.0,3.0,11.0,14.0,1,1,0,0,121.0,148.0,4.0,8.0,16.0,18.0,26.0,23.0,113.0,131.0,3,4,4,3,5,3,1,0
10298,2023-11-18,17:00,23.0,16.0,Pierre Baptiste Nuchy,2.0,1.0,53.0,47.0,46.0,54.0,62.0,38.0,53.0,47.0,46.0,54.0,4.0,9.0,3.0,5.0,1.0,2.0,0.0,2.0,16.0,13.0,14.0,11.0,0.0,2.0,6.0,2.0,3.0,3.0,11.0,16.0,1,2,0,0,107.0,102.0,10.0,12.0,10.0,17.0,33.0,35.0,122.0,94.0,2,1,3,3,2,1,0,0
10299,2023-11-18,17:00,38.0,20.0,Tual Trainini,4.0,3.0,51.0,49.0,56.0,44.0,65.0,35.0,43.0,57.0,55.0,45.0,7.0,2.0,6.0,2.0,1.0,0.0,0.0,0.0,15.0,16.0,12.0,14.0,1.0,1.0,2.0,5.0,4.0,1.0,14.0,13.0,0,0,0,0,130.0,160.0,17.0,16.0,16.0,18.0,29.0,22.0,104.0,151.0,4,5,4,11,4,2,0,0
10301,2023-11-18,17:00,27.0,30.0,Benoit Rousselet,3.0,3.0,59.0,41.0,51.0,49.0,55.0,45.0,50.0,50.0,49.0,51.0,5.0,6.0,5.0,5.0,0.0,0.0,0.0,1.0,12.0,16.0,12.0,10.0,2.0,0.0,3.0,2.0,2.0,3.0,13.0,10.0,1,1,0,0,86.0,170.0,10.0,18.0,18.0,32.0,23.0,28.0,153.0,104.0,6,8,10,11,3,4,1,0
10300,2023-11-18,21:05,31.0,23.0,Mathieu Raynal,4.0,2.0,49.0,51.0,52.0,48.0,61.0,39.0,48.0,52.0,52.0,48.0,5.0,4.0,4.0,3.0,1.0,1.0,0.0,0.0,17.0,18.0,11.0,15.0,2.0,0.0,3.0,9.0,1.0,3.0,14.0,9.0,1,1,0,0,132.0,115.0,8.0,14.0,24.0,19.0,36.0,30.0,87.0,116.0,3,2,5,7,3,1,0,0
10302,2023-11-19,21:05,25.0,21.0,Vivien Praderie,3.0,2.0,57.0,43.0,49.0,51.0,59.0,41.0,50.0,50.0,50.0,50.0,5.0,9.0,5.0,7.0,0.0,1.0,0.0,1.0,23.0,12.0,18.0,8.0,2.0,1.0,6.0,3.0,2.0,3.0,8.0,12.0,1,0,0,0,67.0,88.0,9.0,14.0,12.0,13.0,43.0,45.0,81.0,99.0,1,5,3,1,1,1,0,1
10308,2023-11-25,15:00,41.0,19.0,Ludovic Cayre,4.0,3.0,55.0,45.0,53.0,47.0,46.0,54.0,47.0,53.0,53.0,47.0,11.0,4.0,9.0,2.0,2.0,0.0,0.0,2.0,11.0,14.0,10.0,5.0,4.0,0.0,1.0,4.0,5.0,0.0,8.0,13.0,0,1,1,0,96.0,110.0,4.0,3.0,20.0,31.0,29.0,15.0,138.0,91.0,8,3,5,11,2,1,0,0
10304,2023-11-25,17:00,46.0,22.0,Tual Trainini,7.0,4.0,48.0,52.0,51.0,49.0,58.0,42.0,49.0,51.0,52.0,48.0,3.0,10.0,2.0,5.0,1.0,2.0,0.0,3.0,15.0,14.0,14.0,11.0,3.0,0.0,3.0,3.0,1.0,0.0,10.0,9.0,1,0,0,0,161.0,106.0,4.0,8.0,30.0,33.0,28.0,22.0,171.0,174.0,12,5,17,7,2,6,1,0
10305,2023-11-25,17:00,42.0,29.0,Jeremy Rozier,5.0,4.0,50.0,50.0,43.0,57.0,38.0,62.0,58.0,42.0,45.0,55.0,4.0,2.0,4.0,2.0,0.0,0.0,0.0,0.0,18.0,15.0,16.0,14.0,1.0,1.0,3.0,4.0,2.0,1.0,13.0,10.0,3,1,0,0,210.0,158.0,16.0,3.0,28.0,33.0,36.0,25.0,149.0,171.0,5,8,4,9,4,2,0,0
10306,2023-11-25,17:00,21.0,26.0,Thomas Charabas,3.0,4.0,59.0,41.0,47.0,53.0,54.0,46.0,56.0,44.0,46.0,54.0,10.0,8.0,7.0,7.0,0.0,1.0,3.0,0.0,9.0,11.0,8.0,6.0,4.0,1.0,7.0,1.0,0.0,0.0,7.0,12.0,0,2,0,0,110.0,178.0,14.0,13.0,17.0,26.0,25.0,33.0,158.0,102.0,4,4,7,7,2,4,1,0
10307,2023-11-25,17:00,30.0,6.0,Adrien Marbot,3.0,0.0,46.0,54.0,44.0,56.0,41.0,59.0,57.0,43.0,46.0,54.0,6.0,6.0,3.0,3.0,1.0,2.0,2.0,1.0,16.0,15.0,15.0,14.0,0.0,0.0,3.0,3.0,3.0,1.0,9.0,9.0,1,1,0,0,196.0,133.0,8.0,8.0,15.0,11.0,26.0,21.0,162.0,196.0,7,0,9,7,0,2,1,0
10309,2023-11-25,21:05,31.0,10.0,Luc Ramos,4.0,1.0,54.0,46.0,53.0,47.0,51.0,49.0,47.0,53.0,52.0,48.0,4.0,10.0,4.0,6.0,0.0,1.0,0.0,3.0,18.0,15.0,14.0,12.0,1.0,3.0,6.0,6.0,1.0,1.0,6.0,10.0,0,0,0,0,140.0,164.0,19.0,16.0,10.0,26.0,32.0,35.0,202.0,126.0,8,1,14,0,2,2,1,0
10310,2023-11-26,21:05,32.0,10.0,Adrien Descottes,4.0,1.0,44.0,56.0,43.0,57.0,35.0,65.0,56.0,44.0,42.0,58.0,6.0,7.0,4.0,5.0,0.0,0.0,2.0,2.0,12.0,22.0,12.0,16.0,6.0,0.0,4.0,4.0,2.0,1.0,17.0,11.0,2,1,0,1,124.0,69.0,5.0,7.0,21.0,21.0,34.0,21.0,103.0,136.0,7,4,9,5,4,3,1,0
10317,2023-12-02,15:00,36.0,13.0,Vivien Praderie,5.0,2.0,48.0,52.0,40.0,60.0,57.0,43.0,62.0,38.0,42.0,58.0,14.0,6.0,9.0,4.0,3.0,2.0,2.0,0.0,20.0,14.0,16.0,10.0,1.0,1.0,4.0,5.0,1.0,1.0,13.0,14.0,2,1,0,0,157.0,93.0,22.0,8.0,24.0,20.0,24.0,17.0,96.0,158.0,4,5,8,4,6,1,1,0
10311,2023-12-02,17:00,34.0,19.0,Mathieu Raynal,4.0,3.0,59.0,41.0,55.0,45.0,47.0,53.0,44.0,56.0,52.0,48.0,9.0,5.0,6.0,4.0,2.0,0.0,1.0,1.0,14.0,12.0,13.0,6.0,4.0,0.0,5.0,8.0,2.0,0.0,7.0,12.0,0,2,0,0,120.0,194.0,5.0,22.0,15.0,26.0,25.0,27.0,199.0,107.0,7,3,12,10,3,0,0,0
10312,2023-12-02,17:00,23.0,29.0,,2.0,4.0,57.0,43.0,55.0,45.0,75.0,25.0,45.0,55.0,55.0,45.0,3.0,4.0,3.0,4.0,0.0,0.0,0.0,0.0,14.0,12.0,11.0,7.0,3.0,2.0,3.0,3.0,3.0,1.0,8.0,12.0,1,2,0,0,104.0,131.0,12.0,11.0,6.0,21.0,37.0,34.0,93.0,117.0,2,3,4,3,3,0,0,0
10313,2023-12-02,17:00,29.0,14.0,Pierre Brousset,4.0,1.0,47.0,53.0,44.0,56.0,46.0,54.0,57.0,43.0,45.0,55.0,8.0,10.0,4.0,8.0,2.0,2.0,2.0,0.0,12.0,11.0,8.0,8.0,1.0,3.0,10.0,5.0,1.0,2.0,9.0,9.0,0,1,0,0,152.0,99.0,9.0,4.0,21.0,30.0,27.0,30.0,135.0,135.0,7,5,18,8,6,3,1,0
10315,2023-12-02,17:00,35.0,6.0,Benoit Rousselet,5.0,0.0,56.0,44.0,52.0,48.0,52.0,48.0,48.0,52.0,51.0,49.0,8.0,5.0,7.0,3.0,0.0,2.0,1.0,0.0,15.0,19.0,10.0,14.0,2.0,1.0,3.0,5.0,0.0,2.0,13.0,11.0,0,1,0,0,111.0,154.0,17.0,9.0,21.0,22.0,33.0,21.0,154.0,144.0,4,4,3,8,9,4,1,0
10314,2023-12-02,21:05,23.0,18.0,Pierre Baptiste Nuchy,2.0,2.0,50.0,50.0,52.0,48.0,27.0,73.0,47.0,53.0,52.0,48.0,5.0,5.0,5.0,4.0,0.0,1.0,0.0,0.0,19.0,16.0,11.0,11.0,2.0,5.0,3.0,4.0,3.0,2.0,14.0,12.0,1,1,0,0,143.0,122.0,11.0,3.0,27.0,9.0,32.0,29.0,155.0,127.0,4,4,8,2,3,3,0,1
10316,2023-12-03,21:05,27.0,12.0,Tual Trainini,3.0,2.0,42.0,58.0,53.0,47.0,30.0,70.0,44.0,56.0,54.0,46.0,10.0,6.0,7.0,3.0,1.0,2.0,2.0,1.0,7.0,14.0,6.0,13.0,1.0,0.0,3.0,6.0,2.0,0.0,13.0,7.0,0,0,0,0,189.0,97.0,17.0,9.0,27.0,26.0,26.0,10.0,91.0,204.0,6,5,4,18,8,3,0,0
10318,2023-12-22,19:00,36.0,10.0,Luc Ramos,6.0,1.0,45.0,55.0,57.0,43.0,66.0,34.0,44.0,56.0,58.0,42.0,8.0,7.0,6.0,6.0,0.0,0.0,2.0,1.0,20.0,12.0,11.0,10.0,0.0,5.0,5.0,6.0,0.0,1.0,12.0,12.0,0,1,0,0,147.0,110.0,11.0,6.0,30.0,22.0,13.0,13.0,117.0,192.0,6,8,9,9,8,3,1,0
10319,2023-12-22,21:00,46.0,10.0,Mathieu Raynal,6.0,1.0,55.0,45.0,62.0,38.0,84.0,16.0,36.0,64.0,60.0,40.0,15.0,8.0,11.0,8.0,1.0,0.0,3.0,0.0,15.0,14.0,9.0,11.0,1.0,1.0,7.0,7.0,2.0,1.0,5.0,10.0,0,0,0,1,95.0,88.0,8.0,2.0,10.0,22.0,29.0,24.0,158.0,97.0,12,3,11,7,5,2,1,0
10320,2023-12-23,14:00,30.0,21.0,Jonathan Gasnier,3.0,2.0,40.0,60.0,49.0,51.0,56.0,44.0,51.0,49.0,49.0,51.0,7.0,4.0,5.0,3.0,1.0,0.0,1.0,1.0,12.0,17.0,8.0,17.0,0.0,3.0,4.0,4.0,3.0,3.0,16.0,7.0,1,0,0,0,133.0,80.0,4.0,7.0,26.0,21.0,29.0,24.0,95.0,157.0,7,5,7,18,4,2,0,0
10323,2023-12-23,14:00,66.0,10.0,Ludovic Cayre,10.0,1.0,53.0,47.0,55.0,45.0,56.0,44.0,45.0,55.0,54.0,46.0,6.0,9.0,5.0,7.0,1.0,2.0,0.0,0.0,17.0,10.0,15.0,6.0,3.0,1.0,9.0,4.0,0.0,1.0,5.0,13.0,0,2,0,0,105.0,146.0,10.0,14.0,8.0,22.0,23.0,24.0,166.0,105.0,9,3,8,6,2,4,1,0
10322,2023-12-23,16:00,22.0,11.0,Pierre Brousset,3.0,1.0,50.0,50.0,48.0,52.0,52.0,48.0,52.0,48.0,48.0,52.0,7.0,8.0,6.0,6.0,0.0,2.0,1.0,0.0,12.0,16.0,9.0,14.0,2.0,3.0,7.0,2.0,1.0,2.0,10.0,10.0,0,0,0,0,128.0,112.0,9.0,14.0,14.0,27.0,39.0,32.0,120.0,121.0,5,0,7,2,5,4,0,0
10321,2023-12-23,18:00,18.0,13.0,Thomas Charabas,2.0,1.0,43.0,57.0,46.0,54.0,52.0,48.0,53.0,47.0,46.0,54.0,10.0,9.0,6.0,7.0,3.0,2.0,1.0,0.0,14.0,14.0,12.0,11.0,0.0,1.0,3.0,6.0,2.0,2.0,14.0,7.0,1,0,0,1,117.0,52.0,11.0,8.0,21.0,14.0,36.0,33.0,97.0,135.0,4,1,4,8,5,4,0,1
10324,2023-12-23,21:05,25.0,17.0,Adrien Marbot,3.0,2.0,53.0,47.0,54.0,46.0,54.0,46.0,43.0,57.0,52.0,48.0,10.0,10.0,7.0,5.0,0.0,3.0,3.0,2.0,18.0,13.0,11.0,12.0,0.0,3.0,5.0,6.0,2.0,1.0,7.0,11.0,1,1,0,0,94.0,109.0,0.0,5.0,26.0,22.0,28.0,28.0,102.0,95.0,4,2,8,2,1,3,0,0
10326,2023-12-29,19:00,34.0,13.0,Jeremy Rozier,3.0,1.0,52.0,48.0,53.0,47.0,59.0,41.0,45.0,55.0,53.0,47.0,5.0,3.0,4.0,2.0,1.0,1.0,0.0,0.0,16.0,14.0,11.0,11.0,2.0,2.0,3.0,6.0,5.0,2.0,16.0,11.0,1,0,0,0,168.0,142.0,16.0,21.0,12.0,21.0,29.0,22.0,127.0,131.0,7,4,19,4,5,2,0,0
10328,2023-12-29,21:00,35.0,40.0,Tual Trainini,4.0,4.0,60.0,40.0,53.0,47.0,58.0,42.0,46.0,54.0,52.0,48.0,6.0,5.0,6.0,3.0,0.0,1.0,0.0,1.0,14.0,6.0,11.0,5.0,0.0,0.0,5.0,1.0,3.0,4.0,8.0,15.0,0,1,0,0,90.0,143.0,8.0,4.0,26.0,23.0,24.0,25.0,149.0,89.0,8,6,8,14,4,3,1,0
10330,2023-12-30,14:00,20.0,18.0,Adrien Descottes,2.0,2.0,50.0,50.0,54.0,46.0,32.0,68.0,46.0,54.0,54.0,46.0,5.0,6.0,4.0,4.0,1.0,2.0,0.0,0.0,16.0,18.0,13.0,17.0,1.0,2.0,7.0,3.0,2.0,2.0,10.0,10.0,0,2,0,0,156.0,166.0,14.0,9.0,17.0,23.0,28.0,27.0,173.0,130.0,4,3,11,8,3,8,0,1
10325,2023-12-30,16:00,27.0,23.0,Benoit Rousselet,3.0,2.0,62.0,38.0,62.0,38.0,61.0,39.0,38.0,62.0,58.0,42.0,7.0,7.0,4.0,6.0,0.0,1.0,3.0,0.0,15.0,14.0,13.0,10.0,2.0,0.0,3.0,2.0,2.0,3.0,16.0,12.0,0,1,0,0,85.0,203.0,2.0,4.0,15.0,26.0,18.0,19.0,203.0,86.0,6,3,9,2,1,5,0,1
10331,2023-12-30,18:00,19.0,5.0,Pierre Baptiste Nuchy,1.0,1.0,50.0,50.0,46.0,54.0,58.0,42.0,55.0,45.0,45.0,55.0,10.0,6.0,6.0,3.0,1.0,2.0,3.0,1.0,9.0,17.0,7.0,10.0,3.0,1.0,2.0,3.0,4.0,0.0,9.0,13.0,0,2,0,0,134.0,136.0,15.0,9.0,18.0,21.0,28.0,23.0,127.0,118.0,5,6,8,5,5,3,0,0
10329,2023-12-30,21:05,29.0,8.0,Ludovic Cayre,4.0,1.0,68.0,32.0,62.0,38.0,67.0,33.0,40.0,60.0,57.0,43.0,7.0,7.0,6.0,5.0,0.0,1.0,1.0,1.0,24.0,13.0,21.0,12.0,0.0,0.0,2.0,3.0,1.0,1.0,7.0,19.0,0,3,1,0,71.0,173.0,8.0,13.0,16.0,38.0,23.0,13.0,150.0,98.0,7,5,5,6,6,6,1,0
10327,2023-12-31,14:00,13.0,17.0,Vivien Praderie,1.0,2.0,51.0,49.0,53.0,47.0,38.0,62.0,47.0,53.0,54.0,46.0,9.0,12.0,5.0,7.0,2.0,3.0,2.0,2.0,8.0,17.0,8.0,11.0,3.0,0.0,8.0,7.0,2.0,1.0,13.0,9.0,0,2,0,0,115.0,91.0,5.0,6.0,22.0,29.0,31.0,30.0,113.0,94.0,4,3,5,6,2,4,1,0
10336,2024-01-06,15:00,20.0,29.0,Luc Ramos,1.0,2.0,53.0,47.0,58.0,42.0,67.0,33.0,41.0,59.0,58.0,42.0,7.0,1.0,5.0,1.0,1.0,0.0,1.0,0.0,12.0,8.0,9.0,7.0,1.0,2.0,3.0,4.0,5.0,5.0,9.0,12.0,0,1,0,0,140.0,191.0,9.0,13.0,11.0,20.0,31.0,31.0,181.0,114.0,1,2,10,5,1,5,0,0
10332,2024-01-06,17:00,27.0,12.0,Adrien Marbot,3.0,2.0,53.0,47.0,45.0,55.0,44.0,56.0,59.0,41.0,45.0,55.0,6.0,8.0,2.0,7.0,2.0,0.0,2.0,1.0,20.0,14.0,15.0,10.0,3.0,1.0,2.0,1.0,2.0,0.0,8.0,17.0,0,3,0,0,138.0,131.0,8.0,9.0,13.0,22.0,21.0,25.0,144.0,140.0,3,2,7,5,6,3,0,0
10333,2024-01-06,17:00,24.0,23.0,Jonathan Gasnier,3.0,2.0,54.0,46.0,62.0,38.0,77.0,23.0,34.0,66.0,59.0,41.0,7.0,7.0,6.0,7.0,0.0,0.0,1.0,0.0,18.0,15.0,12.0,11.0,2.0,1.0,3.0,3.0,1.0,3.0,8.0,12.0,1,1,0,0,99.0,124.0,7.0,1.0,15.0,24.0,30.0,37.0,153.0,98.0,7,3,8,2,3,2,0,1
10335,2024-01-06,17:00,14.0,14.0,Mathieu Raynal,2.0,1.0,54.0,46.0,59.0,41.0,49.0,51.0,41.0,59.0,58.0,42.0,10.0,7.0,7.0,5.0,0.0,1.0,3.0,1.0,15.0,9.0,12.0,7.0,1.0,2.0,4.0,5.0,0.0,3.0,9.0,8.0,1,0,0,0,85.0,136.0,11.0,29.0,14.0,28.0,36.0,39.0,126.0,101.0,5,3,7,4,0,5,0,0
10337,2024-01-06,17:00,34.0,30.0,Thomas Charabas,5.0,2.0,58.0,42.0,61.0,39.0,67.0,33.0,38.0,62.0,58.0,42.0,11.0,3.0,9.0,3.0,0.0,0.0,2.0,0.0,16.0,11.0,13.0,10.0,1.0,1.0,3.0,5.0,1.0,6.0,13.0,11.0,0,1,0,0,75.0,172.0,1.0,11.0,19.0,33.0,14.0,22.0,172.0,66.0,7,3,12,6,0,3,1,1
10338,2024-01-06,21:05,45.0,0.0,Pierre Baptiste Nuchy,7.0,0.0,53.0,47.0,49.0,51.0,59.0,41.0,51.0,49.0,49.0,51.0,10.0,8.0,8.0,6.0,2.0,2.0,0.0,0.0,18.0,15.0,13.0,12.0,1.0,2.0,8.0,8.0,0.0,0.0,14.0,10.0,0,0,0,0,114.0,146.0,10.0,10.0,20.0,27.0,20.0,20.0,159.0,156.0,10,0,14,9,5,6,1,0
10334,2024-01-07,21:05,27.0,17.0,Pierre Brousset,3.0,1.0,43.0,57.0,43.0,57.0,40.0,60.0,58.0,42.0,46.0,54.0,6.0,10.0,3.0,9.0,1.0,0.0,2.0,1.0,11.0,17.0,10.0,12.0,3.0,0.0,10.0,6.0,2.0,4.0,14.0,7.0,1,1,0,0,167.0,97.0,7.0,8.0,31.0,19.0,30.0,25.0,146.0,164.0,6,3,5,7,5,3,0,0
10340,2024-01-27,15:05,26.0,30.0,Thomas Charabas,3.0,3.0,47.0,53.0,52.0,48.0,43.0,57.0,49.0,51.0,52.0,48.0,6.0,7.0,5.0,6.0,0.0,1.0,1.0,0.0,16.0,13.0,12.0,9.0,1.0,2.0,6.0,3.0,3.0,3.0,10.0,13.0,0,1,0,0,80.0,110.0,9.0,4.0,8.0,26.0,26.0,29.0,138.0,92.0,5,3,12,4,2,5,1,0
10339,2024-01-27,17:00,21.0,17.0,Tual Trainini,2.0,2.0,48.0,52.0,44.0,56.0,48.0,52.0,58.0,42.0,46.0,54.0,10.0,4.0,5.0,4.0,3.0,0.0,2.0,0.0,16.0,17.0,14.0,12.0,4.0,1.0,3.0,6.0,3.0,0.0,10.0,15.0,0,0,0,0,152.0,114.0,9.0,5.0,19.0,13.0,28.0,30.0,135.0,122.0,3,6,6,9,3,1,0,1
10341,2024-01-27,17:00,20.0,23.0,Adrien Marbot,3.0,2.0,56.0,44.0,58.0,42.0,62.0,38.0,43.0,57.0,60.0,40.0,7.0,3.0,5.0,2.0,1.0,1.0,1.0,1.0,15.0,9.0,10.0,9.0,0.0,4.0,3.0,3.0,1.0,3.0,7.0,15.0,0,1,0,0,89.0,155.0,12.0,9.0,19.0,26.0,36.0,34.0,157.0,105.0,2,5,12,4,5,1,1,0
10342,2024-01-27,17:00,36.0,24.0,Benoit Rousselet,3.0,3.0,39.0,61.0,38.0,62.0,35.0,65.0,62.0,38.0,38.0,62.0,7.0,5.0,6.0,3.0,0.0,1.0,1.0,1.0,6.0,22.0,5.0,15.0,3.0,0.0,5.0,5.0,5.0,1.0,13.0,9.0,2,1,0,0,233.0,96.0,9.0,4.0,30.0,24.0,29.0,25.0,107.0,231.0,7,7,14,7,3,5,0,0
10343,2024-01-27,17:00,22.0,17.0,Ludovic Cayre,3.0,2.0,51.0,49.0,54.0,46.0,78.0,22.0,45.0,55.0,54.0,46.0,5.0,9.0,4.0,5.0,0.0,1.0,1.0,3.0,13.0,12.0,11.0,11.0,0.0,1.0,5.0,7.0,1.0,1.0,6.0,10.0,0,1,0,0,163.0,193.0,20.0,5.0,16.0,19.0,25.0,21.0,186.0,166.0,4,5,10,3,2,2,0,1
10345,2024-01-27,21:05,25.0,23.0,Mathieu Raynal,1.0,2.0,52.0,48.0,46.0,54.0,40.0,60.0,55.0,45.0,47.0,53.0,12.0,9.0,7.0,7.0,2.0,1.0,3.0,1.0,11.0,9.0,8.0,7.0,0.0,1.0,5.0,3.0,6.0,3.0,11.0,12.0,1,0,0,0,75.0,91.0,10.0,5.0,10.0,16.0,24.0,22.0,120.0,70.0,2,2,7,2,3,3,0,1
10344,2024-01-28,21:05,20.0,27.0,Adrien Descottes,2.0,4.0,65.0,35.0,33.0,67.0,34.0,66.0,66.0,34.0,33.0,67.0,10.0,2.0,9.0,2.0,0.0,0.0,1.0,0.0,14.0,16.0,13.0,12.0,1.0,1.0,2.0,5.0,2.0,1.0,7.0,9.0,0,2,0,0,135.0,150.0,8.0,4.0,21.0,22.0,23.0,20.0,158.0,166.0,3,8,6,25,2,4,0,0
10346,2024-02-03,15:00,26.0,5.0,Ludovic Cayre,4.0,1.0,39.0,61.0,34.0,66.0,40.0,60.0,65.0,35.0,37.0,63.0,11.0,8.0,9.0,6.0,1.0,1.0,1.0,1.0,13.0,17.0,6.0,17.0,0.0,2.0,5.0,6.0,0.0,0.0,12.0,11.0,1,1,0,0,139.0,74.0,6.0,8.0,32.0,23.0,16.0,6.0,90.0,151.0,6,3,5,7,8,1,1,0
10347,2024-02-03,17:00,19.0,23.0,Jonathan Gasnier,1.0,2.0,59.0,41.0,48.0,52.0,78.0,22.0,53.0,47.0,47.0,53.0,6.0,6.0,4.0,4.0,1.0,2.0,1.0,1.0,16.0,9.0,11.0,9.0,0.0,1.0,5.0,5.0,4.0,3.0,8.0,15.0,1,1,0,0,70.0,117.0,3.0,7.0,8.0,23.0,31.0,32.0,67.0,83.0,2,1,7,5,1,6,1,0
10348,2024-02-03,17:00,38.0,21.0,Thomas Charabas,6.0,3.0,49.0,51.0,59.0,41.0,73.0,27.0,41.0,59.0,59.0,41.0,8.0,7.0,4.0,5.0,1.0,1.0,3.0,1.0,20.0,9.0,18.0,7.0,2.0,1.0,5.0,4.0,0.0,0.0,9.0,11.0,0,1,0,0,115.0,95.0,10.0,6.0,26.0,32.0,24.0,18.0,131.0,166.0,7,6,9,8,4,3,1,0
10349,2024-02-03,17:00,18.0,10.0,Pierre Baptiste Nuchy,2.0,1.0,43.0,57.0,41.0,59.0,58.0,42.0,59.0,41.0,47.0,53.0,5.0,5.0,3.0,2.0,1.0,2.0,1.0,1.0,19.0,17.0,17.0,15.0,0.0,1.0,7.0,5.0,2.0,1.0,12.0,10.0,1,0,0,0,187.0,115.0,9.0,3.0,38.0,26.0,25.0,25.0,132.0,199.0,5,6,6,4,6,3,0,0
10350,2024-02-03,17:00,33.0,44.0,Adrien Descottes,3.0,5.0,51.0,49.0,59.0,41.0,49.0,51.0,39.0,61.0,58.0,42.0,5.0,5.0,4.0,2.0,0.0,3.0,1.0,0.0,16.0,6.0,14.0,6.0,0.0,1.0,3.0,4.0,4.0,3.0,7.0,15.0,1,2,0,0,118.0,130.0,10.0,3.0,30.0,18.0,22.0,23.0,167.0,87.0,5,8,10,14,0,4,0,0
10352,2024-02-03,21:05,46.0,26.0,Adrien Marbot,7.0,4.0,60.0,40.0,58.0,42.0,65.0,35.0,42.0,58.0,56.0,44.0,9.0,5.0,6.0,3.0,2.0,0.0,1.0,2.0,16.0,13.0,15.0,11.0,0.0,1.0,2.0,7.0,1.0,0.0,10.0,13.0,2,2,0,0,83.0,159.0,11.0,11.0,17.0,20.0,24.0,24.0,168.0,118.0,9,6,8,2,2,2,1,0
10351,2024-02-04,21:05,32.0,37.0,Vivien Praderie,4.0,4.0,56.0,44.0,56.0,44.0,61.0,39.0,45.0,55.0,54.0,46.0,10.0,4.0,9.0,3.0,1.0,1.0,1.0,0.0,17.0,8.0,15.0,7.0,0.0,2.0,5.0,8.0,2.0,3.0,7.0,13.0,0,1,0,0,99.0,116.0,4.0,6.0,29.0,17.0,28.0,24.0,140.0,121.0,2,4,4,7,2,5,1,0
10356,2024-02-17,15:00,28.0,17.0,Tual Trainini,3.0,2.0,52.0,48.0,57.0,43.0,46.0,54.0,42.0,58.0,56.0,44.0,8.0,6.0,5.0,5.0,1.0,1.0,2.0,0.0,12.0,12.0,12.0,10.0,1.0,0.0,4.0,4.0,3.0,1.0,11.0,11.0,0,1,0,0,130.0,143.0,10.0,7.0,18.0,46.0,24.0,22.0,163.0,133.0,10,6,14,14,7,3,0,0
10354,2024-02-17,17:00,10.0,20.0,Mathieu Raynal,1.0,2.0,59.0,41.0,61.0,39.0,52.0,48.0,38.0,62.0,57.0,43.0,4.0,7.0,4.0,5.0,0.0,2.0,0.0,0.0,20.0,10.0,17.0,6.0,2.0,1.0,7.0,3.0,1.0,2.0,8.0,16.0,0,2,0,0,129.0,256.0,6.0,9.0,14.0,39.0,17.0,25.0,222.0,140.0,7,7,10,11,1,6,0,0
10357,2024-02-17,17:00,32.0,19.0,Thomas Charabas,4.0,1.0,48.0,52.0,44.0,56.0,46.0,54.0,58.0,42.0,46.0,54.0,6.0,6.0,2.0,4.0,2.0,1.0,2.0,1.0,18.0,16.0,15.0,8.0,3.0,2.0,3.0,2.0,2.0,4.0,15.0,13.0,2,1,0,0,144.0,103.0,17.0,4.0,24.0,21.0,23.0,18.0,85.0,128.0,3,6,3,7,4,4,1,0
10358,2024-02-17,17:00,20.0,44.0,Benoit Rousselet,2.0,5.0,52.0,48.0,57.0,43.0,43.0,57.0,42.0,58.0,55.0,45.0,4.0,10.0,3.0,7.0,0.0,0.0,1.0,3.0,14.0,10.0,10.0,8.0,0.0,2.0,5.0,1.0,2.0,3.0,11.0,7.0,1,0,0,0,132.0,178.0,5.0,18.0,29.0,53.0,16.0,29.0,190.0,115.0,7,6,12,6,2,7,0,1
10359,2024-02-17,17:00,61.0,34.0,Jeremy Rozier,9.0,5.0,55.0,45.0,52.0,48.0,53.0,47.0,50.0,50.0,51.0,49.0,3.0,4.0,3.0,3.0,0.0,0.0,0.0,1.0,6.0,16.0,6.0,12.0,2.0,0.0,4.0,6.0,0.0,1.0,8.0,7.0,0,1,0,0,125.0,185.0,7.0,12.0,21.0,40.0,23.0,27.0,214.0,103.0,5,7,22,11,3,3,1,0
10353,2024-02-17,21:05,21.0,13.0,Pierre Baptiste Nuchy,2.0,1.0,54.0,46.0,48.0,52.0,61.0,39.0,52.0,48.0,48.0,52.0,7.0,5.0,5.0,4.0,1.0,0.0,1.0,1.0,15.0,17.0,11.0,13.0,3.0,1.0,5.0,8.0,3.0,2.0,11.0,11.0,0,1,0,0,118.0,149.0,16.0,20.0,7.0,23.0,35.0,26.0,125.0,102.0,2,3,6,5,2,2,0,0
10355,2024-02-18,21:05,25.0,17.0,Ludovic Cayre,3.0,2.0,54.0,46.0,53.0,47.0,63.0,37.0,46.0,54.0,53.0,47.0,12.0,8.0,10.0,6.0,0.0,1.0,2.0,1.0,8.0,12.0,8.0,9.0,2.0,0.0,5.0,7.0,2.0,1.0,6.0,9.0,0,0,0,0,111.0,127.0,8.0,10.0,25.0,24.0,29.0,27.0,127.0,158.0,6,5,16,6,0,1,0,0
10364,2024-02-24,15:00,28.0,23.0,Mathieu Raynal,3.0,2.0,44.0,56.0,40.0,60.0,32.0,68.0,63.0,37.0,44.0,56.0,8.0,10.0,6.0,7.0,1.0,1.0,1.0,2.0,13.0,14.0,10.0,12.0,1.0,0.0,8.0,2.0,3.0,3.0,8.0,11.0,0,0,0,0,125.0,114.0,3.0,6.0,18.0,15.0,24.0,28.0,132.0,181.0,5,5,10,11,3,2,0,1
10360,2024-02-24,17:00,27.0,15.0,Adrien Descottes,3.0,0.0,47.0,53.0,44.0,56.0,49.0,51.0,55.0,45.0,45.0,55.0,10.0,12.0,7.0,10.0,2.0,1.0,1.0,1.0,13.0,9.0,10.0,5.0,2.0,1.0,6.0,7.0,2.0,5.0,14.0,9.0,0,0,0,0,135.0,131.0,5.0,4.0,23.0,18.0,18.0,18.0,142.0,144.0,1,2,5,7,3,3,1,0
10361,2024-02-24,17:00,41.0,12.0,Tual Trainini,6.0,2.0,57.0,43.0,57.0,43.0,67.0,33.0,43.0,57.0,55.0,45.0,9.0,10.0,7.0,9.0,0.0,1.0,2.0,0.0,16.0,10.0,12.0,8.0,2.0,1.0,11.0,7.0,1.0,0.0,8.0,11.0,0,1,0,0,90.0,118.0,9.0,1.0,17.0,37.0,30.0,34.0,167.0,103.0,10,2,17,4,1,3,1,0
10363,2024-02-24,17:00,43.0,26.0,Vivien Praderie,6.0,3.0,54.0,46.0,59.0,41.0,58.0,42.0,41.0,59.0,62.0,38.0,5.0,6.0,3.0,5.0,1.0,0.0,1.0,1.0,14.0,17.0,13.0,15.0,1.0,1.0,2.0,2.0,1.0,3.0,13.0,14.0,1,2,0,0,112.0,163.0,10.0,21.0,11.0,38.0,27.0,31.0,134.0,104.0,8,2,10,2,2,3,1,0
10365,2024-02-24,17:00,17.0,9.0,Pierre Baptiste Nuchy,2.0,0.0,54.0,46.0,54.0,46.0,37.0,63.0,46.0,54.0,55.0,45.0,3.0,11.0,2.0,7.0,0.0,3.0,1.0,1.0,15.0,13.0,15.0,9.0,3.0,0.0,9.0,2.0,1.0,3.0,11.0,10.0,1,0,0,0,103.0,124.0,23.0,16.0,12.0,19.0,34.0,41.0,109.0,104.0,6,2,3,3,2,4,0,0
10366,2024-02-24,21:05,11.0,27.0,Adrien Marbot,1.0,3.0,48.0,52.0,54.0,46.0,48.0,52.0,44.0,56.0,54.0,46.0,3.0,11.0,3.0,7.0,0.0,3.0,0.0,1.0,23.0,13.0,16.0,12.0,1.0,3.0,6.0,2.0,2.0,2.0,9.0,14.0,1,0,0,0,103.0,127.0,10.0,4.0,14.0,27.0,18.0,32.0,103.0,82.0,4,6,4,5,6,3,0,0
10362,2024-02-25,21:05,33.0,37.0,Jonathan Gasnier,5.0,5.0,62.0,38.0,68.0,32.0,75.0,25.0,31.0,69.0,68.0,32.0,6.0,10.0,4.0,6.0,0.0,2.0,2.0,2.0,14.0,6.0,8.0,5.0,1.0,3.0,7.0,3.0,0.0,2.0,8.0,9.0,1,0,1,0,70.0,189.0,6.0,2.0,25.0,35.0,14.0,20.0,185.0,98.0,6,9,12,13,3,6,1,0
10373,2024-03-02,15:00,33.0,6.0,Nika Amashukeli,5.0,0.0,56.0,44.0,60.0,40.0,52.0,48.0,39.0,61.0,58.0,42.0,7.0,9.0,5.0,8.0,1.0,1.0,1.0,0.0,18.0,11.0,14.0,10.0,1.0,1.0,11.0,6.0,0.0,2.0,14.0,11.0,1,1,0,0,102.0,124.0,10.0,13.0,15.0,29.0,17.0,17.0,158.0,128.0,7,0,11,11,5,2,1,0
10367,2024-03-02,17:00,39.0,10.0,Jonathan Gasnier,5.0,1.0,55.0,45.0,52.0,48.0,71.0,29.0,48.0,52.0,51.0,49.0,10.0,9.0,9.0,7.0,0.0,2.0,1.0,0.0,15.0,18.0,14.0,12.0,4.0,0.0,8.0,5.0,2.0,1.0,7.0,15.0,0,1,0,0,95.0,121.0,6.0,10.0,19.0,27.0,35.0,25.0,85.0,94.0,4,0,4,4,3,1,1,0
10369,2024-03-02,17:00,35.0,39.0,Luc Ramos,4.0,5.0,58.0,42.0,56.0,44.0,69.0,31.0,45.0,55.0,53.0,47.0,6.0,4.0,5.0,3.0,0.0,0.0,1.0,1.0,12.0,12.0,11.0,10.0,0.0,1.0,2.0,3.0,3.0,2.0,14.0,11.0,0,0,0,0,80.0,174.0,8.0,15.0,16.0,22.0,19.0,20.0,121.0,69.0,7,4,4,4,1,5,1,0
10371,,,,,Tual Trainini,4.0,0.0,46.0,54.0,34.0,66.0,37.0,63.0,67.0,33.0,36.0,64.0,5.0,10.0,5.0,10.0,0.0,0.0,0.0,0.0,17.0,11.0,14.0,9.0,1.0,2.0,9.0,3.0,1.0,4.0,11.0,10.0,0,0,0,0,155.0,87.0,16.0,4.0,19.0,12.0,32.0,35.0,75.0,130.0,7,6,4,3,1,3,0,0
10372,2024-03-02,17:00,44.0,22.0,Adrien Marbot,5.0,3.0,55.0,45.0,48.0,52.0,60.0,40.0,54.0,46.0,48.0,52.0,5.0,5.0,4.0,3.0,0.0,2.0,1.0,0.0,12.0,15.0,11.0,11.0,0.0,0.0,3.0,2.0,3.0,1.0,6.0,12.0,0,0,0,0,115.0,130.0,11.0,14.0,19.0,26.0,25.0,17.0,170.0,131.0,8,6,11,6,4,4,0,0
10368,2024-03-02,21:05,21.0,5.0,Thomas Charabas,2.0,1.0,46.0,54.0,44.0,56.0,46.0,54.0,57.0,43.0,44.0,56.0,6.0,5.0,4.0,4.0,2.0,0.0,0.0,1.0,14.0,18.0,10.0,10.0,2.0,3.0,5.0,4.0,3.0,0.0,12.0,12.0,0,0,0,0,148.0,131.0,11.0,10.0,22.0,31.0,28.0,27.0,96.0,141.0,9,5,7,2,8,3,0,0
10370,2024-03-03,21:05,42.0,3.0,Ludovic Cayre,6.0,0.0,56.0,44.0,55.0,45.0,70.0,30.0,45.0,55.0,54.0,46.0,7.0,7.0,4.0,4.0,2.0,3.0,1.0,0.0,19.0,19.0,16.0,11.0,4.0,3.0,8.0,7.0,0.0,1.0,7.0,7.0,0,1,0,0,96.0,103.0,4.0,10.0,9.0,18.0,42.0,32.0,165.0,94.0,7,1,9,6,4,2,1,0
10376,2024-03-09,15:00,23.0,3.0,Luc Ramos,3.0,0.0,57.0,43.0,56.0,44.0,69.0,31.0,45.0,55.0,53.0,47.0,9.0,5.0,6.0,2.0,2.0,3.0,1.0,0.0,15.0,16.0,13.0,14.0,0.0,1.0,4.0,3.0,2.0,1.0,7.0,15.0,0,1,0,0,99.0,134.0,4.0,5.0,15.0,14.0,33.0,20.0,128.0,77.0,4,1,5,4,5,2,1,0
10375,2024-03-09,17:00,15.0,15.0,Adrien Descottes,0.0,0.0,51.0,49.0,61.0,39.0,75.0,25.0,40.0,60.0,61.0,39.0,16.0,8.0,11.0,6.0,2.0,1.0,3.0,1.0,8.0,11.0,6.0,8.0,1.0,0.0,10.0,5.0,5.0,5.0,11.0,13.0,0,0,0,0,78.0,99.0,16.0,3.0,14.0,14.0,28.0,31.0,77.0,65.0,1,1,2,4,3,2,0,0
10377,2024-03-09,17:00,34.0,19.0,Adrien Marbot,4.0,1.0,50.0,50.0,57.0,43.0,60.0,40.0,43.0,57.0,56.0,44.0,7.0,5.0,6.0,5.0,1.0,0.0,0.0,0.0,20.0,16.0,16.0,15.0,0.0,2.0,4.0,4.0,2.0,4.0,13.0,15.0,0,1,0,0,128.0,141.0,6.0,6.0,9.0,25.0,23.0,16.0,122.0,108.0,4,3,8,7,4,1,1,0
10378,2024-03-09,17:00,10.0,3.0,Ludovic Cayre,1.0,0.0,57.0,43.0,54.0,46.0,60.0,40.0,46.0,54.0,55.0,45.0,7.0,6.0,4.0,5.0,2.0,1.0,1.0,0.0,25.0,13.0,18.0,9.0,3.0,1.0,4.0,5.0,1.0,1.0,8.0,14.0,1,0,0,0,86.0,111.0,15.0,4.0,16.0,20.0,40.0,40.0,96.0,77.0,2,1,6,2,3,5,0,0
10379,2024-03-09,17:00,42.0,40.0,Vivien Praderie,5.0,6.0,51.0,49.0,48.0,52.0,42.0,58.0,52.0,48.0,48.0,52.0,6.0,5.0,4.0,4.0,0.0,0.0,2.0,1.0,9.0,16.0,7.0,14.0,2.0,0.0,2.0,4.0,3.0,0.0,8.0,8.0,1,2,0,0,174.0,178.0,18.0,17.0,28.0,26.0,27.0,29.0,177.0,173.0,8,10,8,9,3,5,0,1
10374,2024-03-09,21:05,27.0,17.0,Pierre Baptiste Nuchy,3.0,2.0,46.0,54.0,36.0,64.0,44.0,56.0,68.0,32.0,40.0,60.0,11.0,1.0,7.0,1.0,3.0,0.0,1.0,0.0,16.0,14.0,13.0,13.0,1.0,3.0,1.0,8.0,2.0,1.0,10.0,11.0,2,1,0,0,148.0,125.0,13.0,6.0,31.0,11.0,24.0,27.0,123.0,153.0,1,3,3,15,2,1,0,0
10380,2024-03-10,21:05,20.0,6.0,Mathieu Raynal,1.0,0.0,40.0,60.0,43.0,57.0,29.0,71.0,57.0,43.0,40.0,60.0,10.0,12.0,8.0,10.0,2.0,0.0,0.0,2.0,4.0,14.0,3.0,8.0,3.0,0.0,6.0,6.0,5.0,2.0,11.0,8.0,1,1,0,0,168.0,80.0,25.0,4.0,22.0,19.0,30.0,22.0,85.0,196.0,1,5,1,12,3,3,0,0
10387,2024-03-23,15:00,54.0,7.0,Jeremy Rozier,8.0,1.0,46.0,54.0,60.0,40.0,56.0,44.0,35.0,65.0,59.0,41.0,12.0,8.0,7.0,6.0,2.0,1.0,3.0,1.0,15.0,12.0,12.0,9.0,1.0,1.0,5.0,6.0,0.0,0.0,9.0,14.0,0,1,0,0,149.0,117.0,11.0,5.0,33.0,18.0,20.0,11.0,162.0,170.0,10,5,14,13,6,2,1,0
10383,2024-03-23,17:00,14.0,15.0,Pierre Brousset,2.0,2.0,44.0,56.0,44.0,56.0,40.0,60.0,56.0,44.0,44.0,56.0,4.0,11.0,3.0,9.0,1.0,0.0,4.0,2.0,14.0,14.0,10.0,9.0,0.0,2.0,4.0,4.0,0.0,1.0,17.0,5.0,1,0,0,0,180.0,114.0,12.0,8.0,29.0,14.0,20.0,18.0,111.0,172.0,1,3,9,7,4,4,1,0
10384,2024-03-23,17:00,21.0,23.0,Tual Trainini,2.0,2.0,57.0,43.0,51.0,49.0,52.0,48.0,51.0,49.0,49.0,51.0,12.0,8.0,10.0,6.0,0.0,1.0,2.0,1.0,14.0,10.0,11.0,8.0,1.0,2.0,4.0,4.0,3.0,3.0,13.0,15.0,2,4,0,0,120.0,141.0,12.0,17.0,23.0,20.0,19.0,22.0,114.0,112.0,8,3,13,5,1,4,1,0
10385,2024-03-23,17:00,31.0,28.0,Ludovic Cayre,4.0,4.0,56.0,44.0,55.0,45.0,49.0,51.0,45.0,55.0,52.0,48.0,6.0,6.0,4.0,5.0,1.0,0.0,1.0,1.0,16.0,15.0,15.0,13.0,2.0,0.0,4.0,3.0,1.0,0.0,7.0,11.0,1,1,0,0,142.0,178.0,10.0,12.0,17.0,31.0,23.0,17.0,167.0,168.0,6,5,3,10,4,1,0,1
10386,2024-03-23,17:00,22.0,13.0,Benoit Rousselet,3.0,1.0,54.0,46.0,56.0,44.0,80.0,20.0,43.0,57.0,55.0,45.0,6.0,6.0,4.0,6.0,1.0,0.0,1.0,0.0,22.0,12.0,18.0,12.0,0.0,3.0,5.0,8.0,1.0,2.0,7.0,12.0,1,0,0,0,150.0,145.0,17.0,12.0,34.0,34.0,42.0,34.0,160.0,143.0,6,5,4,15,6,4,0,0
10381,2024-03-23,21:05,13.0,12.0,Luc Ramos,1.0,2.0,45.0,55.0,37.0,63.0,37.0,63.0,64.0,36.0,39.0,61.0,11.0,3.0,8.0,3.0,1.0,0.0,2.0,0.0,14.0,28.0,13.0,22.0,1.0,1.0,1.0,5.0,2.0,0.0,16.0,10.0,1,0,0,0,168.0,118.0,15.0,1.0,11.0,15.0,36.0,22.0,113.0,167.0,2,5,5,7,6,3,0,1
10382,2024-03-24,21:05,31.0,28.0,Adrien Marbot,5.0,4.0,40.0,60.0,40.0,60.0,33.0,67.0,60.0,40.0,43.0,57.0,5.0,5.0,5.0,5.0,0.0,0.0,0.0,0.0,16.0,14.0,11.0,11.0,2.0,3.0,7.0,4.0,0.0,0.0,9.0,8.0,0,1,0,0,168.0,92.0,7.0,4.0,32.0,20.0,30.0,26.0,138.0,207.0,3,12,5,20,3,3,0,1
10392,2024-03-30,15:00,10.0,12.0,Jonathan Gasnier,1.0,0.0,44.0,56.0,40.0,60.0,30.0,70.0,59.0,41.0,37.0,63.0,9.0,12.0,7.0,8.0,2.0,1.0,0.0,3.0,12.0,16.0,8.0,15.0,1.0,3.0,6.0,4.0,1.0,3.0,14.0,7.0,1,2,0,0,122.0,81.0,14.0,3.0,13.0,19.0,25.0,23.0,98.0,117.0,2,5,3,9,3,4,1,0
10389,2024-03-30,17:00,43.0,12.0,Thomas Charabas,7.0,2.0,55.0,45.0,44.0,56.0,68.0,32.0,58.0,42.0,45.0,55.0,12.0,4.0,7.0,3.0,2.0,1.0,3.0,0.0,14.0,12.0,14.0,11.0,0.0,0.0,1.0,5.0,0.0,0.0,10.0,14.0,0,1,0,0,88.0,104.0,4.0,2.0,25.0,32.0,12.0,10.0,146.0,130.0,7,6,11,16,2,4,1,0
10390,2024-03-30,17:00,40.0,21.0,Pierre Baptiste Nuchy,6.0,3.0,53.0,47.0,46.0,54.0,53.0,47.0,56.0,44.0,46.0,54.0,7.0,6.0,4.0,6.0,3.0,0.0,0.0,0.0,15.0,15.0,14.0,14.0,1.0,1.0,5.0,7.0,0.0,0.0,15.0,13.0,2,2,0,0,103.0,103.0,7.0,6.0,12.0,18.0,19.0,15.0,120.0,95.0,7,2,11,6,2,3,1,0
10391,2024-03-30,17:00,27.0,10.0,Mathieu Raynal,3.0,1.0,47.0,53.0,51.0,49.0,50.0,50.0,49.0,51.0,51.0,49.0,6.0,8.0,5.0,4.0,1.0,1.0,0.0,3.0,12.0,18.0,11.0,14.0,2.0,1.0,6.0,7.0,2.0,1.0,13.0,5.0,1,1,0,0,163.0,155.0,4.0,6.0,21.0,26.0,41.0,32.0,152.0,197.0,2,4,17,12,7,3,0,0
10393,2024-03-30,17:00,26.0,10.0,Luc Ramos,3.0,1.0,39.0,61.0,30.0,70.0,14.0,86.0,72.0,28.0,33.0,67.0,9.0,6.0,6.0,6.0,1.0,0.0,2.0,0.0,14.0,17.0,9.0,15.0,1.0,0.0,5.0,8.0,3.0,1.0,14.0,13.0,0,0,0,0,212.0,92.0,8.0,9.0,31.0,19.0,20.0,18.0,111.0,172.0,7,4,8,8,5,2,0,0
10394,2024-03-30,21:05,31.0,29.0,Benoit Rousselet,5.0,4.0,56.0,44.0,51.0,49.0,67.0,33.0,50.0,50.0,50.0,50.0,9.0,10.0,5.0,6.0,0.0,2.0,4.0,2.0,14.0,15.0,13.0,13.0,2.0,0.0,7.0,2.0,0.0,1.0,7.0,7.0,0,0,0,0,110.0,150.0,7.0,15.0,17.0,26.0,15.0,19.0,191.0,136.0,5,5,13,7,4,3,0,1
10388,2024-03-31,21:05,10.0,46.0,Pierre Brousset,1.0,4.0,48.0,52.0,50.0,50.0,54.0,46.0,48.0,52.0,51.0,49.0,8.0,7.0,7.0,6.0,1.0,0.0,0.0,1.0,15.0,12.0,10.0,10.0,0.0,3.0,5.0,5.0,1.0,6.0,11.0,14.0,0,0,0,0,112.0,134.0,3.0,11.0,17.0,16.0,15.0,25.0,110.0,117.0,4,6,6,7,3,2,0,1
10401,2024-04-20,15:00,25.0,24.0,Jeremy Rozier,3.0,3.0,55.0,45.0,60.0,40.0,77.0,23.0,39.0,61.0,58.0,42.0,5.0,8.0,4.0,5.0,0.0,2.0,1.0,1.0,17.0,11.0,16.0,8.0,1.0,1.0,5.0,7.0,2.0,1.0,8.0,16.0,1,1,0,0,101.0,122.0,2.0,15.0,21.0,24.0,19.0,21.0,138.0,116.0,5,5,6,7,3,2,0,1
10395,2024-04-20,17:00,51.0,20.0,Adrien Descottes,7.0,3.0,63.0,37.0,56.0,44.0,64.0,36.0,45.0,55.0,54.0,46.0,6.0,8.0,4.0,7.0,1.0,1.0,1.0,0.0,12.0,7.0,10.0,6.0,1.0,1.0,4.0,7.0,2.0,1.0,6.0,14.0,0,1,0,0,91.0,175.0,9.0,19.0,28.0,27.0,16.0,11.0,183.0,119.0,7,4,10,9,5,2,1,0
10397,2024-04-20,17:00,13.0,43.0,Vivien Praderie,1.0,6.0,50.0,50.0,43.0,57.0,33.0,67.0,57.0,43.0,43.0,57.0,8.0,6.0,6.0,6.0,1.0,0.0,1.0,0.0,17.0,12.0,11.0,10.0,0.0,4.0,5.0,6.0,2.0,1.0,10.0,9.0,1,0,0,0,154.0,144.0,10.0,9.0,18.0,24.0,19.0,22.0,135.0,150.0,4,4,11,3,4,1,0,1
10398,2024-04-20,17:00,28.0,24.0,Pierre Baptiste Nuchy,4.0,3.0,51.0,49.0,48.0,52.0,49.0,51.0,52.0,48.0,48.0,52.0,4.0,10.0,3.0,8.0,1.0,0.0,0.0,2.0,22.0,10.0,17.0,7.0,3.0,3.0,5.0,2.0,0.0,1.0,6.0,16.0,1,2,0,0,152.0,100.0,13.0,8.0,34.0,15.0,22.0,25.0,133.0,141.0,6,8,9,6,7,4,0,1
10399,2024-04-20,17:00,31.0,23.0,Adrien Marbot,3.0,3.0,45.0,55.0,46.0,54.0,31.0,69.0,55.0,45.0,46.0,54.0,2.0,7.0,1.0,3.0,1.0,2.0,0.0,2.0,9.0,17.0,7.0,16.0,1.0,2.0,2.0,4.0,4.0,2.0,10.0,11.0,0,0,0,0,135.0,91.0,8.0,5.0,27.0,24.0,26.0,29.0,131.0,140.0,8,4,18,9,4,4,0,0
10400,2024-04-20,21:05,20.0,19.0,Ludovic Cayre,2.0,2.0,41.0,59.0,46.0,54.0,60.0,40.0,54.0,46.0,46.0,54.0,4.0,10.0,4.0,7.0,0.0,1.0,0.0,2.0,10.0,15.0,8.0,14.0,0.0,1.0,9.0,2.0,2.0,3.0,10.0,8.0,0,0,1,0,149.0,80.0,19.0,17.0,23.0,14.0,24.0,22.0,73.0,126.0,6,3,7,8,4,3,0,1
10396,2024-04-21,21:05,41.0,7.0,Pierre Brousset,5.0,1.0,53.0,47.0,50.0,50.0,56.0,44.0,51.0,49.0,50.0,50.0,8.0,12.0,8.0,11.0,0.0,0.0,0.0,1.0,15.0,8.0,11.0,7.0,1.0,1.0,10.0,9.0,2.0,0.0,8.0,10.0,0,0,0,0,143.0,118.0,15.0,6.0,19.0,25.0,27.0,19.0,144.0,143.0,10,3,11,8,3,4,1,0
10408,2024-04-27,15:00,32.0,12.0,Mathieu Raynal,4.0,2.0,57.0,43.0,51.0,49.0,47.0,53.0,49.0,51.0,50.0,50.0,9.0,8.0,8.0,7.0,1.0,1.0,0.0,0.0,10.0,12.0,8.0,10.0,2.0,2.0,9.0,7.0,2.0,0.0,7.0,11.0,0,0,0,0,120.0,162.0,15.0,9.0,18.0,32.0,17.0,24.0,168.0,130.0,11,5,25,6,2,3,0,0
10402,2024-04-27,17:00,15.0,34.0,Jonathan Gasnier,2.0,3.0,60.0,40.0,40.0,60.0,31.0,69.0,57.0,43.0,39.0,61.0,6.0,10.0,5.0,9.0,1.0,0.0,0.0,1.0,19.0,10.0,15.0,7.0,0.0,4.0,7.0,7.0,1.0,4.0,9.0,11.0,0,0,0,0,68.0,122.0,2.0,10.0,15.0,22.0,33.0,45.0,135.0,81.0,4,3,16,4,0,3,0,0
10403,2024-04-27,17:00,22.0,19.0,Luc Ramos,3.0,2.0,38.0,62.0,43.0,57.0,32.0,68.0,56.0,44.0,43.0,57.0,6.0,10.0,5.0,7.0,1.0,2.0,0.0,1.0,15.0,12.0,13.0,8.0,1.0,0.0,7.0,3.0,1.0,1.0,10.0,13.0,1,1,0,2,151.0,85.0,6.0,2.0,29.0,14.0,27.0,23.0,86.0,157.0,5,7,6,11,5,3,0,1
10406,2024-04-27,17:00,38.0,20.0,Vincent Blasco Baque,6.0,3.0,37.0,63.0,34.0,66.0,39.0,61.0,66.0,34.0,38.0,62.0,9.0,5.0,6.0,4.0,1.0,1.0,2.0,0.0,9.0,9.0,7.0,9.0,0.0,2.0,5.0,4.0,0.0,1.0,9.0,6.0,1,1,0,0,226.0,82.0,17.0,9.0,18.0,30.0,21.0,19.0,105.0,241.0,13,5,20,15,4,0,1,0
10407,2024-04-27,17:00,20.0,25.0,Pierre Brousset,2.0,3.0,51.0,49.0,46.0,54.0,41.0,59.0,55.0,45.0,46.0,54.0,6.0,9.0,5.0,6.0,0.0,2.0,1.0,1.0,12.0,21.0,8.0,13.0,3.0,2.0,6.0,5.0,2.0,2.0,15.0,14.0,2,2,0,0,140.0,137.0,4.0,9.0,25.0,16.0,15.0,14.0,146.0,137.0,6,1,4,8,1,8,1,0
10404,2024-04-27,21:05,41.0,18.0,Thomas Charabas,6.0,2.0,42.0,58.0,44.0,56.0,50.0,50.0,55.0,45.0,47.0,53.0,1.0,7.0,1.0,4.0,0.0,1.0,0.0,2.0,14.0,17.0,14.0,14.0,2.0,0.0,5.0,1.0,1.0,2.0,14.0,7.0,0,0,0,1,155.0,94.0,6.0,2.0,29.0,28.0,29.0,27.0,107.0,152.0,6,4,12,11,1,3,1,0
10405,2024-04-28,21:05,27.0,17.0,Benoit Rousselet,3.0,2.0,59.0,41.0,65.0,35.0,70.0,30.0,34.0,66.0,60.0,40.0,6.0,10.0,4.0,7.0,1.0,2.0,1.0,1.0,16.0,5.0,16.0,5.0,0.0,0.0,4.0,2.0,2.0,1.0,5.0,15.0,0,3,0,0,119.0,238.0,12.0,20.0,18.0,51.0,21.0,32.0,192.0,109.0,8,5,15,8,3,5,0,0
10409,2024-05-11,15:00,28.0,35.0,Jeremy Rozier,3.0,4.0,54.0,46.0,52.0,48.0,58.0,42.0,49.0,51.0,51.0,49.0,9.0,5.0,7.0,4.0,1.0,0.0,1.0,1.0,11.0,13.0,7.0,11.0,0.0,3.0,7.0,2.0,3.0,3.0,8.0,12.0,3,0,0,0,89.0,115.0,8.0,16.0,12.0,25.0,23.0,25.0,148.0,115.0,13,5,15,10,4,3,0,0
10411,2024-05-11,17:00,27.0,26.0,Adrien Descottes,3.0,3.0,45.0,55.0,50.0,50.0,42.0,58.0,50.0,50.0,50.0,50.0,8.0,6.0,4.0,3.0,3.0,2.0,1.0,1.0,10.0,14.0,6.0,11.0,3.0,1.0,5.0,9.0,2.0,3.0,13.0,9.0,1,0,0,0,114.0,121.0,9.0,4.0,31.0,22.0,22.0,24.0,112.0,113.0,6,7,6,13,4,2,0,1
10412,2024-05-11,17:00,39.0,17.0,Tual Trainini,5.0,2.0,48.0,52.0,44.0,56.0,42.0,58.0,57.0,43.0,45.0,55.0,11.0,2.0,8.0,2.0,1.0,0.0,2.0,0.0,11.0,20.0,9.0,14.0,3.0,1.0,3.0,9.0,2.0,1.0,12.0,10.0,1,0,0,0,160.0,119.0,20.0,3.0,26.0,33.0,29.0,21.0,116.0,132.0,5,5,7,11,2,4,1,0
10413,2024-05-11,17:00,28.0,37.0,Pierre Brousset,4.0,4.0,49.0,51.0,46.0,54.0,55.0,45.0,54.0,46.0,47.0,53.0,8.0,8.0,7.0,6.0,0.0,2.0,1.0,2.0,18.0,11.0,14.0,9.0,0.0,1.0,9.0,6.0,0.0,3.0,10.0,12.0,0,1,1,0,91.0,93.0,2.0,4.0,18.0,31.0,13.0,16.0,118.0,116.0,7,10,7,10,4,3,0,0
10414,2024-05-11,17:00,30.0,24.0,Vivien Praderie,3.0,3.0,50.0,50.0,54.0,46.0,45.0,55.0,46.0,54.0,53.0,47.0,15.0,7.0,11.0,7.0,1.0,0.0,3.0,0.0,10.0,12.0,8.0,8.0,1.0,2.0,4.0,4.0,3.0,1.0,8.0,11.0,2,1,0,0,119.0,109.0,16.0,0.0,22.0,16.0,25.0,13.0,115.0,121.0,3,10,6,14,8,3,0,0
10410,2024-05-11,21:05,34.0,14.0,Mathieu Raynal,6.0,2.0,47.0,53.0,64.0,36.0,76.0,24.0,34.0,66.0,63.0,37.0,5.0,4.0,5.0,3.0,0.0,0.0,0.0,1.0,19.0,13.0,18.0,10.0,2.0,0.0,5.0,3.0,0.0,0.0,12.0,10.0,0,0,0,0,159.0,138.0,20.0,9.0,30.0,30.0,29.0,24.0,181.0,190.0,4,7,11,12,11,6,1,0
10415,2024-05-12,21:05,49.0,18.0,Luc Ramos,6.0,2.0,51.0,49.0,40.0,60.0,50.0,50.0,62.0,38.0,41.0,59.0,6.0,8.0,3.0,6.0,1.0,1.0,2.0,1.0,11.0,13.0,9.0,10.0,2.0,1.0,5.0,3.0,3.0,2.0,9.0,12.0,0,0,0,0,113.0,96.0,10.0,3.0,12.0,16.0,27.0,17.0,96.0,87.0,6,2,10,1,4,3,1,0
10421,2024-05-18,15:00,22.0,29.0,Adrien Marbot,3.0,4.0,47.0,53.0,47.0,53.0,42.0,58.0,52.0,48.0,48.0,52.0,7.0,3.0,3.0,2.0,2.0,1.0,2.0,0.0,13.0,18.0,10.0,16.0,1.0,1.0,3.0,3.0,1.0,1.0,11.0,11.0,0,1,0,0,180.0,136.0,13.0,12.0,40.0,22.0,23.0,24.0,144.0,160.0,7,3,12,19,4,3,0,0
10416,2024-05-18,17:00,23.0,20.0,Luc Ramos,2.0,2.0,37.0,63.0,47.0,53.0,48.0,52.0,52.0,48.0,48.0,52.0,10.0,9.0,9.0,6.0,0.0,1.0,1.0,2.0,14.0,17.0,12.0,16.0,0.0,1.0,7.0,9.0,3.0,2.0,10.0,10.0,0,0,0,0,176.0,67.0,10.0,8.0,26.0,13.0,21.0,10.0,108.0,201.0,6,6,7,15,6,4,0,1
10417,2024-05-18,17:00,17.0,27.0,Vincent Blasco Baque,2.0,2.0,49.0,51.0,54.0,46.0,71.0,29.0,46.0,54.0,55.0,45.0,4.0,9.0,4.0,7.0,0.0,0.0,0.0,2.0,19.0,7.0,13.0,6.0,0.0,3.0,6.0,5.0,1.0,5.0,9.0,6.0,0,0,0,0,113.0,116.0,5.0,6.0,18.0,17.0,30.0,37.0,112.0,140.0,5,5,9,10,1,4,0,0
10418,2024-05-18,17:00,36.0,20.0,Ludovic Cayre,5.0,2.0,57.0,43.0,56.0,44.0,71.0,29.0,45.0,55.0,57.0,43.0,7.0,5.0,5.0,4.0,1.0,1.0,1.0,0.0,16.0,13.0,13.0,10.0,3.0,3.0,3.0,7.0,1.0,2.0,12.0,9.0,0,1,0,0,87.0,121.0,10.0,9.0,19.0,27.0,29.0,25.0,145.0,96.0,10,5,14,10,1,4,1,0
10420,2024-05-18,17:00,20.0,14.0,Thomas Charabas,1.0,2.0,48.0,52.0,40.0,60.0,40.0,60.0,61.0,39.0,41.0,59.0,8.0,7.0,6.0,5.0,1.0,2.0,1.0,0.0,17.0,20.0,14.0,19.0,0.0,1.0,5.0,5.0,5.0,0.0,16.0,14.0,0,0,0,0,152.0,100.0,6.0,5.0,19.0,19.0,19.0,21.0,84.0,140.0,5,5,8,6,8,4,0,0
10419,2024-05-18,21:05,25.0,23.0,Jonathan Gasnier,3.0,2.0,47.0,53.0,53.0,47.0,79.0,21.0,46.0,54.0,53.0,47.0,9.0,4.0,6.0,0.0,1.0,2.0,2.0,2.0,13.0,16.0,10.0,16.0,0.0,1.0,3.0,5.0,2.0,3.0,9.0,13.0,3,2,0,0,151.0,125.0,14.0,11.0,24.0,12.0,23.0,29.0,117.0,181.0,3,4,8,16,2,2,0,1
10422,2024-05-19,21:05,22.0,18.0,Benoit Rousselet,3.0,2.0,48.0,52.0,50.0,50.0,61.0,39.0,49.0,51.0,51.0,49.0,11.0,7.0,10.0,7.0,1.0,0.0,0.0,0.0,14.0,12.0,12.0,9.0,2.0,1.0,4.0,9.0,1.0,2.0,7.0,8.0,0,0,0,0,107.0,93.0,7.0,6.0,30.0,18.0,27.0,30.0,81.0,168.0,5,8,2,5,1,4,0,1
10427,2024-06-01,15:00,24.0,15.0,Luc Ramos,3.0,2.0,45.0,55.0,43.0,57.0,38.0,62.0,58.0,42.0,44.0,56.0,7.0,7.0,4.0,6.0,1.0,1.0,2.0,0.0,8.0,19.0,4.0,15.0,3.0,2.0,3.0,8.0,1.0,1.0,14.0,8.0,1,0,0,0,172.0,129.0,9.0,10.0,16.0,18.0,34.0,25.0,136.0,199.0,8,5,16,11,6,1,0,0
10423,2024-06-01,17:00,37.0,30.0,Thomas Charabas,4.0,3.0,49.0,51.0,44.0,56.0,46.0,54.0,58.0,42.0,46.0,54.0,5.0,9.0,3.0,4.0,1.0,2.0,1.0,3.0,14.0,12.0,12.0,11.0,0.0,2.0,4.0,5.0,3.0,3.0,10.0,13.0,0,1,0,0,103.0,115.0,5.0,1.0,25.0,21.0,21.0,15.0,131.0,183.0,7,7,2,6,3,3,0,0
10424,2024-06-01,17:00,27.0,20.0,Pierre Baptiste Nuchy,3.0,4.0,46.0,54.0,40.0,60.0,30.0,70.0,60.0,40.0,39.0,61.0,10.0,5.0,9.0,4.0,0.0,0.0,1.0,1.0,12.0,14.0,10.0,13.0,1.0,2.0,5.0,8.0,2.0,0.0,10.0,10.0,1,1,0,0,129.0,95.0,18.0,4.0,20.0,16.0,30.0,20.0,69.0,135.0,2,5,3,4,1,0,0,0
10425,2024-06-01,17:00,27.0,18.0,Pierre Brousset,3.0,2.0,62.0,38.0,64.0,36.0,86.0,14.0,36.0,64.0,69.0,31.0,6.0,9.0,5.0,6.0,0.0,2.0,1.0,1.0,17.0,12.0,12.0,9.0,3.0,3.0,5.0,5.0,2.0,2.0,8.0,14.0,0,1,0,0,61.0,148.0,6.0,7.0,14.0,38.0,29.0,36.0,159.0,98.0,12,4,16,7,3,4,0,0
10426,2024-06-01,17:00,41.0,26.0,Vincent Blasco Baque,5.0,4.0,56.0,44.0,67.0,33.0,76.0,24.0,33.0,67.0,68.0,32.0,9.0,6.0,6.0,5.0,0.0,0.0,3.0,1.0,16.0,11.0,14.0,8.0,0.0,2.0,5.0,6.0,2.0,0.0,4.0,13.0,0,2,0,0,87.0,126.0,7.0,3.0,24.0,23.0,23.0,20.0,181.0,128.0,2,5,9,9,0,0,0,0
10428,2024-06-02,18:00,52.0,10.0,Adrien Marbot,6.0,1.0,43.0,57.0,35.0,65.0,26.0,74.0,65.0,35.0,35.0,65.0,7.0,8.0,6.0,6.0,0.0,0.0,1.0,2.0,10.0,16.0,10.0,11.0,2.0,0.0,4.0,6.0,4.0,1.0,11.0,8.0,1,1,0,0,198.0,77.0,21.0,5.0,29.0,20.0,31.0,12.0,98.0,164.0,5,5,10,7,7,1,1,0
10429,2024-06-02,21:05,31.0,31.0,Mathieu Raynal,4.0,4.0,59.0,41.0,51.0,49.0,56.0,44.0,49.0,51.0,52.0,48.0,5.0,7.0,3.0,4.0,0.0,2.0,2.0,1.0,21.0,18.0,19.0,15.0,0.0,0.0,9.0,3.0,1.0,1.0,10.0,15.0,0,0,0,0,70.0,137.0,7.0,1.0,16.0,30.0,20.0,27.0,169.0,70.0,10,2,15,9,2,3,0,0
10430,2024-06-08,21:05,17.0,28.0,Mathieu Raynal,2.0,3.0,44.0,56.0,56.0,44.0,65.0,35.0,44.0,56.0,56.0,44.0,6.0,11.0,5.0,7.0,1.0,2.0,0.0,2.0,13.0,15.0,12.0,9.0,2.0,0.0,7.0,3.0,1.0,3.0,12.0,10.0,0,2,0,0,89.0,68.0,15.0,6.0,19.0,17.0,29.0,28.0,100.0,59.0,4,5,7,5,2,1,0,0
10431,2024-06-08,21:05,40.0,7.0,Ludovic Cayre,6.0,1.0,57.0,43.0,58.0,42.0,62.0,38.0,42.0,58.0,56.0,44.0,4.0,7.0,4.0,6.0,0.0,1.0,0.0,0.0,15.0,13.0,13.0,9.0,0.0,1.0,9.0,7.0,0.0,0.0,7.0,6.0,0,0,0,0,126.0,155.0,7.0,2.0,17.0,32.0,33.0,28.0,216.0,96.0,9,4,12,12,2,2,1,0
10432,2024-06-08,21:05,52.0,15.0,Tual Trainini,8.0,2.0,62.0,38.0,70.0,30.0,74.0,26.0,29.0,71.0,68.0,32.0,5.0,12.0,5.0,7.0,0.0,2.0,0.0,3.0,18.0,11.0,16.0,6.0,1.0,1.0,9.0,6.0,0.0,1.0,10.0,13.0,0,0,0,0,59.0,172.0,5.0,18.0,12.0,27.0,19.0,24.0,185.0,61.0,10,2,20,2,1,3,1,0
10433,2024-06-08,21:05,24.0,19.0,Vivien Praderie,3.0,1.0,44.0,56.0,52.0,48.0,63.0,37.0,48.0,52.0,53.0,47.0,4.0,6.0,4.0,6.0,0.0,0.0,0.0,0.0,21.0,12.0,16.0,10.0,1.0,3.0,4.0,3.0,1.0,4.0,7.0,11.0,0,1,0,0,143.0,85.0,2.0,8.0,12.0,10.0,23.0,33.0,92.0,107.0,6,0,4,2,2,4,0,1
10434,2024-06-08,21:05,40.0,28.0,Benoit Rousselet,6.0,4.0,47.0,53.0,47.0,53.0,42.0,58.0,53.0,47.0,48.0,52.0,6.0,9.0,6.0,5.0,0.0,2.0,0.0,2.0,16.0,14.0,14.0,12.0,2.0,0.0,6.0,9.0,0.0,0.0,10.0,12.0,0,1,0,0,128.0,94.0,22.0,9.0,25.0,30.0,18.0,16.0,116.0,140.0,9,7,13,13,2,4,0,0
10435,2024-06-08,21:05,23.0,20.0,Adrien Descottes,2.0,2.0,51.0,49.0,48.0,52.0,53.0,47.0,52.0,48.0,48.0,52.0,5.0,5.0,3.0,3.0,1.0,2.0,1.0,0.0,13.0,20.0,13.0,16.0,1.0,0.0,3.0,1.0,3.0,2.0,16.0,9.0,1,0,0,0,111.0,86.0,21.0,3.0,15.0,11.0,36.0,34.0,88.0,101.0,3,6,5,7,2,1,0,1
10436,2024-06-08,21:05,36.0,24.0,Pierre Brousset,5.0,4.0,44.0,56.0,50.0,50.0,54.0,46.0,48.0,52.0,51.0,49.0,8.0,9.0,2.0,4.0,3.0,2.0,3.0,3.0,12.0,13.0,10.0,10.0,1.0,0.0,3.0,4.0,1.0,0.0,11.0,13.0,2,2,0,0,183.0,147.0,11.0,12.0,41.0,33.0,17.0,13.0,139.0,169.0,6,7,8,9,7,3,0,0
10871,2024-09-07,14:30,21.0,19.0,Luc Ramos,2.0,1.0,48.0,52.0,67.0,33.0,78.0,22.0,33.0,67.0,68.0,32.0,5.0,9.0,5.0,7.0,0.0,1.0,0.0,1.0,15.0,14.0,13.0,12.0,0.0,2.0,8.0,5.0,3.0,4.0,11.0,9.0,2,1,0,0,122.0,148.0,12.0,8.0,20.0,24.0,17.0,25.0,150.0,161.0,5,4,6,11,3,2,0,1
10870,2024-09-07,16:30,39.0,7.0,Vivien Praderie,5.0,1.0,50.0,50.0,52.0,48.0,50.0,50.0,48.0,52.0,52.0,48.0,1.0,8.0,0.0,6.0,1.0,2.0,0.0,0.0,19.0,21.0,17.0,19.0,1.0,0.0,5.0,0.0,2.0,0.0,13.0,16.0,1,3,0,0,118.0,128.0,19.0,12.0,26.0,18.0,32.0,28.0,125.0,139.0,10,2,12,11,6,2,1,0
10872,2024-09-07,16:30,31.0,28.0,Benoit Rousselet,3.0,4.0,50.0,50.0,43.0,57.0,35.0,65.0,56.0,44.0,43.0,57.0,7.0,6.0,5.0,4.0,0.0,1.0,2.0,1.0,13.0,11.0,10.0,10.0,1.0,1.0,5.0,6.0,4.0,0.0,12.0,11.0,2,1,0,0,132.0,118.0,7.0,22.0,36.0,16.0,28.0,23.0,106.0,136.0,5,7,13,12,2,3,0,1
10873,2024-09-07,16:30,22.0,26.0,Jeremy Rozier,3.0,2.0,54.0,46.0,48.0,52.0,46.0,54.0,52.0,48.0,48.0,52.0,6.0,5.0,5.0,5.0,0.0,0.0,1.0,0.0,19.0,17.0,14.0,10.0,2.0,3.0,11.0,5.0,1.0,4.0,11.0,10.0,2,0,0,0,122.0,148.0,12.0,9.0,23.0,19.0,30.0,36.0,137.0,134.0,4,5,4,10,5,3,1,0
10876,2024-09-07,21:05,46.0,26.0,Vincent Blasco Baque,6.0,4.0,48.0,52.0,61.0,39.0,75.0,25.0,38.0,62.0,60.0,40.0,2.0,7.0,2.0,5.0,0.0,1.0,0.0,1.0,18.0,15.0,13.0,14.0,0.0,3.0,6.0,4.0,2.0,0.0,8.0,10.0,0,1,0,0,164.0,133.0,2.0,2.0,30.0,29.0,27.0,28.0,195.0,184.0,11,7,14,9,0,4,0,0
10875,2024-09-08,17:00,19.0,15.0,Ludovic Cayre,3.0,2.0,57.0,43.0,74.0,26.0,72.0,28.0,24.0,76.0,70.0,30.0,6.0,6.0,4.0,4.0,1.0,1.0,1.0,1.0,23.0,14.0,14.0,14.0,0.0,6.0,2.0,4.0,0.0,1.0,11.0,17.0,0,3,0,0,73.0,141.0,8.0,11.0,17.0,29.0,16.0,34.0,157.0,83.0,11,2,8,4,2,3,0,1
10874,2024-09-08,21:05,18.0,43.0,Adrien Marbot,2.0,5.0,48.0,52.0,57.0,43.0,58.0,42.0,40.0,60.0,57.0,43.0,5.0,8.0,5.0,7.0,0.0,1.0,0.0,0.0,15.0,16.0,12.0,15.0,0.0,3.0,6.0,5.0,2.0,4.0,13.0,12.0,0,0,0,0,102.0,117.0,8.0,6.0,18.0,13.0,15.0,28.0,93.0,127.0,2,6,6,7,1,7,0,1
10879,2024-09-14,14:30,30.0,28.0,Evan Urruzmendi,3.0,3.0,62.0,38.0,56.0,44.0,65.0,35.0,44.0,56.0,55.0,45.0,2.0,10.0,2.0,8.0,0.0,0.0,0.0,2.0,21.0,7.0,16.0,6.0,0.0,2.0,1.0,1.0,3.0,3.0,9.0,19.0,0,2,0,0,82.0,148.0,9.0,11.0,4.0,35.0,21.0,26.0,197.0,79.0,4,3,21,6,5,2,0,1
10881,2024-09-14,14:30,34.0,31.0,Benoit Rousselet,5.0,5.0,52.0,48.0,53.0,47.0,58.0,42.0,47.0,53.0,52.0,48.0,11.0,14.0,7.0,11.0,1.0,0.0,3.0,3.0,10.0,19.0,8.0,14.0,3.0,2.0,7.0,4.0,1.0,0.0,14.0,6.0,2,0,0,0,104.0,134.0,10.0,7.0,28.0,39.0,20.0,22.0,125.0,129.0,10,9,5,10,4,3,0,1
10878,2024-09-14,16:30,33.0,20.0,Jonathan Gasnier,4.0,2.0,39.0,61.0,44.0,56.0,35.0,65.0,55.0,45.0,46.0,54.0,6.0,4.0,3.0,4.0,2.0,0.0,1.0,0.0,13.0,18.0,10.0,14.0,2.0,1.0,3.0,5.0,3.0,2.0,10.0,10.0,1,0,0,0,222.0,95.0,11.0,6.0,19.0,22.0,28.0,23.0,132.0,165.0,9,4,7,11,5,1,0,0
10880,2024-09-14,16:30,51.0,29.0,Ludovic Cayre,7.0,4.0,54.0,46.0,57.0,43.0,67.0,33.0,43.0,57.0,55.0,45.0,10.0,4.0,9.0,4.0,0.0,0.0,1.0,0.0,9.0,10.0,8.0,8.0,0.0,0.0,4.0,15.0,2.0,1.0,7.0,11.0,0,1,0,0,111.0,112.0,6.0,8.0,32.0,39.0,19.0,16.0,160.0,129.0,12,7,13,8,1,4,1,0
10883,2024-09-14,16:30,7.0,26.0,Vivien Praderie,1.0,2.0,58.0,42.0,52.0,48.0,57.0,43.0,50.0,50.0,49.0,51.0,6.0,9.0,3.0,6.0,3.0,2.0,0.0,1.0,22.0,12.0,16.0,8.0,2.0,3.0,7.0,7.0,0.0,3.0,15.0,17.0,0,1,0,0,117.0,191.0,5.0,15.0,14.0,24.0,13.0,28.0,182.0,104.0,4,3,4,10,3,3,0,0
10877,2024-09-14,21:05,28.0,26.0,Kevin Bralley,3.0,3.0,45.0,55.0,47.0,53.0,43.0,57.0,54.0,46.0,49.0,51.0,9.0,10.0,8.0,8.0,0.0,0.0,1.0,2.0,3.0,10.0,3.0,9.0,0.0,0.0,3.0,7.0,3.0,3.0,15.0,10.0,2,0,0,0,169.0,145.0,15.0,12.0,13.0,13.0,24.0,21.0,123.0,191.0,5,7,2,19,2,1,0,1
10882,2024-09-15,21:05,35.0,27.0,Luc Ramos,4.0,3.0,60.0,40.0,65.0,35.0,68.0,32.0,34.0,66.0,61.0,39.0,6.0,8.0,5.0,7.0,1.0,0.0,0.0,1.0,16.0,14.0,15.0,12.0,1.0,1.0,6.0,6.0,3.0,2.0,10.0,15.0,0,1,0,0,65.0,174.0,3.0,12.0,22.0,22.0,26.0,16.0,176.0,101.0,5,6,9,6,5,3,0,0
10886,2024-09-21,14:30,11.0,20.0,Jonathan Gasnier,1.0,2.0,56.0,44.0,50.0,50.0,35.0,65.0,51.0,49.0,50.0,50.0,9.0,6.0,6.0,5.0,1.0,1.0,2.0,0.0,19.0,14.0,14.0,10.0,1.0,3.0,3.0,7.0,2.0,2.0,11.0,15.0,1,1,0,0,96.0,138.0,6.0,10.0,18.0,12.0,20.0,27.0,166.0,134.0,1,5,5,5,1,1,0,0
10884,2024-09-21,16:30,26.0,10.0,Vincent Blasco Baque,4.0,1.0,55.0,45.0,47.0,53.0,61.0,39.0,51.0,49.0,48.0,52.0,11.0,11.0,7.0,9.0,2.0,0.0,2.0,2.0,20.0,15.0,16.0,8.0,4.0,1.0,8.0,8.0,0.0,1.0,9.0,13.0,0,2,0,0,76.0,108.0,8.0,5.0,19.0,20.0,24.0,29.0,118.0,128.0,6,5,9,11,2,6,1,0
10885,2024-09-21,16:30,27.0,12.0,Adrien Marbot,3.0,0.0,63.0,37.0,63.0,37.0,82.0,18.0,37.0,63.0,60.0,40.0,14.0,5.0,10.0,4.0,1.0,1.0,3.0,3.0,18.0,12.0,18.0,11.0,1.0,0.0,5.0,8.0,2.0,4.0,11.0,17.0,0,1,0,0,95.0,199.0,1.0,13.0,12.0,19.0,22.0,23.0,140.0,116.0,3,7,6,5,5,1,1,0
10887,2024-09-21,16:30,30.0,20.0,Thomas Charabas,3.0,2.0,59.0,41.0,57.0,43.0,44.0,56.0,44.0,56.0,54.0,46.0,5.0,4.0,5.0,3.0,0.0,1.0,0.0,0.0,15.0,11.0,12.0,8.0,1.0,2.0,6.0,4.0,3.0,2.0,9.0,13.0,0,0,0,0,125.0,170.0,5.0,13.0,27.0,20.0,32.0,24.0,174.0,118.0,7,8,10,10,3,3,0,0
10889,2024-09-21,16:30,49.0,25.0,Jeremy Rozier,8.0,3.0,49.0,51.0,42.0,58.0,48.0,52.0,60.0,40.0,43.0,57.0,6.0,5.0,6.0,3.0,0.0,1.0,0.0,1.0,11.0,21.0,9.0,17.0,4.0,2.0,4.0,5.0,1.0,2.0,11.0,14.0,0,2,0,0,145.0,72.0,10.0,1.0,24.0,27.0,30.0,23.0,94.0,137.0,9,8,6,5,5,1,1,0
10890,2024-09-21,21:05,52.0,34.0,Luc Ramos,8.0,5.0,42.0,58.0,50.0,50.0,46.0,54.0,48.0,52.0,52.0,48.0,3.0,4.0,3.0,4.0,0.0,0.0,0.0,0.0,15.0,19.0,13.0,15.0,3.0,1.0,3.0,4.0,0.0,1.0,12.0,10.0,1,1,1,0,171.0,78.0,15.0,8.0,30.0,18.0,29.0,17.0,138.0,196.0,10,6,13,9,0,3,1,0
10888,2024-09-22,21:05,10.0,14.0,Pierre Brousset,1.0,1.0,54.0,46.0,57.0,43.0,53.0,47.0,43.0,57.0,57.0,43.0,6.0,11.0,4.0,10.0,1.0,0.0,1.0,1.0,18.0,10.0,15.0,7.0,1.0,2.0,12.0,5.0,1.0,3.0,9.0,12.0,0,0,0,0,81.0,168.0,5.0,10.0,13.0,15.0,25.0,48.0,99.0,48.0,1,3,4,2,1,0,1,0
10897,2024-09-28,14:30,33.0,3.0,Ludovic Cayre,4.0,0.0,53.0,47.0,62.0,38.0,76.0,24.0,38.0,62.0,62.0,38.0,9.0,8.0,7.0,5.0,0.0,1.0,2.0,2.0,16.0,12.0,9.0,9.0,1.0,4.0,6.0,5.0,3.0,1.0,10.0,16.0,0,0,0,0,117.0,126.0,17.0,8.0,23.0,24.0,20.0,12.0,160.0,125.0,3,6,6,13,5,2,1,0
10891,2024-09-28,16:30,28.0,27.0,Pierre Brousset,3.0,3.0,58.0,42.0,67.0,33.0,62.0,38.0,33.0,67.0,66.0,34.0,7.0,6.0,5.0,4.0,2.0,2.0,0.0,0.0,18.0,13.0,15.0,9.0,3.0,1.0,4.0,4.0,3.0,2.0,10.0,15.0,0,1,0,0,115.0,115.0,4.0,3.0,5.0,27.0,21.0,21.0,176.0,102.0,7,2,7,1,4,3,0,1
10892,2024-09-28,16:30,40.0,38.0,Vivien Praderie,4.0,4.0,50.0,50.0,46.0,54.0,34.0,66.0,55.0,45.0,47.0,53.0,6.0,8.0,6.0,8.0,0.0,0.0,0.0,0.0,8.0,9.0,7.0,6.0,2.0,0.0,5.0,5.0,4.0,4.0,10.0,11.0,2,2,0,0,151.0,145.0,13.0,8.0,12.0,36.0,22.0,20.0,169.0,133.0,8,5,13,3,3,2,0,1
10893,2024-09-28,16:30,16.0,17.0,Thomas Charabas,1.0,1.0,46.0,54.0,44.0,56.0,39.0,61.0,56.0,44.0,46.0,54.0,6.0,5.0,6.0,5.0,0.0,0.0,0.0,0.0,11.0,19.0,9.0,18.0,0.0,1.0,2.0,6.0,3.0,4.0,17.0,11.0,1,1,0,0,119.0,98.0,2.0,3.0,16.0,15.0,27.0,19.0,113.0,155.0,5,3,2,9,2,2,1,0
10894,2024-09-28,16:30,54.0,19.0,Kevin Bralley,8.0,3.0,54.0,46.0,43.0,57.0,41.0,59.0,59.0,41.0,44.0,56.0,8.0,7.0,5.0,6.0,0.0,0.0,3.0,1.0,17.0,14.0,13.0,10.0,2.0,2.0,4.0,6.0,0.0,0.0,13.0,13.0,1,1,1,0,134.0,124.0,2.0,3.0,19.0,35.0,22.0,19.0,134.0,116.0,7,6,15,3,3,2,1,0
10895,2024-09-28,21:05,30.0,16.0,Luc Ramos,4.0,1.0,58.0,42.0,63.0,37.0,70.0,30.0,35.0,65.0,60.0,40.0,7.0,8.0,5.0,5.0,1.0,2.0,1.0,1.0,21.0,13.0,19.0,10.0,1.0,1.0,7.0,1.0,2.0,3.0,8.0,13.0,0,1,0,0,92.0,147.0,10.0,12.0,13.0,25.0,24.0,26.0,151.0,115.0,4,4,2,2,3,2,1,0
10896,2024-09-29,21:05,12.0,16.0,Tual Trainini,2.0,2.0,64.0,36.0,51.0,49.0,63.0,37.0,51.0,49.0,48.0,52.0,8.0,7.0,6.0,6.0,1.0,1.0,1.0,0.0,19.0,15.0,17.0,11.0,2.0,2.0,5.0,3.0,0.0,2.0,9.0,15.0,1,1,0,0,80.0,162.0,10.0,14.0,30.0,28.0,21.0,24.0,233.0,135.0,3,8,28,8,3,3,1,0
10900,2024-10-05,14:30,24.0,27.0,Tual Trainini,3.0,3.0,49.0,51.0,46.0,54.0,54.0,46.0,55.0,45.0,47.0,53.0,8.0,6.0,7.0,3.0,1.0,3.0,0.0,0.0,17.0,20.0,15.0,17.0,1.0,1.0,5.0,10.0,1.0,2.0,18.0,14.0,1,1,0,0,128.0,153.0,12.0,8.0,19.0,12.0,18.0,17.0,96.0,134.0,3,7,4,5,0,1,1,0
10901,2024-10-05,16:30,29.0,20.0,Pierre Baptiste Nuchy,2.0,2.0,54.0,46.0,49.0,51.0,51.0,49.0,51.0,49.0,48.0,52.0,8.0,7.0,6.0,5.0,2.0,0.0,0.0,2.0,11.0,20.0,8.0,14.0,2.0,1.0,1.0,7.0,5.0,2.0,12.0,13.0,1,0,0,0,84.0,96.0,5.0,17.0,11.0,20.0,26.0,17.0,94.0,78.0,3,1,3,3,3,4,0,0
10902,2024-10-05,16:30,43.0,22.0,Jonathan Gasnier,6.0,3.0,62.0,38.0,63.0,37.0,64.0,36.0,36.0,64.0,59.0,41.0,6.0,6.0,6.0,5.0,0.0,1.0,0.0,1.0,17.0,12.0,16.0,11.0,0.0,0.0,3.0,4.0,3.0,1.0,5.0,15.0,0,1,0,0,102.0,176.0,9.0,4.0,19.0,14.0,25.0,25.0,202.0,95.0,1,7,8,9,2,3,1,0
10903,2024-10-05,16:30,30.0,27.0,Benoit Rousselet,4.0,3.0,46.0,54.0,49.0,51.0,42.0,58.0,49.0,51.0,50.0,50.0,6.0,11.0,5.0,8.0,0.0,1.0,1.0,2.0,18.0,16.0,13.0,14.0,1.0,3.0,9.0,5.0,2.0,1.0,7.0,10.0,1,1,0,0,144.0,102.0,11.0,17.0,33.0,19.0,24.0,27.0,153.0,181.0,9,6,20,15,2,3,0,1
10904,2024-10-05,16:30,11.0,10.0,Pierre Brousset,1.0,1.0,62.0,38.0,56.0,44.0,51.0,49.0,46.0,54.0,54.0,46.0,7.0,11.0,6.0,8.0,0.0,1.0,1.0,2.0,19.0,14.0,13.0,12.0,0.0,3.0,6.0,3.0,2.0,1.0,9.0,12.0,0,1,0,0,102.0,161.0,6.0,18.0,11.0,20.0,24.0,26.0,211.0,123.0,5,2,21,7,3,5,0,1
10899,2024-10-05,21:05,28.0,23.0,Ludovic Cayre,3.0,2.0,43.0,57.0,48.0,52.0,35.0,65.0,52.0,48.0,49.0,51.0,6.0,8.0,5.0,3.0,0.0,3.0,1.0,2.0,13.0,15.0,10.0,15.0,0.0,2.0,7.0,4.0,3.0,3.0,10.0,12.0,0,1,0,0,135.0,83.0,2.0,9.0,31.0,32.0,23.0,24.0,98.0,129.0,4,4,9,14,5,4,0,1
10898,2024-10-06,21:05,19.0,18.0,Adrien Marbot,1.0,0.0,50.0,50.0,49.0,51.0,95.0,5.0,51.0,49.0,49.0,51.0,6.0,7.0,4.0,5.0,0.0,2.0,2.0,0.0,17.0,13.0,12.0,13.0,0.0,4.0,9.0,2.0,4.0,6.0,11.0,13.0,1,2,0,0,109.0,115.0,6.0,9.0,23.0,10.0,24.0,35.0,91.0,104.0,3,1,5,9,1,3,0,1
10908,2024-10-12,14:30,22.0,6.0,Pierre Brousset,1.0,0.0,66.0,34.0,63.0,37.0,94.0,6.0,37.0,63.0,62.0,38.0,7.0,10.0,6.0,7.0,1.0,1.0,0.0,2.0,14.0,14.0,12.0,8.0,4.0,0.0,8.0,6.0,5.0,2.0,10.0,17.0,0,2,0,0,66.0,169.0,4.0,3.0,8.0,21.0,31.0,25.0,166.0,73.0,4,1,9,5,0,1,0,0
10905,2024-10-12,16:30,37.0,7.0,Luc Ramos,5.0,1.0,53.0,47.0,56.0,44.0,56.0,44.0,44.0,56.0,56.0,44.0,8.0,12.0,7.0,10.0,0.0,0.0,1.0,2.0,15.0,20.0,12.0,13.0,4.0,1.0,8.0,6.0,2.0,0.0,13.0,12.0,1,0,0,0,122.0,108.0,8.0,8.0,13.0,20.0,34.0,16.0,138.0,106.0,8,4,13,9,7,1,1,0
10907,2024-10-12,16:30,26.0,24.0,Jeremy Rozier,2.0,3.0,53.0,47.0,56.0,44.0,63.0,37.0,43.0,57.0,55.0,45.0,8.0,5.0,6.0,2.0,0.0,2.0,2.0,1.0,13.0,17.0,11.0,13.0,1.0,1.0,5.0,7.0,4.0,1.0,13.0,12.0,1,0,0,0,104.0,155.0,22.0,14.0,12.0,24.0,22.0,20.0,89.0,86.0,2,4,0,3,2,3,0,1
10909,2024-10-12,16:30,33.0,26.0,Adrien Marbot,4.0,4.0,49.0,51.0,49.0,51.0,50.0,50.0,50.0,50.0,49.0,51.0,3.0,6.0,2.0,5.0,0.0,1.0,1.0,0.0,12.0,19.0,10.0,16.0,2.0,2.0,4.0,2.0,3.0,0.0,18.0,11.0,2,1,0,0,128.0,126.0,4.0,3.0,16.0,23.0,26.0,20.0,120.0,103.0,8,3,7,10,4,4,0,0
10911,2024-10-12,16:30,66.0,12.0,Evan Urruzmendi,10.0,2.0,55.0,45.0,47.0,53.0,42.0,58.0,55.0,45.0,47.0,53.0,12.0,10.0,8.0,5.0,2.0,2.0,2.0,3.0,9.0,19.0,7.0,15.0,2.0,0.0,3.0,10.0,0.0,0.0,16.0,9.0,1,0,0,1,108.0,77.0,10.0,5.0,16.0,29.0,26.0,14.0,156.0,105.0,17,2,21,7,0,4,1,0
10910,2024-10-12,21:05,48.0,14.0,Pierre Baptiste Nuchy,6.0,2.0,57.0,43.0,55.0,45.0,61.0,39.0,45.0,55.0,52.0,48.0,4.0,6.0,4.0,4.0,0.0,2.0,0.0,0.0,17.0,9.0,15.0,6.0,1.0,1.0,7.0,5.0,2.0,0.0,9.0,18.0,0,1,0,0,126.0,136.0,7.0,7.0,10.0,36.0,19.0,18.0,191.0,112.0,10,5,18,4,3,3,1,0
10906,2024-10-13,21:05,35.0,3.0,Ludovic Cayre,5.0,0.0,53.0,47.0,60.0,40.0,74.0,26.0,40.0,60.0,62.0,38.0,11.0,10.0,10.0,5.0,0.0,2.0,1.0,3.0,18.0,9.0,13.0,7.0,0.0,2.0,9.0,11.0,0.0,1.0,7.0,11.0,0,1,0,0,108.0,149.0,11.0,12.0,11.0,30.0,37.0,35.0,193.0,146.0,7,3,18,8,2,4,1,0
10914,2024-10-19,14:30,32.0,15.0,Vincent Blasco Baque,4.0,2.0,57.0,43.0,65.0,35.0,71.0,29.0,35.0,65.0,63.0,37.0,11.0,7.0,7.0,5.0,1.0,1.0,3.0,1.0,16.0,14.0,13.0,9.0,2.0,2.0,6.0,6.0,2.0,1.0,10.0,14.0,1,2,0,0,102.0,145.0,6.0,9.0,13.0,20.0,16.0,13.0,164.0,109.0,7,4,9,8,1,3,0,0
10913,2024-10-19,16:30,55.0,33.0,Vivien Praderie,9.0,3.0,53.0,47.0,51.0,49.0,49.0,51.0,49.0,51.0,51.0,49.0,6.0,4.0,5.0,3.0,0.0,1.0,1.0,0.0,18.0,15.0,18.0,9.0,2.0,0.0,5.0,3.0,0.0,4.0,13.0,10.0,1,3,0,0,127.0,90.0,6.0,4.0,21.0,25.0,20.0,20.0,125.0,114.0,11,6,10,4,1,2,1,0
10915,2024-10-19,16:30,35.0,13.0,Jonathan Gasnier,4.0,2.0,42.0,58.0,43.0,57.0,27.0,73.0,57.0,43.0,45.0,55.0,9.0,6.0,4.0,5.0,3.0,0.0,2.0,1.0,11.0,19.0,9.0,16.0,2.0,0.0,3.0,4.0,3.0,1.0,13.0,12.0,0,0,1,0,149.0,93.0,8.0,7.0,24.0,13.0,26.0,19.0,84.0,176.0,5,4,10,3,3,2,0,0
10916,2024-10-19,16:30,30.0,17.0,Luc Ramos,4.0,2.0,59.0,41.0,56.0,44.0,58.0,42.0,45.0,55.0,54.0,46.0,9.0,6.0,9.0,4.0,0.0,1.0,0.0,1.0,15.0,16.0,15.0,10.0,3.0,0.0,5.0,7.0,2.0,1.0,12.0,12.0,0,1,0,0,105.0,138.0,10.0,3.0,25.0,46.0,24.0,22.0,172.0,111.0,9,4,15,8,3,5,0,0
10920,2024-10-19,16:30,29.0,26.0,Thomas Charabas,2.0,2.0,57.0,43.0,54.0,46.0,70.0,30.0,47.0,53.0,51.0,49.0,4.0,6.0,3.0,5.0,1.0,0.0,0.0,1.0,14.0,11.0,13.0,11.0,0.0,0.0,4.0,2.0,5.0,4.0,10.0,16.0,0,2,0,0,106.0,199.0,9.0,10.0,23.0,25.0,26.0,26.0,179.0,131.0,8,3,10,18,3,2,0,1
10918,2024-10-19,21:05,14.0,22.0,Ludovic Cayre,2.0,3.0,44.0,56.0,42.0,58.0,43.0,57.0,59.0,41.0,44.0,56.0,4.0,6.0,4.0,6.0,0.0,0.0,0.0,0.0,14.0,13.0,14.0,12.0,0.0,0.0,5.0,4.0,0.0,1.0,11.0,9.0,0,0,0,0,130.0,107.0,15.0,8.0,25.0,16.0,23.0,27.0,113.0,152.0,2,2,3,19,6,8,0,0
10919,2024-10-20,21:05,32.0,22.0,Tual Trainini,4.0,3.0,52.0,48.0,58.0,42.0,65.0,35.0,41.0,59.0,56.0,44.0,10.0,4.0,6.0,3.0,1.0,0.0,3.0,1.0,19.0,13.0,17.0,9.0,1.0,1.0,5.0,4.0,2.0,1.0,13.0,17.0,3,1,0,1,115.0,124.0,8.0,7.0,14.0,13.0,21.0,21.0,129.0,146.0,4,3,6,15,4,1,0,0
10927,2024-10-26,14:30,19.0,6.0,Benoit Rousselet,3.0,0.0,42.0,58.0,55.0,45.0,67.0,33.0,45.0,55.0,56.0,44.0,11.0,8.0,9.0,8.0,1.0,0.0,1.0,0.0,18.0,14.0,12.0,12.0,0.0,3.0,8.0,10.0,0.0,2.0,9.0,11.0,0,0,0,0,165.0,77.0,11.0,0.0,22.0,18.0,43.0,39.0,136.0,162.0,7,0,6,6,3,3,1,0
10921,2024-10-26,16:30,38.0,49.0,Pierre Baptiste Nuchy,6.0,6.0,49.0,51.0,49.0,51.0,57.0,43.0,51.0,49.0,50.0,50.0,5.0,10.0,4.0,8.0,1.0,1.0,0.0,1.0,15.0,14.0,13.0,11.0,1.0,1.0,9.0,4.0,0.0,3.0,8.0,8.0,2,2,0,0,123.0,118.0,4.0,14.0,19.0,28.0,16.0,27.0,128.0,153.0,4,8,10,7,0,1,0,0
10922,2024-10-26,16:30,16.0,0.0,Pierre Brousset,1.0,0.0,45.0,55.0,44.0,56.0,44.0,56.0,55.0,45.0,45.0,55.0,11.0,7.0,9.0,4.0,1.0,2.0,1.0,1.0,18.0,22.0,15.0,15.0,4.0,0.0,4.0,10.0,3.0,0.0,11.0,15.0,2,1,0,0,117.0,77.0,8.0,5.0,13.0,12.0,47.0,37.0,69.0,77.0,1,1,4,6,1,4,0,0
10923,2024-10-26,16:30,30.0,23.0,Kevin Bralley,3.0,2.0,47.0,53.0,58.0,42.0,46.0,54.0,37.0,63.0,56.0,44.0,12.0,10.0,7.0,5.0,3.0,1.0,2.0,4.0,9.0,15.0,6.0,13.0,2.0,0.0,5.0,8.0,3.0,3.0,15.0,9.0,3,0,0,0,128.0,98.0,4.0,7.0,18.0,20.0,19.0,14.0,95.0,120.0,7,3,7,7,4,1,0,0
10924,2024-10-26,16:30,34.0,28.0,Luc Ramos,4.0,3.0,45.0,55.0,48.0,52.0,49.0,51.0,49.0,51.0,50.0,50.0,4.0,9.0,2.0,6.0,1.0,2.0,1.0,1.0,16.0,13.0,14.0,11.0,0.0,1.0,6.0,2.0,2.0,3.0,16.0,11.0,0,1,0,0,146.0,126.0,0.0,2.0,19.0,16.0,21.0,22.0,101.0,119.0,2,3,7,12,1,1,0,0
10925,2024-10-26,21:05,36.0,6.0,Thomas Charabas,5.0,0.0,58.0,42.0,57.0,43.0,66.0,34.0,44.0,56.0,55.0,45.0,7.0,10.0,4.0,2.0,3.0,4.0,0.0,4.0,19.0,10.0,18.0,7.0,1.0,0.0,5.0,5.0,1.0,2.0,8.0,15.0,1,2,0,0,105.0,183.0,11.0,10.0,17.0,33.0,25.0,25.0,130.0,80.0,7,1,8,6,4,4,1,0
10926,2024-10-27,21:05,57.0,5.0,Jeremy Rozier,8.0,1.0,58.0,42.0,65.0,35.0,58.0,42.0,35.0,65.0,62.0,38.0,7.0,9.0,6.0,8.0,0.0,0.0,1.0,1.0,20.0,17.0,19.0,15.0,1.0,0.0,7.0,6.0,1.0,0.0,10.0,14.0,0,2,0,0,85.0,128.0,10.0,8.0,5.0,19.0,21.0,22.0,147.0,83.0,13,0,12,0,2,3,1,0
10928,2024-11-02,14:30,32.0,27.0,Adrien Marbot,5.0,3.0,51.0,49.0,45.0,55.0,52.0,48.0,57.0,43.0,45.0,55.0,6.0,8.0,3.0,6.0,2.0,1.0,1.0,1.0,15.0,20.0,13.0,17.0,2.0,1.0,4.0,5.0,1.0,2.0,20.0,9.0,2,3,0,0,107.0,93.0,3.0,3.0,19.0,7.0,21.0,16.0,89.0,122.0,3,1,9,6,2,0,0,1
10930,2024-11-02,16:30,30.0,26.0,,4.0,2.0,57.0,43.0,43.0,57.0,63.0,37.0,60.0,40.0,43.0,57.0,7.0,6.0,6.0,5.0,0.0,0.0,1.0,1.0,16.0,12.0,15.0,10.0,0.0,1.0,7.0,6.0,2.0,4.0,7.0,12.0,0,0,0,0,104.0,164.0,7.0,15.0,23.0,15.0,22.0,26.0,173.0,123.0,4,5,3,14,2,2,0,1
10931,2024-11-02,16:30,21.0,10.0,Evan Urruzmendi,3.0,1.0,48.0,52.0,43.0,57.0,39.0,61.0,59.0,41.0,44.0,56.0,10.0,4.0,6.0,4.0,1.0,0.0,3.0,0.0,15.0,19.0,14.0,15.0,2.0,1.0,4.0,7.0,0.0,1.0,16.0,9.0,1,1,0,0,175.0,134.0,12.0,19.0,18.0,20.0,24.0,27.0,138.0,139.0,5,0,4,10,3,2,0,0
10932,2024-11-02,16:30,23.0,33.0,Tual Trainini,2.0,4.0,56.0,44.0,62.0,38.0,68.0,32.0,36.0,64.0,58.0,42.0,2.0,4.0,2.0,4.0,0.0,0.0,0.0,0.0,26.0,13.0,22.0,8.0,3.0,3.0,4.0,1.0,2.0,2.0,11.0,19.0,2,3,0,1,134.0,152.0,5.0,5.0,25.0,15.0,22.0,25.0,163.0,121.0,3,7,3,5,1,1,0,0
10934,2024-11-02,16:30,32.0,13.0,Ludovic Cayre,4.0,1.0,51.0,49.0,43.0,57.0,46.0,54.0,60.0,40.0,44.0,56.0,7.0,8.0,5.0,5.0,0.0,1.0,2.0,2.0,19.0,12.0,16.0,9.0,2.0,1.0,7.0,5.0,2.0,2.0,8.0,15.0,0,1,0,0,127.0,135.0,6.0,8.0,29.0,26.0,22.0,21.0,121.0,92.0,5,3,14,7,2,2,1,0
10933,2024-11-02,21:05,35.0,18.0,,4.0,0.0,55.0,45.0,49.0,51.0,47.0,53.0,51.0,49.0,49.0,51.0,9.0,7.0,7.0,3.0,1.0,3.0,1.0,1.0,10.0,14.0,8.0,12.0,0.0,2.0,6.0,9.0,3.0,6.0,10.0,10.0,0,0,0,0,95.0,115.0,4.0,10.0,7.0,33.0,28.0,28.0,98.0,103.0,6,1,4,3,3,2,1,0
10929,2024-11-03,21:05,12.0,8.0,Kevin Bralley,2.0,1.0,46.0,54.0,51.0,49.0,56.0,44.0,49.0,51.0,51.0,49.0,4.0,6.0,4.0,6.0,0.0,0.0,0.0,0.0,17.0,19.0,12.0,14.0,3.0,2.0,4.0,5.0,0.0,1.0,10.0,11.0,0,1,0,0,141.0,117.0,17.0,17.0,27.0,25.0,32.0,33.0,124.0,146.0,4,1,4,18,5,4,0,1
10938,2024-11-23,14:30,39.0,19.0,Jonathan Gasnier,5.0,1.0,48.0,52.0,47.0,53.0,42.0,58.0,54.0,46.0,47.0,53.0,8.0,5.0,7.0,4.0,0.0,1.0,1.0,0.0,13.0,14.0,10.0,8.0,5.0,2.0,5.0,7.0,2.0,4.0,8.0,11.0,0,1,0,0,150.0,108.0,13.0,8.0,17.0,17.0,26.0,23.0,140.0,204.0,10,4,9,5,4,2,1,0
10935,2024-11-23,16:30,28.0,24.0,Adrien Marbot,3.0,2.0,43.0,57.0,53.0,47.0,67.0,33.0,44.0,56.0,54.0,46.0,7.0,4.0,3.0,4.0,3.0,0.0,1.0,0.0,13.0,9.0,12.0,7.0,0.0,1.0,4.0,7.0,3.0,4.0,14.0,17.0,3,1,0,1,126.0,95.0,10.0,8.0,27.0,16.0,19.0,13.0,88.0,192.0,2,5,6,15,4,4,0,1
10936,2024-11-23,16:30,22.0,30.0,Vivien Praderie,3.0,3.0,53.0,47.0,66.0,34.0,76.0,24.0,33.0,67.0,65.0,35.0,3.0,8.0,1.0,5.0,1.0,1.0,1.0,2.0,18.0,20.0,13.0,16.0,2.0,1.0,3.0,1.0,1.0,3.0,19.0,15.0,3,2,0,0,77.0,130.0,4.0,7.0,13.0,28.0,10.0,18.0,117.0,97.0,5,3,7,6,1,4,0,0
10937,2024-11-23,16:30,30.0,3.0,Pierre Baptiste Nuchy,3.0,0.0,53.0,47.0,57.0,43.0,63.0,37.0,43.0,57.0,56.0,44.0,9.0,11.0,5.0,8.0,2.0,2.0,2.0,1.0,15.0,15.0,15.0,11.0,3.0,0.0,8.0,3.0,3.0,1.0,12.0,17.0,0,3,0,0,127.0,126.0,12.0,8.0,15.0,18.0,35.0,22.0,123.0,123.0,4,0,5,6,9,1,1,0
10941,2024-11-23,16:30,41.0,9.0,Thomas Charabas,6.0,0.0,58.0,42.0,53.0,47.0,74.0,26.0,47.0,53.0,52.0,48.0,5.0,8.0,4.0,7.0,0.0,1.0,1.0,0.0,11.0,16.0,11.0,14.0,1.0,0.0,11.0,2.0,1.0,3.0,15.0,9.0,1,0,0,1,105.0,177.0,5.0,4.0,19.0,46.0,19.0,14.0,166.0,117.0,6,4,13,11,5,1,1,0
10939,2024-11-23,21:05,29.0,37.0,Benoit Rousselet,4.0,5.0,54.0,46.0,65.0,35.0,63.0,37.0,35.0,65.0,64.0,36.0,11.0,10.0,9.0,9.0,1.0,1.0,1.0,0.0,11.0,10.0,9.0,9.0,0.0,1.0,13.0,9.0,1.0,2.0,9.0,5.0,2,0,0,0,95.0,143.0,9.0,7.0,10.0,20.0,19.0,28.0,136.0,116.0,5,5,12,10,4,5,0,0
10940,2024-11-24,21:05,40.0,24.0,Vincent Blasco Baque,6.0,3.0,54.0,46.0,53.0,47.0,62.0,38.0,47.0,53.0,53.0,47.0,12.0,4.0,10.0,3.0,1.0,0.0,1.0,1.0,7.0,18.0,7.0,14.0,1.0,0.0,5.0,9.0,0.0,1.0,14.0,6.0,0,0,1,0,105.0,152.0,15.0,15.0,21.0,14.0,23.0,17.0,170.0,162.0,14,5,15,7,4,3,1,0
10944,2024-11-30,14:30,17.0,21.0,Pierre Brousset,2.0,2.0,40.0,60.0,42.0,58.0,44.0,56.0,58.0,42.0,46.0,54.0,6.0,6.0,6.0,5.0,0.0,0.0,0.0,1.0,12.0,21.0,8.0,20.0,1.0,2.0,7.0,10.0,1.0,3.0,19.0,13.0,2,1,0,0,149.0,114.0,4.0,6.0,16.0,16.0,17.0,24.0,80.0,132.0,3,2,6,7,5,5,1,0
10942,2024-11-30,16:30,54.0,10.0,Pierre Baptiste Nuchy,8.0,1.0,64.0,36.0,61.0,39.0,55.0,45.0,39.0,61.0,55.0,45.0,9.0,6.0,8.0,3.0,1.0,2.0,0.0,1.0,17.0,15.0,15.0,10.0,0.0,0.0,2.0,9.0,0.0,1.0,10.0,13.0,1,3,0,0,96.0,154.0,10.0,6.0,12.0,21.0,27.0,18.0,156.0,74.0,9,0,15,4,1,1,1,0
10945,2024-11-30,16:30,29.0,15.0,Vincent Blasco Baque,2.0,2.0,57.0,43.0,67.0,33.0,70.0,30.0,31.0,69.0,63.0,37.0,7.0,0.0,6.0,0.0,0.0,0.0,1.0,0.0,18.0,11.0,16.0,8.0,2.0,1.0,3.0,4.0,5.0,1.0,9.0,14.0,1,1,0,0,130.0,228.0,18.0,14.0,19.0,26.0,27.0,26.0,154.0,120.0,4,9,6,9,3,3,0,0
10946,2024-11-30,16:30,14.0,23.0,Jeremy Rozier,2.0,2.0,50.0,50.0,47.0,53.0,52.0,48.0,53.0,47.0,48.0,52.0,9.0,9.0,5.0,5.0,2.0,1.0,2.0,3.0,16.0,18.0,11.0,16.0,2.0,2.0,4.0,8.0,0.0,3.0,12.0,12.0,0,1,0,0,115.0,97.0,7.0,2.0,20.0,19.0,28.0,33.0,118.0,111.0,4,1,5,5,3,1,0,0
10947,2024-11-30,16:30,9.0,6.0,Thomas Charabas,0.0,0.0,49.0,51.0,56.0,44.0,51.0,49.0,43.0,57.0,56.0,44.0,8.0,10.0,6.0,8.0,2.0,1.0,0.0,1.0,16.0,14.0,11.0,11.0,0.0,3.0,5.0,8.0,3.0,2.0,10.0,16.0,1,1,0,0,119.0,113.0,8.0,10.0,9.0,13.0,35.0,34.0,142.0,78.0,3,1,12,1,4,3,0,1
10948,2024-11-30,21:05,13.0,22.0,Kevin Bralley,1.0,1.0,47.0,53.0,36.0,64.0,36.0,64.0,66.0,34.0,38.0,62.0,5.0,9.0,4.0,9.0,0.0,0.0,1.0,0.0,15.0,17.0,10.0,13.0,3.0,2.0,7.0,4.0,2.0,4.0,11.0,8.0,1,0,0,0,111.0,137.0,2.0,8.0,14.0,13.0,23.0,33.0,158.0,150.0,4,2,11,4,1,3,0,0
10943,2024-12-01,21:05,21.0,13.0,Ludovic Cayre,2.0,1.0,54.0,46.0,62.0,38.0,39.0,61.0,36.0,64.0,59.0,41.0,4.0,9.0,3.0,5.0,0.0,3.0,1.0,1.0,16.0,13.0,14.0,11.0,2.0,1.0,6.0,7.0,3.0,2.0,9.0,9.0,1,1,0,0,115.0,124.0,14.0,10.0,11.0,21.0,28.0,30.0,172.0,82.0,6,3,11,2,2,4,0,0
10955,2024-12-21,14:30,20.0,15.0,Pierre Brousset,2.0,2.0,46.0,54.0,48.0,52.0,36.0,64.0,52.0,48.0,48.0,52.0,10.0,6.0,8.0,5.0,0.0,0.0,2.0,1.0,15.0,19.0,10.0,16.0,0.0,3.0,6.0,5.0,2.0,1.0,13.0,8.0,3,3,0,0,124.0,96.0,8.0,8.0,14.0,24.0,20.0,28.0,126.0,111.0,4,3,11,7,3,6,0,1
10951,2024-12-21,16:30,21.0,17.0,Tual Trainini,2.0,1.0,39.0,61.0,48.0,52.0,48.0,52.0,52.0,48.0,50.0,50.0,6.0,9.0,6.0,4.0,0.0,2.0,0.0,3.0,14.0,19.0,10.0,17.0,0.0,3.0,5.0,5.0,3.0,4.0,17.0,13.0,3,3,0,0,133.0,75.0,11.0,6.0,14.0,12.0,24.0,26.0,81.0,153.0,2,1,8,7,2,2,0,1
10952,2024-12-21,16:30,56.0,25.0,Jeremy Rozier,7.0,3.0,56.0,44.0,54.0,46.0,70.0,30.0,46.0,54.0,52.0,48.0,6.0,3.0,5.0,1.0,1.0,1.0,0.0,1.0,13.0,16.0,10.0,10.0,5.0,3.0,2.0,7.0,3.0,2.0,11.0,14.0,0,2,0,0,125.0,154.0,7.0,13.0,17.0,32.0,22.0,14.0,138.0,135.0,8,3,16,3,5,1,1,0
10953,2024-12-21,16:30,21.0,27.0,Kevin Bralley,2.0,3.0,62.0,38.0,53.0,47.0,62.0,38.0,51.0,49.0,50.0,50.0,8.0,10.0,5.0,7.0,1.0,2.0,2.0,1.0,18.0,9.0,16.0,7.0,2.0,1.0,6.0,5.0,3.0,2.0,7.0,23.0,0,2,0,0,75.0,166.0,5.0,10.0,18.0,16.0,16.0,18.0,91.0,81.0,4,3,3,4,1,6,0,0
10954,2024-12-21,16:30,24.0,7.0,Luc Ramos,3.0,1.0,56.0,44.0,56.0,44.0,91.0,9.0,44.0,56.0,56.0,44.0,9.0,9.0,8.0,7.0,0.0,2.0,1.0,0.0,23.0,15.0,20.0,7.0,2.0,1.0,8.0,3.0,1.0,0.0,12.0,13.0,0,2,0,0,92.0,81.0,18.0,6.0,10.0,10.0,35.0,29.0,120.0,109.0,3,3,10,5,2,2,0,0
10949,2024-12-21,21:05,3.0,13.0,Ludovic Cayre,0.0,1.0,58.0,42.0,59.0,41.0,75.0,25.0,41.0,59.0,63.0,37.0,13.0,8.0,8.0,7.0,2.0,1.0,3.0,0.0,12.0,12.0,8.0,8.0,0.0,3.0,8.0,8.0,1.0,2.0,11.0,7.0,0,0,0,0,72.0,124.0,2.0,10.0,15.0,13.0,40.0,39.0,127.0,66.0,2,4,3,8,2,3,0,0
10950,2024-12-22,21:05,17.0,17.0,Adrien Marbot,1.0,2.0,51.0,49.0,53.0,47.0,54.0,46.0,47.0,53.0,53.0,47.0,4.0,4.0,2.0,4.0,2.0,0.0,0.0,0.0,15.0,15.0,15.0,10.0,3.0,0.0,4.0,7.0,4.0,1.0,12.0,12.0,1,0,0,0,121.0,110.0,6.0,11.0,19.0,10.0,32.0,30.0,124.0,142.0,6,9,6,8,1,5,0,0
10959,2024-12-28,14:00,48.0,24.0,Jonathan Gasnier,6.0,3.0,49.0,51.0,43.0,57.0,46.0,54.0,58.0,42.0,45.0,55.0,3.0,5.0,3.0,4.0,0.0,0.0,0.0,1.0,14.0,14.0,12.0,13.0,1.0,1.0,6.0,2.0,2.0,1.0,9.0,11.0,0,1,0,0,185.0,154.0,3.0,2.0,21.0,18.0,30.0,29.0,173.0,170.0,7,2,17,11,5,1,1,0
10957,2024-12-28,16:00,33.0,12.0,Benoit Rousselet,3.0,2.0,58.0,42.0,51.0,49.0,56.0,44.0,48.0,52.0,52.0,48.0,12.0,7.0,9.0,6.0,1.0,0.0,2.0,1.0,15.0,13.0,11.0,7.0,2.0,2.0,3.0,9.0,4.0,0.0,6.0,10.0,0,0,0,0,93.0,151.0,11.0,10.0,7.0,43.0,37.0,34.0,192.0,120.0,9,8,12,13,3,1,0,0
10956,2024-12-28,18:00,18.0,22.0,Thomas Charabas,2.0,1.0,55.0,45.0,53.0,47.0,80.0,20.0,47.0,53.0,53.0,47.0,9.0,5.0,3.0,4.0,4.0,1.0,2.0,0.0,13.0,13.0,9.0,8.0,2.0,3.0,8.0,3.0,2.0,5.0,13.0,8.0,0,0,0,0,90.0,111.0,9.0,11.0,8.0,29.0,24.0,32.0,114.0,58.0,2,0,4,3,1,2,1,0
10961,2024-12-28,21:05,21.0,17.0,Pierre Brousset,2.0,2.0,46.0,54.0,46.0,54.0,52.0,48.0,55.0,45.0,47.0,53.0,8.0,8.0,7.0,8.0,0.0,0.0,1.0,0.0,20.0,10.0,15.0,8.0,0.0,2.0,8.0,4.0,3.0,1.0,7.0,14.0,0,1,0,0,162.0,107.0,13.0,4.0,23.0,18.0,32.0,31.0,115.0,137.0,3,5,9,3,3,2,0,1
10958,2024-12-29,16:00,25.0,25.0,Vivien Praderie,3.0,1.0,57.0,43.0,65.0,35.0,65.0,35.0,34.0,66.0,62.0,38.0,2.0,4.0,2.0,3.0,0.0,1.0,0.0,0.0,13.0,15.0,10.0,10.0,2.0,3.0,4.0,3.0,2.0,6.0,17.0,10.0,2,1,0,0,113.0,179.0,9.0,5.0,13.0,35.0,34.0,30.0,177.0,115.0,4,3,8,8,5,4,0,0
10962,2024-12-29,18:00,21.0,13.0,Vincent Blasco Baque,2.0,1.0,57.0,43.0,64.0,36.0,83.0,17.0,36.0,64.0,67.0,33.0,8.0,5.0,7.0,4.0,0.0,0.0,1.0,1.0,16.0,9.0,12.0,8.0,0.0,4.0,5.0,5.0,3.0,2.0,8.0,15.0,0,0,0,0,91.0,160.0,5.0,11.0,15.0,34.0,22.0,29.0,178.0,116.0,4,1,10,8,2,4,0,0
10960,2024-12-29,21:05,38.0,23.0,Evan Urruzmendi,5.0,2.0,59.0,41.0,55.0,45.0,72.0,28.0,46.0,54.0,52.0,48.0,7.0,11.0,5.0,7.0,0.0,2.0,2.0,2.0,18.0,16.0,16.0,11.0,2.0,1.0,9.0,7.0,1.0,3.0,11.0,14.0,0,1,0,0,62.0,128.0,2.0,5.0,22.0,30.0,25.0,18.0,152.0,61.0,4,3,5,3,4,3,1,0
10966,2025-01-04,14:30,36.0,24.0,Ludovic Cayre,6.0,3.0,56.0,44.0,54.0,46.0,49.0,51.0,46.0,54.0,54.0,46.0,2.0,5.0,2.0,5.0,0.0,0.0,0.0,0.0,18.0,17.0,15.0,11.0,3.0,3.0,6.0,5.0,0.0,1.0,6.0,7.0,0,1,0,0,142.0,176.0,9.0,3.0,19.0,26.0,33.0,25.0,210.0,138.0,9,6,19,4,3,2,1,0
10963,2025-01-04,16:30,24.0,19.0,Adrien Marbot,2.0,1.0,46.0,54.0,48.0,52.0,38.0,62.0,53.0,47.0,49.0,51.0,4.0,6.0,3.0,5.0,1.0,0.0,0.0,1.0,16.0,15.0,12.0,12.0,2.0,0.0,4.0,5.0,3.0,4.0,10.0,9.0,0,1,0,0,139.0,106.0,6.0,12.0,18.0,8.0,39.0,39.0,104.0,110.0,3,1,6,4,2,1,0,1
10964,2025-01-04,16:30,17.0,12.0,Tual Trainini,2.0,0.0,48.0,52.0,63.0,37.0,75.0,25.0,34.0,66.0,61.0,39.0,8.0,14.0,7.0,9.0,1.0,2.0,0.0,3.0,16.0,19.0,12.0,17.0,0.0,2.0,10.0,8.0,1.0,4.0,16.0,12.0,3,1,0,0,110.0,136.0,6.0,9.0,8.0,12.0,20.0,21.0,109.0,137.0,2,1,4,3,4,3,0,1
10965,2025-01-04,16:30,42.0,10.0,Jeremy Rozier,6.0,1.0,52.0,48.0,52.0,48.0,63.0,37.0,48.0,52.0,51.0,49.0,12.0,5.0,8.0,4.0,2.0,1.0,2.0,0.0,14.0,12.0,12.0,10.0,1.0,1.0,3.0,7.0,2.0,1.0,8.0,19.0,0,1,0,1,116.0,91.0,0.0,5.0,30.0,20.0,33.0,18.0,97.0,143.0,4,6,9,9,5,3,1,0
10968,2025-01-04,16:30,19.0,46.0,Kevin Bralley,1.0,6.0,45.0,55.0,48.0,52.0,32.0,68.0,51.0,49.0,49.0,51.0,4.0,9.0,3.0,8.0,1.0,0.0,0.0,1.0,14.0,11.0,11.0,7.0,3.0,2.0,10.0,5.0,3.0,2.0,10.0,9.0,2,2,0,0,156.0,125.0,13.0,9.0,33.0,22.0,19.0,28.0,146.0,170.0,2,5,4,4,5,4,0,1
10969,2025-01-04,21:05,22.0,19.0,Luc Ramos,3.0,1.0,53.0,47.0,61.0,39.0,66.0,34.0,39.0,61.0,62.0,38.0,10.0,5.0,8.0,5.0,0.0,0.0,2.0,0.0,19.0,14.0,13.0,14.0,0.0,3.0,6.0,4.0,1.0,3.0,11.0,14.0,1,0,0,0,108.0,147.0,20.0,15.0,16.0,22.0,29.0,40.0,179.0,95.0,4,2,7,8,5,5,0,1
10967,2025-01-05,21:05,19.0,20.0,Pierre Baptiste Nuchy,1.0,2.0,49.0,51.0,53.0,47.0,46.0,54.0,47.0,53.0,52.0,48.0,7.0,9.0,5.0,6.0,0.0,1.0,2.0,2.0,20.0,12.0,16.0,12.0,0.0,2.0,6.0,4.0,4.0,2.0,9.0,16.0,0,1,0,0,104.0,112.0,6.0,17.0,20.0,15.0,26.0,27.0,110.0,78.0,4,5,6,5,2,1,1,0
10974,2025-01-25,14:00,27.0,17.0,Benoit Rousselet,3.0,2.0,57.0,43.0,38.0,62.0,28.0,72.0,60.0,40.0,37.0,63.0,14.0,6.0,11.0,5.0,1.0,0.0,2.0,1.0,12.0,14.0,11.0,13.0,0.0,1.0,5.0,12.0,2.0,1.0,9.0,8.0,0,0,0,0,82.0,145.0,3.0,18.0,10.0,30.0,36.0,28.0,153.0,80.0,5,3,11,8,2,4,0,0
10970,2025-01-25,16:00,20.0,27.0,,2.0,4.0,60.0,40.0,52.0,48.0,69.0,31.0,47.0,53.0,52.0,48.0,8.0,7.0,7.0,7.0,1.0,0.0,0.0,0.0,18.0,10.0,14.0,8.0,1.0,1.0,6.0,8.0,2.0,1.0,9.0,11.0,0,2,0,0,77.0,159.0,11.0,7.0,18.0,46.0,23.0,30.0,202.0,118.0,6,4,8,7,2,6,0,0
10972,2025-01-25,16:00,33.0,28.0,Ludovic Cayre,3.0,3.0,54.0,46.0,65.0,35.0,59.0,41.0,34.0,66.0,64.0,36.0,6.0,6.0,5.0,4.0,1.0,2.0,0.0,0.0,17.0,13.0,17.0,12.0,0.0,0.0,7.0,6.0,3.0,3.0,12.0,13.0,0,2,1,1,89.0,133.0,1.0,2.0,12.0,7.0,29.0,31.0,78.0,43.0,1,1,5,0,2,2,0,1
10973,2025-01-25,16:00,20.0,14.0,Tual Trainini,2.0,2.0,42.0,58.0,32.0,68.0,32.0,68.0,68.0,32.0,32.0,68.0,5.0,8.0,4.0,4.0,1.0,3.0,0.0,1.0,15.0,19.0,11.0,16.0,2.0,2.0,5.0,5.0,2.0,0.0,11.0,10.0,1,1,0,0,160.0,89.0,10.0,4.0,34.0,8.0,46.0,45.0,75.0,190.0,3,6,4,10,1,1,0,0
10976,2025-01-25,16:00,16.0,11.0,Pierre Baptiste Nuchy,1.0,1.0,43.0,57.0,46.0,54.0,25.0,75.0,54.0,46.0,47.0,53.0,7.0,15.0,6.0,10.0,1.0,2.0,0.0,3.0,12.0,13.0,8.0,10.0,1.0,0.0,11.0,7.0,3.0,2.0,10.0,12.0,2,0,0,0,129.0,84.0,4.0,1.0,22.0,13.0,19.0,27.0,91.0,114.0,1,2,6,7,1,2,0,1
10975,2025-01-25,21:15,20.0,22.0,Evan Urruzmendi,2.0,1.0,61.0,39.0,57.0,43.0,57.0,43.0,45.0,55.0,53.0,47.0,6.0,7.0,5.0,6.0,0.0,0.0,1.0,1.0,20.0,15.0,14.0,10.0,1.0,2.0,5.0,3.0,2.0,5.0,10.0,9.0,0,1,0,0,79.0,165.0,9.0,14.0,13.0,21.0,19.0,28.0,157.0,94.0,2,2,6,2,3,2,1,0
10971,2025-01-26,21:05,45.0,26.0,,6.0,2.0,59.0,41.0,65.0,35.0,67.0,33.0,34.0,66.0,61.0,39.0,12.0,2.0,9.0,2.0,0.0,0.0,3.0,0.0,15.0,7.0,11.0,5.0,0.0,3.0,5.0,5.0,1.0,4.0,8.0,14.0,0,1,0,0,112.0,174.0,19.0,11.0,22.0,20.0,23.0,21.0,165.0,129.0,5,6,13,5,7,2,1,0
10978,2025-02-15,14:30,36.0,32.0,Tual Trainini,3.0,3.0,45.0,55.0,46.0,54.0,43.0,57.0,55.0,45.0,46.0,54.0,7.0,9.0,6.0,7.0,0.0,1.0,1.0,1.0,11.0,13.0,10.0,10.0,0.0,0.0,6.0,6.0,5.0,5.0,13.0,13.0,1,0,0,0,145.0,87.0,10.0,3.0,26.0,12.0,23.0,21.0,103.0,128.0,2,8,5,6,5,5,0,1
10979,2025-02-15,16:30,53.0,17.0,Luc Ramos,8.0,2.0,45.0,55.0,46.0,54.0,54.0,46.0,54.0,46.0,48.0,52.0,5.0,8.0,4.0,8.0,1.0,0.0,0.0,0.0,14.0,19.0,10.0,16.0,1.0,2.0,6.0,5.0,1.0,1.0,16.0,12.0,1,0,0,0,140.0,114.0,12.0,0.0,15.0,12.0,24.0,11.0,110.0,174.0,4,4,6,11,6,2,1,0
10981,2025-02-15,16:30,25.0,30.0,Thomas Charabas,3.0,3.0,51.0,49.0,45.0,55.0,41.0,59.0,56.0,44.0,45.0,55.0,9.0,8.0,5.0,5.0,2.0,2.0,2.0,1.0,8.0,20.0,6.0,15.0,2.0,0.0,8.0,5.0,2.0,3.0,12.0,8.0,1,0,1,0,104.0,123.0,11.0,9.0,20.0,30.0,32.0,30.0,111.0,100.0,8,5,14,9,4,2,1,0
10982,2025-02-15,16:30,39.0,37.0,Adrien Marbot,5.0,4.0,48.0,52.0,55.0,45.0,51.0,49.0,43.0,57.0,54.0,46.0,10.0,6.0,6.0,3.0,2.0,2.0,2.0,1.0,12.0,14.0,9.0,12.0,1.0,2.0,4.0,8.0,2.0,3.0,15.0,14.0,0,1,0,0,99.0,98.0,6.0,5.0,15.0,18.0,23.0,23.0,82.0,64.0,4,3,6,0,3,4,0,1
10983,2025-02-15,16:30,20.0,20.0,Benoit Rousselet,1.0,2.0,56.0,44.0,41.0,59.0,59.0,41.0,59.0,41.0,41.0,59.0,9.0,9.0,7.0,4.0,1.0,4.0,1.0,1.0,12.0,9.0,7.0,6.0,2.0,3.0,7.0,7.0,5.0,2.0,9.0,12.0,0,1,0,0,126.0,157.0,2.0,8.0,20.0,26.0,20.0,19.0,173.0,122.0,8,4,9,7,3,5,0,0
10980,2025-02-15,21:05,30.0,38.0,Kevin Bralley,3.0,4.0,45.0,55.0,45.0,55.0,43.0,57.0,55.0,45.0,47.0,53.0,3.0,5.0,1.0,4.0,1.0,0.0,1.0,1.0,14.0,18.0,12.0,15.0,1.0,1.0,4.0,3.0,3.0,3.0,13.0,12.0,1,0,0,0,101.0,92.0,7.0,2.0,25.0,15.0,25.0,34.0,95.0,106.0,3,4,11,10,5,2,0,0
10977,2025-02-16,21:05,18.0,35.0,Jeremy Rozier,2.0,4.0,50.0,50.0,53.0,47.0,52.0,48.0,46.0,54.0,52.0,48.0,11.0,6.0,9.0,5.0,1.0,0.0,1.0,1.0,12.0,15.0,12.0,14.0,0.0,0.0,5.0,10.0,2.0,3.0,13.0,11.0,2,1,0,0,150.0,147.0,7.0,12.0,29.0,23.0,18.0,18.0,142.0,176.0,2,6,8,14,2,4,0,0
10984,2025-02-22,14:30,30.0,25.0,Pierre Baptiste Nuchy,2.0,1.0,46.0,54.0,46.0,54.0,65.0,35.0,54.0,46.0,46.0,54.0,8.0,7.0,6.0,5.0,1.0,1.0,1.0,1.0,10.0,13.0,8.0,10.0,1.0,1.0,5.0,6.0,6.0,6.0,13.0,15.0,0,1,0,0,105.0,92.0,8.0,2.0,16.0,12.0,22.0,25.0,81.0,103.0,4,1,2,8,2,2,0,1
10985,2025-02-22,16:30,24.0,6.0,Vincent Blasco Baque,3.0,0.0,54.0,46.0,53.0,47.0,53.0,47.0,47.0,53.0,52.0,48.0,8.0,4.0,6.0,4.0,1.0,0.0,1.0,0.0,19.0,24.0,15.0,20.0,1.0,3.0,7.0,7.0,1.0,2.0,10.0,14.0,0,1,0,0,86.0,104.0,6.0,11.0,24.0,18.0,29.0,32.0,133.0,101.0,2,4,3,3,3,3,1,0
10986,2025-02-22,16:30,37.0,24.0,Vivien Praderie,4.0,3.0,51.0,49.0,47.0,53.0,54.0,46.0,55.0,45.0,47.0,53.0,7.0,8.0,3.0,5.0,2.0,0.0,2.0,3.0,17.0,11.0,13.0,8.0,1.0,0.0,2.0,6.0,3.0,1.0,14.0,16.0,3,4,0,0,134.0,128.0,6.0,8.0,10.0,28.0,29.0,25.0,92.0,107.0,4,3,6,5,1,1,0,0
10987,2025-02-22,16:30,23.0,6.0,Ludovic Cayre,2.0,0.0,60.0,40.0,56.0,44.0,74.0,26.0,44.0,56.0,55.0,45.0,4.0,9.0,3.0,6.0,0.0,2.0,1.0,1.0,19.0,16.0,19.0,7.0,3.0,0.0,10.0,5.0,3.0,2.0,11.0,14.0,0,1,0,0,96.0,142.0,7.0,10.0,5.0,20.0,31.0,28.0,135.0,70.0,5,3,7,4,1,2,0,0
10988,2025-02-22,16:30,21.0,26.0,Benoit Rousselet,3.0,2.0,58.0,42.0,51.0,49.0,50.0,50.0,49.0,51.0,52.0,48.0,1.0,13.0,1.0,9.0,0.0,2.0,0.0,2.0,13.0,13.0,11.0,11.0,1.0,1.0,9.0,0.0,0.0,4.0,11.0,8.0,1,0,0,0,93.0,186.0,2.0,3.0,9.0,24.0,25.0,42.0,229.0,102.0,6,2,16,7,1,5,1,0
10989,2025-02-22,21:05,41.0,6.0,Jonathan Gasnier,7.0,0.0,59.0,41.0,50.0,50.0,70.0,30.0,52.0,48.0,49.0,51.0,10.0,6.0,6.0,4.0,2.0,2.0,2.0,0.0,14.0,12.0,10.0,9.0,2.0,2.0,4.0,8.0,0.0,2.0,10.0,16.0,2,4,0,0,113.0,144.0,7.0,8.0,24.0,31.0,24.0,14.0,148.0,106.0,11,2,19,3,8,2,1,0
10990,2025-02-23,21:05,22.0,18.0,Kevin Bralley,3.0,2.0,47.0,53.0,47.0,53.0,59.0,41.0,53.0,47.0,48.0,52.0,10.0,8.0,8.0,4.0,1.0,2.0,1.0,2.0,14.0,19.0,13.0,15.0,2.0,1.0,5.0,5.0,1.0,2.0,10.0,12.0,1,2,0,0,133.0,136.0,9.0,5.0,20.0,28.0,18.0,22.0,114.0,137.0,4,3,7,9,3,6,0,1
10995,2025-03-01,14:30,22.0,17.0,Jeremy Rozier,1.0,2.0,48.0,52.0,40.0,60.0,39.0,61.0,60.0,40.0,39.0,61.0,5.0,3.0,4.0,3.0,0.0,0.0,1.0,0.0,14.0,21.0,14.0,13.0,4.0,0.0,4.0,2.0,5.0,1.0,17.0,14.0,2,1,1,1,147.0,114.0,8.0,8.0,16.0,21.0,40.0,29.0,140.0,154.0,6,6,9,15,6,4,0,1
10992,2025-03-01,16:30,27.0,20.0,Evan Urruzmendi,4.0,2.0,40.0,60.0,50.0,50.0,57.0,43.0,48.0,52.0,52.0,48.0,7.0,9.0,7.0,7.0,0.0,0.0,0.0,2.0,12.0,14.0,7.0,6.0,3.0,1.0,9.0,7.0,1.0,2.0,11.0,8.0,1,1,0,0,191.0,97.0,13.0,6.0,30.0,24.0,26.0,26.0,116.0,223.0,6,8,8,14,3,3,0,0
10993,2025-03-01,16:30,21.0,17.0,Thomas Charabas,2.0,2.0,47.0,53.0,46.0,54.0,44.0,56.0,54.0,46.0,47.0,53.0,5.0,8.0,2.0,4.0,2.0,2.0,1.0,2.0,11.0,18.0,10.0,12.0,3.0,1.0,5.0,3.0,3.0,1.0,11.0,11.0,0,1,0,0,163.0,137.0,13.0,11.0,26.0,25.0,25.0,26.0,120.0,140.0,4,1,8,7,6,4,0,1
10994,2025-03-01,16:30,29.0,47.0,Tual Trainini,4.0,4.0,38.0,62.0,46.0,54.0,36.0,64.0,54.0,46.0,45.0,55.0,0.0,13.0,0.0,12.0,0.0,0.0,0.0,1.0,10.0,11.0,8.0,8.0,1.0,1.0,13.0,1.0,1.0,6.0,11.0,6.0,0,0,0,0,215.0,105.0,12.0,9.0,35.0,19.0,31.0,42.0,95.0,182.0,4,8,8,4,2,2,0,0
10996,2025-03-01,16:30,63.0,21.0,Adrien Marbot,9.0,3.0,55.0,45.0,50.0,50.0,50.0,50.0,51.0,49.0,49.0,51.0,4.0,8.0,4.0,6.0,0.0,0.0,0.0,2.0,16.0,12.0,15.0,10.0,1.0,0.0,5.0,2.0,0.0,0.0,7.0,10.0,0,0,0,0,124.0,151.0,5.0,5.0,15.0,29.0,26.0,22.0,187.0,123.0,13,4,18,10,6,4,1,0
10997,2025-03-01,21:05,17.0,29.0,Pierre Brousset,3.0,4.0,67.0,33.0,55.0,45.0,53.0,47.0,46.0,54.0,52.0,48.0,5.0,12.0,4.0,8.0,1.0,2.0,0.0,2.0,21.0,14.0,20.0,13.0,0.0,1.0,10.0,5.0,0.0,1.0,7.0,14.0,0,1,0,0,61.0,245.0,4.0,8.0,18.0,26.0,15.0,32.0,238.0,88.0,6,5,11,6,3,6,0,0
10991,2025-03-02,21:05,31.0,18.0,Luc Ramos,3.0,2.0,43.0,57.0,51.0,49.0,44.0,56.0,48.0,52.0,52.0,48.0,4.0,3.0,3.0,2.0,0.0,0.0,1.0,1.0,15.0,19.0,9.0,17.0,1.0,4.0,4.0,4.0,3.0,2.0,12.0,11.0,0,2,1,0,129.0,118.0,8.0,2.0,12.0,27.0,27.0,27.0,121.0,130.0,8,2,6,5,4,1,0,0
11003,2025-03-22,14:30,12.0,12.0,Pierre Brousset,2.0,0.0,49.0,51.0,58.0,42.0,58.0,42.0,43.0,57.0,59.0,41.0,10.0,3.0,7.0,3.0,2.0,0.0,1.0,1.0,21.0,18.0,21.0,15.0,1.0,0.0,7.0,7.0,0.0,4.0,13.0,13.0,0,0,0,0,101.0,81.0,9.0,2.0,11.0,15.0,32.0,34.0,105.0,99.0,5,4,6,6,6,1,0,0
10998,2025-03-22,16:30,21.0,23.0,Evan Urruzmendi,2.0,2.0,59.0,41.0,62.0,38.0,49.0,51.0,37.0,63.0,57.0,43.0,12.0,10.0,7.0,7.0,0.0,1.0,5.0,2.0,15.0,11.0,14.0,8.0,1.0,0.0,8.0,7.0,3.0,3.0,11.0,13.0,1,1,0,0,113.0,169.0,8.0,16.0,17.0,11.0,26.0,29.0,123.0,82.0,5,5,7,3,2,2,1,0
10999,2025-03-22,16:30,36.0,21.0,Kevin Bralley,5.0,3.0,60.0,40.0,48.0,52.0,36.0,64.0,51.0,49.0,49.0,51.0,7.0,10.0,5.0,10.0,1.0,0.0,1.0,2.0,11.0,9.0,8.0,7.0,1.0,2.0,8.0,5.0,1.0,0.0,8.0,8.0,0,1,0,0,93.0,159.0,6.0,8.0,20.0,29.0,26.0,31.0,178.0,101.0,10,5,12,3,1,3,0,0
11001,2025-03-22,16:30,40.0,38.0,Luc Ramos,4.0,5.0,53.0,47.0,44.0,56.0,56.0,44.0,57.0,43.0,45.0,55.0,11.0,1.0,6.0,0.0,4.0,1.0,1.0,0.0,6.0,20.0,5.0,16.0,2.0,1.0,1.0,8.0,3.0,3.0,16.0,9.0,1,2,0,0,114.0,154.0,10.0,4.0,21.0,20.0,29.0,33.0,115.0,107.0,8,10,4,11,4,3,0,1
11002,2025-03-22,16:30,31.0,27.0,Tual Trainini,3.0,4.0,46.0,54.0,45.0,55.0,52.0,48.0,56.0,44.0,46.0,54.0,7.0,1.0,4.0,0.0,2.0,1.0,1.0,0.0,26.0,16.0,20.0,16.0,0.0,5.0,1.0,5.0,4.0,1.0,13.0,19.0,4,3,0,0,133.0,106.0,14.0,13.0,24.0,12.0,23.0,22.0,86.0,159.0,2,5,5,5,4,0,0,1
11000,2025-03-22,21:05,40.0,19.0,Vivien Praderie,4.0,1.0,47.0,53.0,48.0,52.0,41.0,59.0,53.0,47.0,48.0,52.0,12.0,7.0,9.0,4.0,0.0,1.0,3.0,2.0,15.0,9.0,14.0,6.0,0.0,1.0,5.0,7.0,4.0,4.0,11.0,9.0,1,1,0,0,122.0,76.0,10.0,3.0,12.0,14.0,35.0,30.0,95.0,112.0,0,1,7,4,2,0,1,0
11004,2025-03-23,21:05,32.0,24.0,Ludovic Cayre,4.0,3.0,43.0,57.0,51.0,49.0,52.0,48.0,48.0,52.0,52.0,48.0,10.0,4.0,6.0,4.0,3.0,0.0,1.0,0.0,13.0,20.0,10.0,15.0,2.0,1.0,5.0,12.0,2.0,1.0,11.0,11.0,0,1,0,0,164.0,96.0,6.0,4.0,15.0,22.0,32.0,35.0,163.0,155.0,6,5,16,11,3,1,0,0
11011,2025-03-29,14:30,55.0,10.0,Pierre Brousset,8.0,1.0,55.0,45.0,59.0,41.0,54.0,46.0,40.0,60.0,55.0,45.0,8.0,11.0,7.0,8.0,0.0,1.0,1.0,2.0,13.0,14.0,10.0,10.0,2.0,1.0,8.0,5.0,1.0,1.0,12.0,15.0,1,0,0,0,124.0,154.0,7.0,3.0,19.0,39.0,13.0,14.0,194.0,97.0,13,5,17,3,6,1,1,0
11008,2025-03-29,16:30,38.0,32.0,Benoit Rousselet,5.0,4.0,60.0,40.0,52.0,48.0,53.0,47.0,49.0,51.0,50.0,50.0,4.0,6.0,4.0,6.0,0.0,0.0,0.0,0.0,17.0,16.0,13.0,12.0,2.0,0.0,6.0,1.0,1.0,2.0,8.0,10.0,2,0,0,0,69.0,134.0,1.0,8.0,13.0,25.0,33.0,33.0,128.0,76.0,5,7,11,8,3,0,0,0
11010,2025-03-29,16:30,20.0,20.0,Ludovic Cayre,2.0,2.0,42.0,58.0,54.0,46.0,50.0,50.0,44.0,56.0,55.0,45.0,5.0,5.0,4.0,5.0,1.0,0.0,0.0,0.0,14.0,14.0,13.0,12.0,0.0,1.0,4.0,5.0,2.0,2.0,13.0,9.0,1,0,0,0,215.0,109.0,6.0,4.0,24.0,29.0,28.0,30.0,127.0,188.0,6,5,17,8,2,6,0,0
11005,2025-03-29,16:30,33.0,19.0,Vincent Blasco Baque,4.0,3.0,49.0,51.0,42.0,58.0,41.0,59.0,58.0,42.0,42.0,58.0,6.0,5.0,5.0,5.0,0.0,0.0,1.0,0.0,14.0,19.0,13.0,12.0,4.0,1.0,4.0,3.0,3.0,0.0,11.0,10.0,0,1,0,0,118.0,98.0,11.0,9.0,21.0,17.0,33.0,20.0,93.0,143.0,4,5,3,6,3,3,0,0
11006,2025-03-29,16:30,28.0,14.0,Adrien Marbot,4.0,1.0,50.0,50.0,52.0,48.0,45.0,55.0,48.0,52.0,52.0,48.0,6.0,4.0,5.0,2.0,1.0,2.0,0.0,2.0,14.0,18.0,10.0,9.0,5.0,3.0,1.0,4.0,2.0,3.0,9.0,10.0,0,1,0,0,150.0,163.0,3.0,3.0,28.0,19.0,31.0,17.0,155.0,145.0,7,9,5,13,3,4,1,0
11007,2025-03-29,21:05,28.0,26.0,Evan Urruzmendi,3.0,4.0,58.0,42.0,49.0,51.0,45.0,55.0,53.0,47.0,48.0,52.0,8.0,10.0,7.0,8.0,0.0,0.0,1.0,2.0,12.0,10.0,10.0,9.0,0.0,0.0,6.0,8.0,3.0,0.0,13.0,12.0,1,0,0,0,108.0,166.0,11.0,6.0,33.0,20.0,29.0,23.0,144.0,129.0,3,11,2,7,0,5,0,1
11009,2025-03-30,21:05,36.0,31.0,Luc Ramos,4.0,5.0,45.0,55.0,44.0,56.0,52.0,48.0,57.0,43.0,47.0,53.0,4.0,3.0,3.0,2.0,1.0,1.0,0.0,0.0,10.0,17.0,10.0,9.0,3.0,0.0,3.0,4.0,4.0,0.0,11.0,10.0,1,0,0,0,198.0,162.0,17.0,10.0,29.0,32.0,35.0,23.0,108.0,225.0,3,9,9,18,5,6,0,1
11015,2025-04-19,14:30,22.0,26.0,Ludovic Cayre,1.0,2.0,54.0,46.0,60.0,40.0,71.0,29.0,39.0,61.0,60.0,40.0,7.0,4.0,4.0,3.0,2.0,0.0,1.0,1.0,16.0,11.0,15.0,9.0,2.0,1.0,4.0,6.0,5.0,4.0,10.0,9.0,1,0,0,0,116.0,143.0,11.0,8.0,8.0,14.0,38.0,38.0,107.0,96.0,2,3,1,6,2,3,1,0
11012,2025-04-19,16:30,32.0,13.0,Tual Trainini,4.0,1.0,53.0,47.0,50.0,50.0,53.0,47.0,49.0,51.0,50.0,50.0,9.0,10.0,5.0,7.0,1.0,2.0,3.0,1.0,18.0,16.0,10.0,11.0,3.0,4.0,8.0,5.0,2.0,2.0,10.0,8.0,0,2,0,0,79.0,76.0,4.0,3.0,9.0,27.0,44.0,46.0,73.0,52.0,5,0,3,4,1,0,1,0
11013,2025-04-19,16:30,32.0,23.0,Thomas Charabas,4.0,3.0,48.0,52.0,44.0,56.0,39.0,61.0,58.0,42.0,46.0,54.0,10.0,2.0,8.0,1.0,1.0,0.0,1.0,1.0,10.0,15.0,8.0,14.0,0.0,2.0,3.0,10.0,2.0,2.0,10.0,8.0,0,0,0,0,175.0,177.0,4.0,4.0,25.0,27.0,22.0,20.0,143.0,166.0,8,5,8,9,3,4,0,0
11017,2025-04-19,16:30,29.0,28.0,Jonathan Gasnier,2.0,3.0,60.0,40.0,56.0,44.0,74.0,26.0,45.0,55.0,53.0,47.0,6.0,3.0,4.0,2.0,0.0,1.0,2.0,0.0,13.0,16.0,9.0,13.0,2.0,2.0,2.0,2.0,5.0,3.0,8.0,16.0,1,2,0,0,104.0,153.0,7.0,13.0,16.0,14.0,33.0,29.0,114.0,87.0,3,1,10,6,3,1,0,1
11018,2025-04-19,16:30,28.0,24.0,Kevin Bralley,1.0,3.0,47.0,53.0,45.0,55.0,30.0,70.0,55.0,45.0,46.0,54.0,9.0,2.0,8.0,2.0,0.0,0.0,1.0,0.0,15.0,15.0,5.0,13.0,1.0,5.0,6.0,11.0,7.0,1.0,11.0,15.0,1,1,0,1,158.0,101.0,5.0,11.0,31.0,18.0,30.0,25.0,115.0,110.0,6,6,11,14,3,2,0,1
11014,2025-04-19,21:05,31.0,24.0,Luc Ramos,4.0,4.0,48.0,52.0,59.0,41.0,47.0,53.0,39.0,61.0,58.0,42.0,7.0,11.0,5.0,6.0,2.0,2.0,0.0,3.0,18.0,14.0,15.0,11.0,0.0,0.0,7.0,6.0,1.0,0.0,8.0,13.0,0,1,0,0,141.0,131.0,5.0,5.0,13.0,23.0,21.0,16.0,149.0,115.0,6,5,16,6,5,5,0,0
11016,2025-04-20,21:15,21.0,27.0,Jeremy Rozier,3.0,3.0,54.0,46.0,59.0,41.0,71.0,29.0,41.0,59.0,58.0,42.0,11.0,8.0,6.0,7.0,1.0,0.0,4.0,1.0,20.0,16.0,16.0,10.0,2.0,2.0,8.0,5.0,0.0,2.0,11.0,9.0,1,1,0,0,92.0,125.0,6.0,1.0,19.0,12.0,28.0,31.0,118.0,92.0,3,5,3,5,3,3,0,0
11024,2025-04-26,14:30,52.0,6.0,Luc Ramos,7.0,0.0,68.0,32.0,62.0,38.0,90.0,10.0,39.0,61.0,61.0,39.0,5.0,9.0,4.0,6.0,1.0,2.0,0.0,1.0,15.0,12.0,12.0,9.0,3.0,2.0,7.0,5.0,1.0,2.0,6.0,15.0,0,2,0,0,84.0,211.0,8.0,7.0,10.0,53.0,28.0,19.0,229.0,85.0,6,0,15,3,3,3,1,0
11019,2025-04-26,16:30,39.0,31.0,Ludovic Cayre,5.0,4.0,51.0,49.0,42.0,58.0,53.0,47.0,61.0,39.0,43.0,57.0,4.0,9.0,3.0,4.0,0.0,4.0,1.0,1.0,18.0,10.0,14.0,7.0,2.0,2.0,10.0,4.0,2.0,1.0,7.0,15.0,1,3,0,0,133.0,111.0,10.0,12.0,19.0,29.0,21.0,20.0,101.0,108.0,6,2,8,8,2,1,0,0
11020,2025-04-26,16:30,27.0,22.0,Adrien Marbot,3.0,1.0,51.0,49.0,52.0,48.0,63.0,37.0,48.0,52.0,51.0,49.0,14.0,9.0,10.0,6.0,2.0,1.0,2.0,2.0,11.0,12.0,8.0,8.0,3.0,1.0,6.0,7.0,2.0,5.0,14.0,9.0,0,0,0,0,94.0,115.0,8.0,7.0,11.0,15.0,22.0,22.0,114.0,75.0,4,2,4,3,5,1,0,1
11021,2025-04-26,16:30,19.0,13.0,Vincent Blasco Baque,1.0,1.0,58.0,42.0,54.0,46.0,58.0,42.0,46.0,54.0,54.0,46.0,7.0,8.0,3.0,4.0,2.0,3.0,2.0,1.0,14.0,14.0,13.0,6.0,2.0,1.0,7.0,4.0,3.0,2.0,10.0,10.0,0,0,0,0,95.0,128.0,4.0,8.0,13.0,21.0,24.0,19.0,144.0,99.0,5,2,17,2,3,3,0,0
11023,2025-04-26,16:30,29.0,19.0,Kevin Bralley,4.0,1.0,53.0,47.0,52.0,48.0,63.0,37.0,50.0,50.0,50.0,50.0,6.0,11.0,5.0,10.0,0.0,0.0,1.0,1.0,13.0,14.0,11.0,13.0,1.0,1.0,6.0,6.0,1.0,4.0,16.0,10.0,2,3,0,0,120.0,200.0,6.0,11.0,18.0,7.0,28.0,19.0,127.0,121.0,1,3,4,10,0,3,1,0
11025,2025-04-26,21:05,10.0,21.0,Jeremy Rozier,1.0,3.0,45.0,55.0,55.0,45.0,49.0,51.0,43.0,57.0,55.0,45.0,9.0,9.0,7.0,7.0,1.0,2.0,1.0,0.0,17.0,17.0,14.0,15.0,1.0,1.0,9.0,7.0,1.0,2.0,14.0,15.0,2,2,0,0,132.0,105.0,6.0,6.0,16.0,13.0,26.0,35.0,119.0,98.0,2,3,10,6,1,5,0,0
11022,2025-04-27,21:05,49.0,24.0,,7.0,3.0,56.0,44.0,56.0,44.0,43.0,57.0,43.0,57.0,54.0,46.0,5.0,8.0,4.0,8.0,0.0,0.0,1.0,0.0,17.0,11.0,17.0,11.0,0.0,0.0,8.0,5.0,2.0,1.0,10.0,11.0,1,0,0,0,117.0,131.0,18.0,5.0,13.0,32.0,26.0,21.0,138.0,104.0,16,5,5,12,3,2,1,0
11027,2025-05-10,16:30,27.0,29.0,Evan Urruzmendi,4.0,4.0,54.0,46.0,47.0,53.0,34.0,66.0,58.0,42.0,47.0,53.0,1.0,9.0,1.0,8.0,0.0,0.0,0.0,1.0,11.0,17.0,8.0,12.0,1.0,1.0,2.0,2.0,1.0,1.0,17.0,8.0,1,1,0,0,155.0,200.0,13.0,12.0,8.0,23.0,24.0,26.0,149.0,105.0,7,3,8,3,3,7,1,0
11029,2025-05-10,16:30,24.0,24.0,Ludovic Cayre,2.0,3.0,60.0,40.0,58.0,42.0,60.0,40.0,43.0,57.0,55.0,45.0,8.0,9.0,7.0,7.0,0.0,0.0,1.0,2.0,19.0,13.0,17.0,10.0,2.0,0.0,8.0,6.0,4.0,0.0,7.0,14.0,1,1,0,0,74.0,153.0,7.0,9.0,10.0,28.0,24.0,24.0,136.0,86.0,8,3,8,5,2,2,0,0
11031,2025-05-10,16:30,29.0,30.0,Luc Ramos,2.0,4.0,52.0,48.0,54.0,46.0,69.0,31.0,45.0,55.0,53.0,47.0,7.0,5.0,5.0,4.0,1.0,1.0,1.0,0.0,13.0,10.0,11.0,6.0,0.0,1.0,5.0,6.0,5.0,1.0,8.0,11.0,1,1,0,0,135.0,165.0,0.0,8.0,14.0,23.0,29.0,30.0,125.0,122.0,2,6,4,7,0,2,1,0
11032,2025-05-10,16:30,20.0,18.0,Pierre Brousset,2.0,2.0,49.0,51.0,46.0,54.0,49.0,51.0,54.0,46.0,46.0,54.0,9.0,9.0,5.0,6.0,1.0,1.0,3.0,2.0,14.0,14.0,10.0,11.0,1.0,1.0,5.0,6.0,2.0,2.0,10.0,13.0,0,3,0,0,90.0,86.0,8.0,3.0,10.0,17.0,28.0,33.0,96.0,70.0,5,5,6,3,7,5,0,1
11030,2025-05-10,21:05,16.0,50.0,Jeremy Rozier,1.0,8.0,35.0,65.0,41.0,59.0,33.0,67.0,58.0,42.0,44.0,56.0,9.0,4.0,6.0,4.0,1.0,0.0,2.0,0.0,12.0,14.0,7.0,13.0,1.0,5.0,3.0,3.0,3.0,0.0,14.0,11.0,2,1,1,0,240.0,106.0,8.0,7.0,32.0,13.0,21.0,18.0,84.0,257.0,1,8,6,22,10,2,0,1
11028,2025-05-11,21:05,46.0,27.0,Kevin Bralley,6.0,3.0,46.0,54.0,43.0,57.0,44.0,56.0,57.0,43.0,45.0,55.0,4.0,7.0,3.0,2.0,0.0,3.0,1.0,2.0,14.0,9.0,9.0,8.0,1.0,0.0,6.0,3.0,2.0,2.0,10.0,12.0,1,1,0,0,158.0,90.0,11.0,5.0,21.0,13.0,25.0,22.0,103.0,156.0,8,5,11,14,5,3,1,0
11306,2025-05-24,21:00,34.0,29.0,Tual Trainini,4.0,4.0,39.0,61.0,46.0,54.0,39.0,61.0,54.0,46.0,48.0,52.0,13.0,5.0,11.0,5.0,1.0,0.0,1.0,0.0,12.0,17.0,10.0,14.0,0.0,1.0,7.0,12.0,2.0,1.0,12.0,10.0,1,0,0,0,145.0,61.0,9.0,4.0,26.0,23.0,17.0,15.0,94.0,165.0,12,14,14,28,2,4,0,1
11039,2025-05-17,14:30,34.0,29.0,Thomas Charabas,5.0,4.0,50.0,50.0,57.0,43.0,57.0,43.0,42.0,58.0,56.0,44.0,8.0,7.0,6.0,4.0,1.0,3.0,1.0,0.0,17.0,17.0,14.0,10.0,1.0,0.0,7.0,5.0,1.0,1.0,8.0,10.0,1,0,0,0,97.0,95.0,11.0,6.0,21.0,25.0,30.0,27.0,134.0,124.0,6,9,11,4,3,4,0,1
11033,2025-05-17,16:30,31.0,13.0,Kevin Bralley,4.0,1.0,55.0,45.0,54.0,46.0,44.0,56.0,47.0,53.0,54.0,46.0,5.0,11.0,3.0,8.0,1.0,1.0,1.0,2.0,14.0,15.0,10.0,11.0,2.0,2.0,7.0,7.0,1.0,2.0,17.0,12.0,1,3,0,0,94.0,111.0,13.0,6.0,19.0,38.0,18.0,18.0,142.0,116.0,5,5,11,6,3,3,1,0
11034,2025-05-17,16:30,38.0,32.0,Benoit Rousselet,6.0,4.0,50.0,50.0,49.0,51.0,39.0,61.0,51.0,49.0,49.0,51.0,10.0,8.0,3.0,6.0,4.0,0.0,3.0,2.0,11.0,20.0,10.0,18.0,2.0,0.0,10.0,9.0,0.0,2.0,14.0,6.0,0,1,0,0,119.0,109.0,16.0,7.0,16.0,26.0,30.0,33.0,127.0,118.0,6,4,7,2,3,3,0,0
11035,2025-05-17,16:30,25.0,21.0,Ludovic Cayre,3.0,3.0,49.0,51.0,47.0,53.0,39.0,61.0,52.0,48.0,47.0,53.0,10.0,7.0,8.0,7.0,1.0,0.0,1.0,0.0,13.0,15.0,12.0,13.0,2.0,0.0,6.0,9.0,2.0,0.0,10.0,8.0,1,0,0,0,113.0,124.0,7.0,6.0,32.0,18.0,30.0,25.0,104.0,156.0,5,7,6,17,4,4,0,1
11036,2025-05-17,16:30,31.0,30.0,Luc Ramos,4.0,3.0,45.0,55.0,48.0,52.0,51.0,49.0,52.0,48.0,49.0,51.0,8.0,6.0,5.0,5.0,2.0,1.0,1.0,0.0,17.0,13.0,15.0,12.0,1.0,1.0,5.0,5.0,1.0,3.0,8.0,10.0,1,0,0,0,110.0,80.0,8.0,5.0,20.0,17.0,26.0,24.0,97.0,139.0,3,8,2,14,5,5,0,1
11038,2025-05-17,21:05,35.0,37.0,Evan Urruzmendi,5.0,4.0,54.0,46.0,42.0,58.0,39.0,61.0,60.0,40.0,42.0,58.0,6.0,7.0,5.0,7.0,0.0,0.0,1.0,0.0,16.0,12.0,12.0,10.0,1.0,2.0,9.0,4.0,0.0,3.0,13.0,16.0,1,3,0,0,130.0,157.0,8.0,16.0,9.0,33.0,13.0,25.0,175.0,112.0,7,5,11,9,4,5,1,0
11037,2025-05-18,21:05,47.0,18.0,Pierre Brousset,5.0,2.0,53.0,47.0,62.0,38.0,71.0,29.0,33.0,67.0,58.0,42.0,7.0,6.0,7.0,5.0,0.0,0.0,0.0,1.0,16.0,15.0,12.0,12.0,1.0,3.0,6.0,3.0,3.0,2.0,9.0,14.0,1,1,0,0,108.0,149.0,12.0,8.0,21.0,33.0,19.0,14.0,141.0,126.0,6,1,7,7,2,1,1,0
11040,2025-05-31,14:30,55.0,20.0,Ludovic Cayre,7.0,1.0,60.0,40.0,56.0,44.0,93.0,7.0,44.0,56.0,56.0,44.0,6.0,7.0,4.0,3.0,1.0,2.0,1.0,2.0,14.0,15.0,12.0,9.0,1.0,1.0,5.0,4.0,2.0,5.0,8.0,8.0,0,0,0,0,68.0,149.0,7.0,11.0,19.0,23.0,27.0,30.0,142.0,82.0,10,3,14,6,2,3,1,0
11041,2025-05-31,16:30,33.0,3.0,Luc Ramos,4.0,0.0,57.0,43.0,64.0,36.0,73.0,27.0,35.0,65.0,60.0,40.0,18.0,7.0,14.0,4.0,1.0,1.0,3.0,2.0,15.0,12.0,13.0,11.0,0.0,0.0,8.0,10.0,3.0,1.0,5.0,18.0,1,1,0,0,81.0,119.0,4.0,21.0,18.0,26.0,24.0,16.0,114.0,133.0,9,3,12,8,6,1,1,0
11042,2025-05-31,16:30,25.0,27.0,Jonathan Dufort,3.0,3.0,44.0,56.0,52.0,48.0,46.0,54.0,47.0,53.0,52.0,48.0,4.0,12.0,2.0,10.0,2.0,1.0,0.0,1.0,14.0,13.0,11.0,12.0,1.0,2.0,11.0,4.0,2.0,2.0,11.0,7.0,1,0,0,1,115.0,93.0,8.0,8.0,16.0,24.0,24.0,30.0,141.0,113.0,6,5,11,8,3,1,1,0
11044,2025-05-31,16:30,26.0,52.0,Pierre Brousset,4.0,7.0,55.0,45.0,46.0,54.0,53.0,47.0,55.0,45.0,45.0,55.0,9.0,6.0,6.0,6.0,1.0,0.0,2.0,0.0,16.0,10.0,11.0,8.0,0.0,4.0,6.0,8.0,0.0,1.0,7.0,12.0,0,0,0,0,130.0,168.0,11.0,12.0,30.0,12.0,32.0,24.0,142.0,142.0,1,8,8,12,2,0,0,1
11045,2025-05-31,16:30,38.0,15.0,Thomas Charabas,5.0,0.0,66.0,34.0,67.0,33.0,78.0,22.0,33.0,67.0,62.0,38.0,11.0,6.0,7.0,6.0,2.0,0.0,2.0,1.0,16.0,15.0,15.0,12.0,1.0,1.0,2.0,3.0,1.0,5.0,15.0,15.0,1,1,0,0,64.0,168.0,6.0,8.0,15.0,38.0,18.0,16.0,157.0,78.0,9,4,8,2,3,5,1,0
11046,2025-06-01,17:30,43.0,3.0,Kevin Bralley,7.0,0.0,59.0,41.0,54.0,46.0,51.0,49.0,48.0,52.0,52.0,48.0,7.0,9.0,7.0,8.0,0.0,0.0,0.0,1.0,13.0,16.0,10.0,11.0,2.0,1.0,6.0,8.0,0.0,1.0,9.0,12.0,0,1,0,0,97.0,162.0,2.0,17.0,17.0,26.0,25.0,17.0,217.0,97.0,10,5,13,7,4,3,1,0
11043,2025-06-01,21:05,27.0,10.0,Benoit Rousselet,3.0,1.0,58.0,42.0,55.0,45.0,73.0,27.0,45.0,55.0,57.0,43.0,12.0,8.0,10.0,4.0,1.0,2.0,1.0,2.0,12.0,13.0,11.0,11.0,1.0,0.0,7.0,11.0,2.0,1.0,8.0,7.0,0,0,0,0,128.0,135.0,11.0,8.0,22.0,40.0,28.0,20.0,179.0,96.0,13,3,18,8,3,4,0,0
11047,2025-06-07,21:05,18.0,10.0,Kevin Bralley,2.0,1.0,48.0,52.0,54.0,46.0,47.0,53.0,43.0,57.0,54.0,46.0,4.0,8.0,3.0,6.0,1.0,1.0,0.0,1.0,14.0,20.0,10.0,19.0,0.0,2.0,5.0,4.0,2.0,1.0,15.0,13.0,1,0,0,0,147.0,141.0,12.0,12.0,34.0,17.0,21.0,23.0,118.0,146.0,5,2,3,14,5,4,0,0
11048,2025-06-07,21:05,34.0,47.0,Benoit Rousselet,5.0,6.0,47.0,53.0,51.0,49.0,66.0,34.0,48.0,52.0,51.0,49.0,1.0,6.0,1.0,6.0,0.0,0.0,0.0,0.0,19.0,15.0,14.0,13.0,2.0,2.0,6.0,4.0,1.0,3.0,6.0,8.0,0,1,0,0,152.0,121.0,8.0,8.0,31.0,21.0,36.0,35.0,121.0,160.0,8,5,13,11,0,3,0,0
11049,2025-06-07,21:05,10.0,23.0,Jonathan Gasnier,1.0,2.0,46.0,54.0,37.0,63.0,39.0,61.0,64.0,36.0,37.0,63.0,9.0,7.0,5.0,5.0,2.0,1.0,2.0,1.0,14.0,14.0,10.0,10.0,1.0,1.0,9.0,8.0,1.0,3.0,10.0,6.0,1,1,0,0,145.0,117.0,12.0,8.0,27.0,30.0,32.0,36.0,132.0,145.0,4,7,16,21,2,0,0,0
11050,2025-06-07,21:05,32.0,18.0,Adrien Marbot,4.0,2.0,52.0,48.0,54.0,46.0,45.0,55.0,46.0,54.0,53.0,47.0,10.0,6.0,9.0,2.0,0.0,1.0,1.0,3.0,16.0,13.0,16.0,11.0,0.0,0.0,4.0,6.0,2.0,2.0,9.0,11.0,0,1,0,0,148.0,131.0,14.0,7.0,14.0,16.0,27.0,20.0,120.0,140.0,4,4,6,9,2,4,0,0
11051,2025-06-07,21:05,21.0,10.0,Pierre Brousset,2.0,1.0,55.0,45.0,70.0,30.0,96.0,4.0,30.0,70.0,69.0,31.0,14.0,9.0,10.0,9.0,3.0,0.0,1.0,0.0,11.0,12.0,8.0,9.0,1.0,2.0,6.0,12.0,2.0,1.0,9.0,15.0,1,1,0,0,67.0,94.0,8.0,4.0,8.0,16.0,37.0,30.0,89.0,72.0,2,3,4,3,1,3,0,0
