season,round,match_id,venue,home_team,away_team,url,is_playoff
2017-2018,1,8106,Stade Charles-Mathon,Oyonnax Rugby,Stade Toulousain,https://top14.lnr.fr/feuille-de-match/2017-2018/j1/8106-oyonnax-toulouse,0
2017-2018,1,8107,Stade Amédée-Domenech,CA Brive,Stade Rochelais,https://top14.lnr.fr/feuille-de-match/2017-2018/j1/8107-brive-la-rochelle,0
2017-2018,1,8108,GGL Stadium,Montpellier Hérault Rugby,SU Agen,https://top14.lnr.fr/feuille-de-match/2017-2018/j1/8108-montpellier-agen,0
2017-2018,1,8109,Paris La Défense Arena,Racing 92,Castres Olympique,https://top14.lnr.fr/feuille-de-match/2017-2018/j1/8109-racing-92-castres,0
2017-2018,1,8110,Stade Jean-Bouin,Stade Français Paris,LOU Rugby,https://top14.lnr.fr/feuille-de-match/2017-2018/j1/8110-paris-lyon,0
2017-2018,1,8111,Stade Chaban-Delmas,Union Bordeaux-Bègles,ASM Clermont,https://top14.lnr.fr/feuille-de-match/2017-2018/j1/8111-bordeaux-begles-clermont,0
2017-2018,1,8112,Stade Mayol,RC Toulon,Section Paloise,https://top14.lnr.fr/feuille-de-match/2017-2018/j1/8112-toulon-pau,0
2017-2018,2,8113,Stade Armandie,SU Agen,Racing 92,https://top14.lnr.fr/feuille-de-match/2017-2018/j2/8113-agen-racing-92,0
2017-2018,2,8114,Stade Jean-Bouin,Stade Français Paris,Stade Rochelais,https://top14.lnr.fr/feuille-de-match/2017-2018/j2/8114-paris-la-rochelle,0
2017-2018,2,8115,Stade Pierre-Fabre,Castres Olympique,Union Bordeaux-Bègles,https://top14.lnr.fr/feuille-de-match/2017-2018/j2/8115-castres-bordeaux-begles,0
2017-2018,2,8116,Stade de Gerland,LOU Rugby,CA Brive,https://top14.lnr.fr/feuille-de-match/2017-2018/j2/8116-lyon-brive,0
2017-2018,2,8117,GGL Stadium,Montpellier Hérault Rugby,Oyonnax Rugby,https://top14.lnr.fr/feuille-de-match/2017-2018/j2/8117-montpellier-oyonnax,0
2017-2018,2,8118,Stade Ernest-Wallon,Stade Toulousain,Section Paloise,https://top14.lnr.fr/feuille-de-match/2017-2018/j2/8118-toulouse-pau,0
2017-2018,2,8119,Stade Marcel-Michelin,ASM Clermont,RC Toulon,https://top14.lnr.fr/feuille-de-match/2017-2018/j2/8119-clermont-toulon,0
2017-2018,3,8120,Stade Marcel-Deflandre,Stade Rochelais,ASM Clermont,https://top14.lnr.fr/feuille-de-match/2017-2018/j3/8120-la-rochelle-clermont,0
2017-2018,3,8121,Stade Amédée-Domenech,CA Brive,Racing 92,https://top14.lnr.fr/feuille-de-match/2017-2018/j3/8121-brive-racing-92,0
2017-2018,3,8122,Stade Charles-Mathon,Oyonnax Rugby,SU Agen,https://top14.lnr.fr/feuille-de-match/2017-2018/j3/8122-oyonnax-agen,0
2017-2018,3,8123,Stade Chaban-Delmas,Union Bordeaux-Bègles,Stade Français Paris,https://top14.lnr.fr/feuille-de-match/2017-2018/j3/8123-bordeaux-begles-paris,0
2017-2018,3,8124,Stade Pierre-Fabre,Castres Olympique,Montpellier Hérault Rugby,https://top14.lnr.fr/feuille-de-match/2017-2018/j3/8124-castres-montpellier,0
2017-2018,3,8125,Stade du Hameau,Section Paloise,LOU Rugby,https://top14.lnr.fr/feuille-de-match/2017-2018/j3/8125-pau-lyon,0
2017-2018,3,8126,Stade Mayol,RC Toulon,Stade Toulousain,https://top14.lnr.fr/feuille-de-match/2017-2018/j3/8126-toulon-toulouse,0
2017-2018,4,8127,Stade Ernest-Wallon,Stade Toulousain,Stade Français Paris,https://top14.lnr.fr/feuille-de-match/2017-2018/j4/8127-toulouse-paris,0
2017-2018,4,8128,Stade de Gerland,LOU Rugby,Union Bordeaux-Bègles,https://top14.lnr.fr/feuille-de-match/2017-2018/j4/8128-lyon-bordeaux-begles,0
2017-2018,4,8129,Stade du Hameau,Section Paloise,Castres Olympique,https://top14.lnr.fr/feuille-de-match/2017-2018/j4/8129-pau-castres,0
2017-2018,4,8130,Stade Armandie,SU Agen,Stade Rochelais,https://top14.lnr.fr/feuille-de-match/2017-2018/j4/8130-agen-la-rochelle,0
2017-2018,4,8131,Stade Marcel-Michelin,ASM Clermont,CA Brive,https://top14.lnr.fr/feuille-de-match/2017-2018/j4/8131-clermont-brive,0
2017-2018,4,8132,Paris La Défense Arena,Racing 92,Oyonnax Rugby,https://top14.lnr.fr/feuille-de-match/2017-2018/j4/8132-racing-92-oyonnax,0
2017-2018,4,8133,GGL Stadium,Montpellier Hérault Rugby,RC Toulon,https://top14.lnr.fr/feuille-de-match/2017-2018/j4/8133-montpellier-toulon,0
2017-2018,5,8134,Stade Marcel-Michelin,ASM Clermont,Racing 92,https://top14.lnr.fr/feuille-de-match/2017-2018/j5/8134-clermont-racing-92,0
2017-2018,5,8135,Stade Marcel-Deflandre,Stade Rochelais,Oyonnax Rugby,https://top14.lnr.fr/feuille-de-match/2017-2018/j5/8135-la-rochelle-oyonnax,0
2017-2018,5,8136,Stade Armandie,SU Agen,Section Paloise,https://top14.lnr.fr/feuille-de-match/2017-2018/j5/8136-agen-pau,0
2017-2018,5,8137,Stade Chaban-Delmas,Union Bordeaux-Bègles,Montpellier Hérault Rugby,https://top14.lnr.fr/feuille-de-match/2017-2018/j5/8137-bordeaux-begles-montpellier,0
2017-2018,5,8138,Stade Amédée-Domenech,CA Brive,Stade Toulousain,https://top14.lnr.fr/feuille-de-match/2017-2018/j5/8138-brive-toulouse,0
2017-2018,5,8139,Stade de Gerland,LOU Rugby,Castres Olympique,https://top14.lnr.fr/feuille-de-match/2017-2018/j5/8139-lyon-castres,0
2017-2018,5,8140,Stade Jean-Bouin,Stade Français Paris,RC Toulon,https://top14.lnr.fr/feuille-de-match/2017-2018/j5/8140-paris-toulon,0
2017-2018,6,8141,Stade Mayol,RC Toulon,Stade Rochelais,https://top14.lnr.fr/feuille-de-match/2017-2018/j6/8141-toulon-la-rochelle,0
2017-2018,6,8142,Stade Charles-Mathon,Oyonnax Rugby,Union Bordeaux-Bègles,https://top14.lnr.fr/feuille-de-match/2017-2018/j6/8142-oyonnax-bordeaux-begles,0
2017-2018,6,8143,Stade du Hameau,Section Paloise,Stade Français Paris,https://top14.lnr.fr/feuille-de-match/2017-2018/j6/8143-pau-paris,0
2017-2018,6,8144,Stade Ernest-Wallon,Stade Toulousain,SU Agen,https://top14.lnr.fr/feuille-de-match/2017-2018/j6/8144-toulouse-agen,0
2017-2018,6,8145,Paris La Défense Arena,Racing 92,LOU Rugby,https://top14.lnr.fr/feuille-de-match/2017-2018/j6/8145-racing-92-lyon,0
2017-2018,6,8146,GGL Stadium,Montpellier Hérault Rugby,CA Brive,https://top14.lnr.fr/feuille-de-match/2017-2018/j6/8146-montpellier-brive,0
2017-2018,6,8147,Stade Pierre-Fabre,Castres Olympique,ASM Clermont,https://top14.lnr.fr/feuille-de-match/2017-2018/j6/8147-castres-clermont,0
2017-2018,7,8148,Stade Jean-Bouin,Stade Français Paris,Montpellier Hérault Rugby,https://top14.lnr.fr/feuille-de-match/2017-2018/j7/8148-paris-montpellier,0
2017-2018,7,8149,Stade Chaban-Delmas,Union Bordeaux-Bègles,RC Toulon,https://top14.lnr.fr/feuille-de-match/2017-2018/j7/8149-bordeaux-begles-toulon,0
2017-2018,7,8150,Stade Amédée-Domenech,CA Brive,Castres Olympique,https://top14.lnr.fr/feuille-de-match/2017-2018/j7/8150-brive-castres,0
2017-2018,7,8151,Stade Charles-Mathon,Oyonnax Rugby,Section Paloise,https://top14.lnr.fr/feuille-de-match/2017-2018/j7/8151-oyonnax-pau,0
2017-2018,7,8152,Stade Armandie,SU Agen,LOU Rugby,https://top14.lnr.fr/feuille-de-match/2017-2018/j7/8152-agen-lyon,0
2017-2018,7,8153,Stade Marcel-Deflandre,Stade Rochelais,Racing 92,https://top14.lnr.fr/feuille-de-match/2017-2018/j7/8153-la-rochelle-racing-92,0
2017-2018,7,8154,Stade Ernest-Wallon,Stade Toulousain,ASM Clermont,https://top14.lnr.fr/feuille-de-match/2017-2018/j7/8154-toulouse-clermont,0
2017-2018,8,8155,Stade Mayol,RC Toulon,CA Brive,https://top14.lnr.fr/feuille-de-match/2017-2018/j8/8155-toulon-brive,0
2017-2018,8,8156,Stade de Gerland,LOU Rugby,Oyonnax Rugby,https://top14.lnr.fr/feuille-de-match/2017-2018/j8/8156-lyon-oyonnax,0
2017-2018,8,8157,Paris La Défense Arena,Racing 92,Union Bordeaux-Bègles,https://top14.lnr.fr/feuille-de-match/2017-2018/j8/8157-racing-92-bordeaux-begles,0
2017-2018,8,8158,Stade du Hameau,Section Paloise,Montpellier Hérault Rugby,https://top14.lnr.fr/feuille-de-match/2017-2018/j8/8158-pau-montpellier,0
2017-2018,8,8159,Stade Marcel-Michelin,ASM Clermont,Stade Français Paris,https://top14.lnr.fr/feuille-de-match/2017-2018/j8/8159-clermont-paris,0
2017-2018,8,8160,Stade Pierre-Fabre,Castres Olympique,SU Agen,https://top14.lnr.fr/feuille-de-match/2017-2018/j8/8160-castres-agen,0
2017-2018,8,8161,Stade Marcel-Deflandre,Stade Rochelais,Stade Toulousain,https://top14.lnr.fr/feuille-de-match/2017-2018/j8/8161-la-rochelle-toulouse,0
2017-2018,9,8162,Stade Ernest-Wallon,Stade Toulousain,Union Bordeaux-Bègles,https://top14.lnr.fr/feuille-de-match/2017-2018/j9/8162-toulouse-bordeaux-begles,0
2017-2018,9,8163,Stade de Gerland,LOU Rugby,Stade Rochelais,https://top14.lnr.fr/feuille-de-match/2017-2018/j9/8163-lyon-la-rochelle,0
2017-2018,9,8164,Stade Charles-Mathon,Oyonnax Rugby,Castres Olympique,https://top14.lnr.fr/feuille-de-match/2017-2018/j9/8164-oyonnax-castres,0
2017-2018,9,8165,Paris La Défense Arena,Racing 92,Section Paloise,https://top14.lnr.fr/feuille-de-match/2017-2018/j9/8165-racing-92-pau,0
2017-2018,9,8166,Stade Armandie,SU Agen,RC Toulon,https://top14.lnr.fr/feuille-de-match/2017-2018/j9/8166-agen-toulon,0
2017-2018,9,8167,Stade Amédée-Domenech,CA Brive,Stade Français Paris,https://top14.lnr.fr/feuille-de-match/2017-2018/j9/8167-brive-paris,0
2017-2018,9,8168,GGL Stadium,Montpellier Hérault Rugby,ASM Clermont,https://top14.lnr.fr/feuille-de-match/2017-2018/j9/8168-montpellier-clermont,0
2017-2018,10,8169,Stade Marcel-Michelin,ASM Clermont,LOU Rugby,https://top14.lnr.fr/feuille-de-match/2017-2018/j10/8169-clermont-lyon,0
2017-2018,10,8170,Stade Pierre-Fabre,Castres Olympique,Stade Rochelais,https://top14.lnr.fr/feuille-de-match/2017-2018/j10/8170-castres-la-rochelle,0
2017-2018,10,8171,GGL Stadium,Montpellier Hérault Rugby,Stade Toulousain,https://top14.lnr.fr/feuille-de-match/2017-2018/j10/8171-montpellier-toulouse,0
2017-2018,10,8172,Stade du Hameau,Section Paloise,CA Brive,https://top14.lnr.fr/feuille-de-match/2017-2018/j10/8172-pau-brive,0
2017-2018,10,8173,Stade Chaban-Delmas,Union Bordeaux-Bègles,SU Agen,https://top14.lnr.fr/feuille-de-match/2017-2018/j10/8173-bordeaux-begles-agen,0
2017-2018,10,8174,Stade Jean-Bouin,Stade Français Paris,Oyonnax Rugby,https://top14.lnr.fr/feuille-de-match/2017-2018/j10/8174-paris-oyonnax,0
2017-2018,10,8175,Stade Mayol,RC Toulon,Racing 92,https://top14.lnr.fr/feuille-de-match/2017-2018/j10/8175-toulon-racing-92,0
2017-2018,11,8176,Stade Pierre-Fabre,Castres Olympique,RC Toulon,https://top14.lnr.fr/feuille-de-match/2017-2018/j11/8176-castres-toulon,0
2017-2018,11,8177,Stade Charles-Mathon,Oyonnax Rugby,ASM Clermont,https://top14.lnr.fr/feuille-de-match/2017-2018/j11/8177-oyonnax-clermont,0
2017-2018,11,8178,Stade Marcel-Deflandre,Stade Rochelais,Section Paloise,https://top14.lnr.fr/feuille-de-match/2017-2018/j11/8178-la-rochelle-pau,0
2017-2018,11,8179,Stade Armandie,SU Agen,Stade Français Paris,https://top14.lnr.fr/feuille-de-match/2017-2018/j11/8179-agen-paris,0
2017-2018,11,8180,Stade Chaban-Delmas,Union Bordeaux-Bègles,CA Brive,https://top14.lnr.fr/feuille-de-match/2017-2018/j11/8180-bordeaux-begles-brive,0
2017-2018,11,8181,Paris La Défense Arena,Racing 92,Montpellier Hérault Rugby,https://top14.lnr.fr/feuille-de-match/2017-2018/j11/8181-racing-92-montpellier,0
2017-2018,11,8182,Stade de Gerland,LOU Rugby,Stade Toulousain,https://top14.lnr.fr/feuille-de-match/2017-2018/j11/8182-lyon-toulouse,0
2017-2018,12,8183,Stade Marcel-Deflandre,Stade Rochelais,Montpellier Hérault Rugby,https://top14.lnr.fr/feuille-de-match/2017-2018/j12/8183-la-rochelle-montpellier,0
2017-2018,12,8184,Stade Amédée-Domenech,CA Brive,Oyonnax Rugby,https://top14.lnr.fr/feuille-de-match/2017-2018/j12/8184-brive-oyonnax,0
2017-2018,12,8185,Stade du Hameau,Section Paloise,Union Bordeaux-Bègles,https://top14.lnr.fr/feuille-de-match/2017-2018/j12/8185-pau-bordeaux-begles,0
2017-2018,12,8186,Stade Ernest-Wallon,Stade Toulousain,Castres Olympique,https://top14.lnr.fr/feuille-de-match/2017-2018/j12/8186-toulouse-castres,0
2017-2018,12,8187,Stade Mayol,RC Toulon,LOU Rugby,https://top14.lnr.fr/feuille-de-match/2017-2018/j12/8187-toulon-lyon,0
2017-2018,12,8188,Stade Marcel-Michelin,ASM Clermont,SU Agen,https://top14.lnr.fr/feuille-de-match/2017-2018/j12/8188-clermont-agen,0
2017-2018,12,8189,Stade Jean-Bouin,Stade Français Paris,Racing 92,https://top14.lnr.fr/feuille-de-match/2017-2018/j12/8189-paris-racing-92,0
2017-2018,13,8190,Paris La Défense Arena,Racing 92,Stade Toulousain,https://top14.lnr.fr/feuille-de-match/2017-2018/j13/8190-racing-92-toulouse,0
2017-2018,13,8191,Stade Armandie,SU Agen,CA Brive,https://top14.lnr.fr/feuille-de-match/2017-2018/j13/8191-agen-brive,0
2017-2018,13,8192,Stade Chaban-Delmas,Union Bordeaux-Bègles,Stade Rochelais,https://top14.lnr.fr/feuille-de-match/2017-2018/j13/8192-bordeaux-begles-la-rochelle,0
2017-2018,13,8193,GGL Stadium,Montpellier Hérault Rugby,LOU Rugby,https://top14.lnr.fr/feuille-de-match/2017-2018/j13/8193-montpellier-lyon,0
2017-2018,13,8194,Stade Pierre-Fabre,Castres Olympique,Stade Français Paris,https://top14.lnr.fr/feuille-de-match/2017-2018/j13/8194-castres-paris,0
2017-2018,13,8195,Stade Mayol,RC Toulon,Oyonnax Rugby,https://top14.lnr.fr/feuille-de-match/2017-2018/j13/8195-toulon-oyonnax,0
2017-2018,13,8196,Stade du Hameau,Section Paloise,ASM Clermont,https://top14.lnr.fr/feuille-de-match/2017-2018/j13/8196-pau-clermont,0
2017-2018,14,8197,Stade Marcel-Deflandre,Stade Rochelais,SU Agen,https://top14.lnr.fr/feuille-de-match/2017-2018/j14/8197-la-rochelle-agen,0
2017-2018,14,8198,Stade Jean-Bouin,Stade Français Paris,Union Bordeaux-Bègles,https://top14.lnr.fr/feuille-de-match/2017-2018/j14/8198-paris-bordeaux-begles,0
2017-2018,14,8199,Stade Amédée-Domenech,CA Brive,Montpellier Hérault Rugby,https://top14.lnr.fr/feuille-de-match/2017-2018/j14/8199-brive-montpellier,0
2017-2018,14,8200,Stade Charles-Mathon,Oyonnax Rugby,Racing 92,https://top14.lnr.fr/feuille-de-match/2017-2018/j14/8200-oyonnax-racing-92,0
2017-2018,14,8201,Stade Ernest-Wallon,Stade Toulousain,RC Toulon,https://top14.lnr.fr/feuille-de-match/2017-2018/j14/8201-toulouse-toulon,0
2017-2018,14,8202,Stade de Gerland,LOU Rugby,Section Paloise,https://top14.lnr.fr/feuille-de-match/2017-2018/j14/8202-lyon-pau,0
2017-2018,14,8203,Stade Marcel-Michelin,ASM Clermont,Castres Olympique,https://top14.lnr.fr/feuille-de-match/2017-2018/j14/8203-clermont-castres,0
2017-2018,15,8204,Stade Chaban-Delmas,Union Bordeaux-Bègles,LOU Rugby,https://top14.lnr.fr/feuille-de-match/2017-2018/j15/8204-bordeaux-begles-lyon,0
2017-2018,15,8205,Stade Amédée-Domenech,CA Brive,RC Toulon,https://top14.lnr.fr/feuille-de-match/2017-2018/j15/8205-brive-toulon,0
2017-2018,15,8206,Stade Charles-Mathon,Oyonnax Rugby,Stade Rochelais,https://top14.lnr.fr/feuille-de-match/2017-2018/j15/8206-oyonnax-la-rochelle,0
2017-2018,15,8207,Stade Armandie,SU Agen,Castres Olympique,https://top14.lnr.fr/feuille-de-match/2017-2018/j15/8207-agen-castres,0
2017-2018,15,8208,GGL Stadium,Montpellier Hérault Rugby,Stade Français Paris,https://top14.lnr.fr/feuille-de-match/2017-2018/j15/8208-montpellier-paris,0
2017-2018,15,8209,Stade du Hameau,Section Paloise,Stade Toulousain,https://top14.lnr.fr/feuille-de-match/2017-2018/j15/8209-pau-toulouse,0
2017-2018,15,8210,Paris La Défense Arena,Racing 92,ASM Clermont,https://top14.lnr.fr/feuille-de-match/2017-2018/j15/8210-racing-92-clermont,0
2017-2018,16,8211,Stade Mayol,RC Toulon,Union Bordeaux-Bègles,https://top14.lnr.fr/feuille-de-match/2017-2018/j16/8211-toulon-bordeaux-begles,0
2017-2018,16,8212,Stade de Gerland,LOU Rugby,SU Agen,https://top14.lnr.fr/feuille-de-match/2017-2018/j16/8212-lyon-agen,0
2017-2018,16,8213,Stade Marcel-Deflandre,Stade Rochelais,CA Brive,https://top14.lnr.fr/feuille-de-match/2017-2018/j16/8213-la-rochelle-brive,0
2017-2018,16,8214,Stade Ernest-Wallon,Stade Toulousain,Oyonnax Rugby,https://top14.lnr.fr/feuille-de-match/2017-2018/j16/8214-toulouse-oyonnax,0
2017-2018,16,8215,Stade Pierre-Fabre,Castres Olympique,Racing 92,https://top14.lnr.fr/feuille-de-match/2017-2018/j16/8215-castres-racing-92,0
2017-2018,16,8216,Stade Jean-Bouin,Stade Français Paris,Section Paloise,https://top14.lnr.fr/feuille-de-match/2017-2018/j16/8216-paris-pau,0
2017-2018,16,8217,Stade Marcel-Michelin,ASM Clermont,Montpellier Hérault Rugby,https://top14.lnr.fr/feuille-de-match/2017-2018/j16/8217-clermont-montpellier,0
2017-2018,17,8218,Stade Mayol,RC Toulon,Stade Français Paris,https://top14.lnr.fr/feuille-de-match/2017-2018/j17/8218-toulon-paris,0
2017-2018,17,8219,Stade Amédée-Domenech,CA Brive,Section Paloise,https://top14.lnr.fr/feuille-de-match/2017-2018/j17/8219-brive-pau,0
2017-2018,17,8220,Stade Charles-Mathon,Oyonnax Rugby,Montpellier Hérault Rugby,https://top14.lnr.fr/feuille-de-match/2017-2018/j17/8220-oyonnax-montpellier,0
2017-2018,17,8221,Stade Armandie,SU Agen,Stade Toulousain,https://top14.lnr.fr/feuille-de-match/2017-2018/j17/8221-agen-toulouse,0
2017-2018,17,8222,Stade de Gerland,LOU Rugby,ASM Clermont,https://top14.lnr.fr/feuille-de-match/2017-2018/j17/8222-lyon-clermont,0
2017-2018,17,8223,Stade Chaban-Delmas,Union Bordeaux-Bègles,Castres Olympique,https://top14.lnr.fr/feuille-de-match/2017-2018/j17/8223-bordeaux-begles-castres,0
2017-2018,17,8224,Paris La Défense Arena,Racing 92,Stade Rochelais,https://top14.lnr.fr/feuille-de-match/2017-2018/j17/8224-racing-92-la-rochelle,0
2017-2018,18,8225,GGL Stadium,Montpellier Hérault Rugby,Union Bordeaux-Bègles,https://top14.lnr.fr/feuille-de-match/2017-2018/j18/8225-montpellier-bordeaux-begles,0
2017-2018,18,8226,Stade Marcel-Michelin,ASM Clermont,Oyonnax Rugby,https://top14.lnr.fr/feuille-de-match/2017-2018/j18/8226-clermont-oyonnax,0
2017-2018,18,8227,Stade Pierre-Fabre,Castres Olympique,LOU Rugby,https://top14.lnr.fr/feuille-de-match/2017-2018/j18/8227-castres-lyon,0
2017-2018,18,8228,Stade Jean-Bouin,Stade Français Paris,SU Agen,https://top14.lnr.fr/feuille-de-match/2017-2018/j18/8228-paris-agen,0
2017-2018,18,8229,Stade du Hameau,Section Paloise,Racing 92,https://top14.lnr.fr/feuille-de-match/2017-2018/j18/8229-pau-racing-92,0
2017-2018,18,8230,Stade Ernest-Wallon,Stade Toulousain,CA Brive,https://top14.lnr.fr/feuille-de-match/2017-2018/j18/8230-toulouse-brive,0
2017-2018,18,8231,Stade Marcel-Deflandre,Stade Rochelais,RC Toulon,https://top14.lnr.fr/feuille-de-match/2017-2018/j18/8231-la-rochelle-toulon,0
2017-2018,19,8232,Stade de Gerland,LOU Rugby,RC Toulon,https://top14.lnr.fr/feuille-de-match/2017-2018/j19/8232-lyon-toulon,0
2017-2018,19,8233,Stade Pierre-Fabre,Castres Olympique,Section Paloise,https://top14.lnr.fr/feuille-de-match/2017-2018/j19/8233-castres-pau,0
2017-2018,19,8234,Paris La Défense Arena,Racing 92,CA Brive,https://top14.lnr.fr/feuille-de-match/2017-2018/j19/8234-racing-92-brive,0
2017-2018,19,8235,Stade Armandie,SU Agen,Montpellier Hérault Rugby,https://top14.lnr.fr/feuille-de-match/2017-2018/j19/8235-agen-montpellier,0
2017-2018,19,8236,Stade Chaban-Delmas,Union Bordeaux-Bègles,Stade Toulousain,https://top14.lnr.fr/feuille-de-match/2017-2018/j19/8236-bordeaux-begles-toulouse,0
2017-2018,19,8237,Stade Charles-Mathon,Oyonnax Rugby,Stade Français Paris,https://top14.lnr.fr/feuille-de-match/2017-2018/j19/8237-oyonnax-paris,0
2017-2018,19,8238,Stade Marcel-Michelin,ASM Clermont,Stade Rochelais,https://top14.lnr.fr/feuille-de-match/2017-2018/j19/8238-clermont-la-rochelle,0
2017-2018,20,8239,GGL Stadium,Montpellier Hérault Rugby,Racing 92,https://top14.lnr.fr/feuille-de-match/2017-2018/j20/8239-montpellier-racing-92,0
2017-2018,20,8240,Stade Mayol,RC Toulon,SU Agen,https://top14.lnr.fr/feuille-de-match/2017-2018/j20/8240-toulon-agen,0
2017-2018,20,8241,Stade du Hameau,Section Paloise,Stade Rochelais,https://top14.lnr.fr/feuille-de-match/2017-2018/j20/8241-pau-la-rochelle,0
2017-2018,20,8242,Stade Chaban-Delmas,Union Bordeaux-Bègles,Oyonnax Rugby,https://top14.lnr.fr/feuille-de-match/2017-2018/j20/8242-bordeaux-begles-oyonnax,0
2017-2018,20,8243,Stade Amédée-Domenech,CA Brive,ASM Clermont,https://top14.lnr.fr/feuille-de-match/2017-2018/j20/8243-brive-clermont,0
2017-2018,20,8244,Stade Jean-Bouin,Stade Français Paris,Castres Olympique,https://top14.lnr.fr/feuille-de-match/2017-2018/j20/8244-paris-castres,0
2017-2018,20,8245,Stade Ernest-Wallon,Stade Toulousain,LOU Rugby,https://top14.lnr.fr/feuille-de-match/2017-2018/j20/8245-toulouse-lyon,0
2017-2018,21,8246,Paris La Défense Arena,Racing 92,Stade Français Paris,https://top14.lnr.fr/feuille-de-match/2017-2018/j21/8246-racing-92-paris,0
2017-2018,21,8247,Stade Charles-Mathon,Oyonnax Rugby,RC Toulon,https://top14.lnr.fr/feuille-de-match/2017-2018/j21/8247-oyonnax-toulon,0
2017-2018,21,8248,Stade Marcel-Deflandre,Stade Rochelais,LOU Rugby,https://top14.lnr.fr/feuille-de-match/2017-2018/j21/8248-la-rochelle-lyon,0
2017-2018,21,8249,Stade Armandie,SU Agen,Union Bordeaux-Bègles,https://top14.lnr.fr/feuille-de-match/2017-2018/j21/8249-agen-bordeaux-begles,0
2017-2018,21,8250,Stade Marcel-Michelin,ASM Clermont,Section Paloise,https://top14.lnr.fr/feuille-de-match/2017-2018/j21/8250-clermont-pau,0
2017-2018,21,8251,Stade Pierre-Fabre,Castres Olympique,CA Brive,https://top14.lnr.fr/feuille-de-match/2017-2018/j21/8251-castres-brive,0
2017-2018,21,8252,Stade Ernest-Wallon,Stade Toulousain,Montpellier Hérault Rugby,https://top14.lnr.fr/feuille-de-match/2017-2018/j21/8252-toulouse-montpellier,0
2017-2018,22,8253,Stade Marcel-Deflandre,Stade Rochelais,Union Bordeaux-Bègles,https://top14.lnr.fr/feuille-de-match/2017-2018/j22/8253-la-rochelle-bordeaux-begles,0
2017-2018,22,8254,Stade Jean-Bouin,Stade Français Paris,Stade Toulousain,https://top14.lnr.fr/feuille-de-match/2017-2018/j22/8254-paris-toulouse,0
2017-2018,22,8255,Stade Amédée-Domenech,CA Brive,SU Agen,https://top14.lnr.fr/feuille-de-match/2017-2018/j22/8255-brive-agen,0
2017-2018,22,8256,Stade du Hameau,Section Paloise,Oyonnax Rugby,https://top14.lnr.fr/feuille-de-match/2017-2018/j22/8256-pau-oyonnax,0
2017-2018,22,8257,GGL Stadium,Montpellier Hérault Rugby,Castres Olympique,https://top14.lnr.fr/feuille-de-match/2017-2018/j22/8257-montpellier-castres,0
2017-2018,22,8258,Stade Mayol,RC Toulon,ASM Clermont,https://top14.lnr.fr/feuille-de-match/2017-2018/j22/8258-toulon-clermont,0
2017-2018,22,8259,Stade de Gerland,LOU Rugby,Racing 92,https://top14.lnr.fr/feuille-de-match/2017-2018/j22/8259-lyon-racing-92,0
2017-2018,23,8260,Stade Pierre-Fabre,Castres Olympique,Stade Toulousain,https://top14.lnr.fr/feuille-de-match/2017-2018/j23/8260-castres-toulouse,0
2017-2018,23,8261,Stade Amédée-Domenech,CA Brive,LOU Rugby,https://top14.lnr.fr/feuille-de-match/2017-2018/j23/8261-brive-lyon,0
2017-2018,23,8262,Stade Jean-Bouin,Stade Français Paris,ASM Clermont,https://top14.lnr.fr/feuille-de-match/2017-2018/j23/8262-paris-clermont,0
2017-2018,23,8263,Stade Chaban-Delmas,Union Bordeaux-Bègles,Section Paloise,https://top14.lnr.fr/feuille-de-match/2017-2018/j23/8263-bordeaux-begles-pau,0
2017-2018,23,8264,Stade Armandie,SU Agen,Oyonnax Rugby,https://top14.lnr.fr/feuille-de-match/2017-2018/j23/8264-agen-oyonnax,0
2017-2018,23,8265,GGL Stadium,Montpellier Hérault Rugby,Stade Rochelais,https://top14.lnr.fr/feuille-de-match/2017-2018/j23/8265-montpellier-la-rochelle,0
2017-2018,23,8266,Paris La Défense Arena,Racing 92,RC Toulon,https://top14.lnr.fr/feuille-de-match/2017-2018/j23/8266-racing-92-toulon,0
2017-2018,24,8267,Stade Mayol,RC Toulon,Montpellier Hérault Rugby,https://top14.lnr.fr/feuille-de-match/2017-2018/j24/8267-toulon-montpellier,0
2017-2018,24,8268,Stade Marcel-Michelin,ASM Clermont,Union Bordeaux-Bègles,https://top14.lnr.fr/feuille-de-match/2017-2018/j24/8268-clermont-bordeaux-begles,0
2017-2018,24,8269,Stade Charles-Mathon,Oyonnax Rugby,CA Brive,https://top14.lnr.fr/feuille-de-match/2017-2018/j24/8269-oyonnax-brive,0
2017-2018,24,8270,Stade du Hameau,Section Paloise,SU Agen,https://top14.lnr.fr/feuille-de-match/2017-2018/j24/8270-pau-agen,0
2017-2018,24,8271,Stade de Gerland,LOU Rugby,Stade Français Paris,https://top14.lnr.fr/feuille-de-match/2017-2018/j24/8271-lyon-paris,0
2017-2018,24,8272,Stade Marcel-Deflandre,Stade Rochelais,Castres Olympique,https://top14.lnr.fr/feuille-de-match/2017-2018/j24/8272-la-rochelle-castres,0
2017-2018,24,8273,Stade Ernest-Wallon,Stade Toulousain,Racing 92,https://top14.lnr.fr/feuille-de-match/2017-2018/j24/8273-toulouse-racing-92,0
2017-2018,25,8274,Stade Mayol,RC Toulon,Castres Olympique,https://top14.lnr.fr/feuille-de-match/2017-2018/j25/8274-toulon-castres,0
2017-2018,25,8275,GGL Stadium,Montpellier Hérault Rugby,Section Paloise,https://top14.lnr.fr/feuille-de-match/2017-2018/j25/8275-montpellier-pau,0
2017-2018,25,8276,Stade Charles-Mathon,Oyonnax Rugby,LOU Rugby,https://top14.lnr.fr/feuille-de-match/2017-2018/j25/8276-oyonnax-lyon,0
2017-2018,25,8277,Stade Jean-Bouin,Stade Français Paris,CA Brive,https://top14.lnr.fr/feuille-de-match/2017-2018/j25/8277-paris-brive,0
2017-2018,25,8278,Stade Armandie,SU Agen,ASM Clermont,https://top14.lnr.fr/feuille-de-match/2017-2018/j25/8278-agen-clermont,0
2017-2018,25,8279,Stade Chaban-Delmas,Union Bordeaux-Bègles,Racing 92,https://top14.lnr.fr/feuille-de-match/2017-2018/j25/8279-bordeaux-begles-racing-92,0
2017-2018,25,8280,Stade Ernest-Wallon,Stade Toulousain,Stade Rochelais,https://top14.lnr.fr/feuille-de-match/2017-2018/j25/8280-toulouse-la-rochelle,0
2017-2018,26,8281,Stade Marcel-Michelin,ASM Clermont,Stade Toulousain,https://top14.lnr.fr/feuille-de-match/2017-2018/j26/8281-clermont-toulouse,0
2017-2018,26,8282,Stade Amédée-Domenech,CA Brive,Union Bordeaux-Bègles,https://top14.lnr.fr/feuille-de-match/2017-2018/j26/8282-brive-bordeaux-begles,0
2017-2018,26,8283,Stade Pierre-Fabre,Castres Olympique,Oyonnax Rugby,https://top14.lnr.fr/feuille-de-match/2017-2018/j26/8283-castres-oyonnax,0
2017-2018,26,8284,Stade de Gerland,LOU Rugby,Montpellier Hérault Rugby,https://top14.lnr.fr/feuille-de-match/2017-2018/j26/8284-lyon-montpellier,0
2017-2018,26,8285,Paris La Défense Arena,Racing 92,SU Agen,https://top14.lnr.fr/feuille-de-match/2017-2018/j26/8285-racing-92-agen,0
2017-2018,26,8286,Stade du Hameau,Section Paloise,RC Toulon,https://top14.lnr.fr/feuille-de-match/2017-2018/j26/8286-pau-toulon,0
2017-2018,26,8287,Stade Marcel-Deflandre,Stade Rochelais,Stade Français Paris,https://top14.lnr.fr/feuille-de-match/2017-2018/j26/8287-la-rochelle-paris,0
2018-2019,1,8541,Stade Aimé-Giral,USA Perpignan,Stade Français Paris,https://top14.lnr.fr/feuille-de-match/2018-2019/j1/8541-perpignan-paris,0
2018-2019,1,8542,Stade Marcel-Michelin,ASM Clermont,SU Agen,https://top14.lnr.fr/feuille-de-match/2018-2019/j1/8542-clermont-agen,0
2018-2019,1,8543,Stade de Gerland,LOU Rugby,Stade Toulousain,https://top14.lnr.fr/feuille-de-match/2018-2019/j1/8543-lyon-toulouse,0
2018-2019,1,8544,Stade Marcel-Deflandre,Stade Rochelais,FC Grenoble Rugby,https://top14.lnr.fr/feuille-de-match/2018-2019/j1/8544-la-rochelle-grenoble,0
2018-2019,1,8545,Stade Chaban-Delmas,Union Bordeaux-Bègles,Section Paloise,https://top14.lnr.fr/feuille-de-match/2018-2019/j1/8545-bordeaux-begles-pau,0
2018-2019,1,8546,Stade Mayol,RC Toulon,Racing 92,https://top14.lnr.fr/feuille-de-match/2018-2019/j1/8546-toulon-racing-92,0
2018-2019,1,8547,GGL Stadium,Montpellier Hérault Rugby,Castres Olympique,https://top14.lnr.fr/feuille-de-match/2018-2019/j1/8547-montpellier-castres,0
2018-2019,2,8548,Stade du Hameau,Section Paloise,RC Toulon,https://top14.lnr.fr/feuille-de-match/2018-2019/j2/8548-pau-toulon,0
2018-2019,2,8549,Stade Pierre-Fabre,Castres Olympique,LOU Rugby,https://top14.lnr.fr/feuille-de-match/2018-2019/j2/8549-castres-lyon,0
2018-2019,2,8550,GGL Stadium,Montpellier Hérault Rugby,Stade Rochelais,https://top14.lnr.fr/feuille-de-match/2018-2019/j2/8550-montpellier-la-rochelle,0
2018-2019,2,8551,Stade Jean-Bouin,Stade Français Paris,Union Bordeaux-Bègles,https://top14.lnr.fr/feuille-de-match/2018-2019/j2/8551-paris-bordeaux-begles,0
2018-2019,2,8552,Stade des Alpes,FC Grenoble Rugby,Stade Toulousain,https://top14.lnr.fr/feuille-de-match/2018-2019/j2/8552-grenoble-toulouse,0
2018-2019,2,8553,Stade Armandie,SU Agen,USA Perpignan,https://top14.lnr.fr/feuille-de-match/2018-2019/j2/8553-agen-perpignan,0
2018-2019,2,8554,Paris La Défense Arena,Racing 92,ASM Clermont,https://top14.lnr.fr/feuille-de-match/2018-2019/j2/8554-racing-92-clermont,0
2018-2019,3,8555,Stade Chaban-Delmas,Union Bordeaux-Bègles,Montpellier Hérault Rugby,https://top14.lnr.fr/feuille-de-match/2018-2019/j3/8555-bordeaux-begles-montpellier,0
2018-2019,3,8556,Stade Ernest-Wallon,Stade Toulousain,Stade Rochelais,https://top14.lnr.fr/feuille-de-match/2018-2019/j3/8556-toulouse-la-rochelle,0
2018-2019,3,8557,Paris La Défense Arena,Racing 92,SU Agen,https://top14.lnr.fr/feuille-de-match/2018-2019/j3/8557-racing-92-agen,0
2018-2019,3,8558,Stade Aimé-Giral,USA Perpignan,LOU Rugby,https://top14.lnr.fr/feuille-de-match/2018-2019/j3/8558-perpignan-lyon,0
2018-2019,3,8559,Stade Marcel-Michelin,ASM Clermont,Stade Français Paris,https://top14.lnr.fr/feuille-de-match/2018-2019/j3/8559-clermont-paris,0
2018-2019,3,8560,Stade des Alpes,FC Grenoble Rugby,Section Paloise,https://top14.lnr.fr/feuille-de-match/2018-2019/j3/8560-grenoble-pau,0
2018-2019,3,8561,Stade Mayol,RC Toulon,Castres Olympique,https://top14.lnr.fr/feuille-de-match/2018-2019/j3/8561-toulon-castres,0
2018-2019,4,8562,Stade de Gerland,LOU Rugby,Montpellier Hérault Rugby,https://top14.lnr.fr/feuille-de-match/2018-2019/j4/8562-lyon-montpellier,0
2018-2019,4,8563,Stade Pierre-Fabre,Castres Olympique,FC Grenoble Rugby,https://top14.lnr.fr/feuille-de-match/2018-2019/j4/8563-castres-grenoble,0
2018-2019,4,8564,Stade du Hameau,Section Paloise,ASM Clermont,https://top14.lnr.fr/feuille-de-match/2018-2019/j4/8564-pau-clermont,0
2018-2019,4,8565,Stade Armandie,SU Agen,Union Bordeaux-Bègles,https://top14.lnr.fr/feuille-de-match/2018-2019/j4/8565-agen-bordeaux-begles,0
2018-2019,4,8566,Stade Ernest-Wallon,Stade Toulousain,Racing 92,https://top14.lnr.fr/feuille-de-match/2018-2019/j4/8566-toulouse-racing-92,0
2018-2019,4,8567,Stade Marcel-Deflandre,Stade Rochelais,USA Perpignan,https://top14.lnr.fr/feuille-de-match/2018-2019/j4/8567-la-rochelle-perpignan,0
2018-2019,4,8568,Stade Jean-Bouin,Stade Français Paris,RC Toulon,https://top14.lnr.fr/feuille-de-match/2018-2019/j4/8568-paris-toulon,0
2018-2019,5,8569,Stade Chaban-Delmas,Union Bordeaux-Bègles,ASM Clermont,https://top14.lnr.fr/feuille-de-match/2018-2019/j5/8569-bordeaux-begles-clermont,0
2018-2019,5,8570,Stade des Alpes,FC Grenoble Rugby,USA Perpignan,https://top14.lnr.fr/feuille-de-match/2018-2019/j5/8570-grenoble-perpignan,0
2018-2019,5,8571,Stade Mayol,RC Toulon,SU Agen,https://top14.lnr.fr/feuille-de-match/2018-2019/j5/8571-toulon-agen,0
2018-2019,5,8572,Stade Marcel-Deflandre,Stade Rochelais,LOU Rugby,https://top14.lnr.fr/feuille-de-match/2018-2019/j5/8572-la-rochelle-lyon,0
2018-2019,5,8573,Paris La Défense Arena,Racing 92,Castres Olympique,https://top14.lnr.fr/feuille-de-match/2018-2019/j5/8573-racing-92-castres,0
2018-2019,5,8574,Stade du Hameau,Section Paloise,Stade Français Paris,https://top14.lnr.fr/feuille-de-match/2018-2019/j5/8574-pau-paris,0
2018-2019,5,8575,GGL Stadium,Montpellier Hérault Rugby,Stade Toulousain,https://top14.lnr.fr/feuille-de-match/2018-2019/j5/8575-montpellier-toulouse,0
2018-2019,6,8576,Stade Ernest-Wallon,Stade Toulousain,Castres Olympique,https://top14.lnr.fr/feuille-de-match/2018-2019/j6/8576-toulouse-castres,0
2018-2019,6,8577,Stade de Gerland,LOU Rugby,FC Grenoble Rugby,https://top14.lnr.fr/feuille-de-match/2018-2019/j6/8577-lyon-grenoble,0
2018-2019,6,8578,Stade Armandie,SU Agen,Section Paloise,https://top14.lnr.fr/feuille-de-match/2018-2019/j6/8578-agen-pau,0
2018-2019,6,8579,Stade Chaban-Delmas,Union Bordeaux-Bègles,Stade Rochelais,https://top14.lnr.fr/feuille-de-match/2018-2019/j6/8579-bordeaux-begles-la-rochelle,0
2018-2019,6,8580,Stade Aimé-Giral,USA Perpignan,Montpellier Hérault Rugby,https://top14.lnr.fr/feuille-de-match/2018-2019/j6/8580-perpignan-montpellier,0
2018-2019,6,8581,Stade Marcel-Michelin,ASM Clermont,RC Toulon,https://top14.lnr.fr/feuille-de-match/2018-2019/j6/8581-clermont-toulon,0
2018-2019,6,8582,Stade Jean-Bouin,Stade Français Paris,Racing 92,https://top14.lnr.fr/feuille-de-match/2018-2019/j6/8582-paris-racing-92,0
2018-2019,7,8583,Stade Marcel-Deflandre,Stade Rochelais,ASM Clermont,https://top14.lnr.fr/feuille-de-match/2018-2019/j7/8583-la-rochelle-clermont,0
2018-2019,7,8584,Stade des Alpes,FC Grenoble Rugby,Union Bordeaux-Bègles,https://top14.lnr.fr/feuille-de-match/2018-2019/j7/8584-grenoble-bordeaux-begles,0
2018-2019,7,8585,Paris La Défense Arena,Racing 92,LOU Rugby,https://top14.lnr.fr/feuille-de-match/2018-2019/j7/8585-racing-92-lyon,0
2018-2019,7,8586,Stade du Hameau,Section Paloise,USA Perpignan,https://top14.lnr.fr/feuille-de-match/2018-2019/j7/8586-pau-perpignan,0
2018-2019,7,8587,Stade Ernest-Wallon,Stade Toulousain,SU Agen,https://top14.lnr.fr/feuille-de-match/2018-2019/j7/8587-toulouse-agen,0
2018-2019,7,8588,Stade Pierre-Fabre,Castres Olympique,Stade Français Paris,https://top14.lnr.fr/feuille-de-match/2018-2019/j7/8588-castres-paris,0
2018-2019,7,8589,GGL Stadium,Montpellier Hérault Rugby,RC Toulon,https://top14.lnr.fr/feuille-de-match/2018-2019/j7/8589-montpellier-toulon,0
2018-2019,8,8590,Stade Marcel-Michelin,ASM Clermont,Castres Olympique,https://top14.lnr.fr/feuille-de-match/2018-2019/j8/8590-clermont-castres,0
2018-2019,8,8591,Paris La Défense Arena,Racing 92,Section Paloise,https://top14.lnr.fr/feuille-de-match/2018-2019/j8/8591-racing-92-pau,0
2018-2019,8,8592,Stade Armandie,SU Agen,FC Grenoble Rugby,https://top14.lnr.fr/feuille-de-match/2018-2019/j8/8592-agen-grenoble,0
2018-2019,8,8593,Stade Aimé-Giral,USA Perpignan,Stade Toulousain,https://top14.lnr.fr/feuille-de-match/2018-2019/j8/8593-perpignan-toulouse,0
2018-2019,8,8594,Stade Jean-Bouin,Stade Français Paris,Montpellier Hérault Rugby,https://top14.lnr.fr/feuille-de-match/2018-2019/j8/8594-paris-montpellier,0
2018-2019,8,8595,Stade Chaban-Delmas,Union Bordeaux-Bègles,LOU Rugby,https://top14.lnr.fr/feuille-de-match/2018-2019/j8/8595-bordeaux-begles-lyon,0
2018-2019,8,8596,Stade Mayol,RC Toulon,Stade Rochelais,https://top14.lnr.fr/feuille-de-match/2018-2019/j8/8596-toulon-la-rochelle,0
2018-2019,9,8597,Stade des Alpes,FC Grenoble Rugby,ASM Clermont,https://top14.lnr.fr/feuille-de-match/2018-2019/j9/8597-grenoble-clermont,0
2018-2019,9,8598,Stade Pierre-Fabre,Castres Olympique,Section Paloise,https://top14.lnr.fr/feuille-de-match/2018-2019/j9/8598-castres-pau,0
2018-2019,9,8599,Stade Mayol,RC Toulon,USA Perpignan,https://top14.lnr.fr/feuille-de-match/2018-2019/j9/8599-toulon-perpignan,0
2018-2019,9,8600,Stade Marcel-Deflandre,Stade Rochelais,SU Agen,https://top14.lnr.fr/feuille-de-match/2018-2019/j9/8600-la-rochelle-agen,0
2018-2019,9,8601,Stade Ernest-Wallon,Stade Toulousain,Union Bordeaux-Bègles,https://top14.lnr.fr/feuille-de-match/2018-2019/j9/8601-toulouse-bordeaux-begles,0
2018-2019,9,8602,Stade de Gerland,LOU Rugby,Stade Français Paris,https://top14.lnr.fr/feuille-de-match/2018-2019/j9/8602-lyon-paris,0
2018-2019,9,8603,GGL Stadium,Montpellier Hérault Rugby,Racing 92,https://top14.lnr.fr/feuille-de-match/2018-2019/j9/8603-montpellier-racing-92,0
2018-2019,10,8604,Stade Chaban-Delmas,Union Bordeaux-Bègles,RC Toulon,https://top14.lnr.fr/feuille-de-match/2018-2019/j10/8604-bordeaux-begles-toulon,0
2018-2019,10,8605,Paris La Défense Arena,Racing 92,FC Grenoble Rugby,https://top14.lnr.fr/feuille-de-match/2018-2019/j10/8605-racing-92-grenoble,0
2018-2019,10,8606,Stade du Hameau,Section Paloise,Stade Toulousain,https://top14.lnr.fr/feuille-de-match/2018-2019/j10/8606-pau-toulouse,0
2018-2019,10,8607,Stade Armandie,SU Agen,Montpellier Hérault Rugby,https://top14.lnr.fr/feuille-de-match/2018-2019/j10/8607-agen-montpellier,0
2018-2019,10,8608,Stade Aimé-Giral,USA Perpignan,Castres Olympique,https://top14.lnr.fr/feuille-de-match/2018-2019/j10/8608-perpignan-castres,0
2018-2019,10,8609,Stade Jean-Bouin,Stade Français Paris,Stade Rochelais,https://top14.lnr.fr/feuille-de-match/2018-2019/j10/8609-paris-la-rochelle,0
2018-2019,10,8610,Stade Marcel-Michelin,ASM Clermont,LOU Rugby,https://top14.lnr.fr/feuille-de-match/2018-2019/j10/8610-clermont-lyon,0
2018-2019,11,8611,GGL Stadium,Montpellier Hérault Rugby,ASM Clermont,https://top14.lnr.fr/feuille-de-match/2018-2019/j11/8611-montpellier-clermont,0
2018-2019,11,8612,Stade Pierre-Fabre,Castres Olympique,SU Agen,https://top14.lnr.fr/feuille-de-match/2018-2019/j11/8612-castres-agen,0
2018-2019,11,8613,Stade de Gerland,LOU Rugby,Section Paloise,https://top14.lnr.fr/feuille-de-match/2018-2019/j11/8613-lyon-pau,0
2018-2019,11,8614,Stade Marcel-Deflandre,Stade Rochelais,Racing 92,https://top14.lnr.fr/feuille-de-match/2018-2019/j11/8614-la-rochelle-racing-92,0
2018-2019,11,8615,Stade Mayol,RC Toulon,FC Grenoble Rugby,https://top14.lnr.fr/feuille-de-match/2018-2019/j11/8615-toulon-grenoble,0
2018-2019,11,8616,Stade Aimé-Giral,USA Perpignan,Union Bordeaux-Bègles,https://top14.lnr.fr/feuille-de-match/2018-2019/j11/8616-perpignan-bordeaux-begles,0
2018-2019,11,8617,Stade Ernest-Wallon,Stade Toulousain,Stade Français Paris,https://top14.lnr.fr/feuille-de-match/2018-2019/j11/8617-toulouse-paris,0
2018-2019,12,8618,Stade Armandie,SU Agen,Stade Français Paris,https://top14.lnr.fr/feuille-de-match/2018-2019/j12/8618-agen-paris,0
2018-2019,12,8619,Stade Mayol,RC Toulon,LOU Rugby,https://top14.lnr.fr/feuille-de-match/2018-2019/j12/8619-toulon-lyon,0
2018-2019,12,8620,Stade des Alpes,FC Grenoble Rugby,Montpellier Hérault Rugby,https://top14.lnr.fr/feuille-de-match/2018-2019/j12/8620-grenoble-montpellier,0
2018-2019,12,8621,Paris La Défense Arena,Racing 92,USA Perpignan,https://top14.lnr.fr/feuille-de-match/2018-2019/j12/8621-racing-92-perpignan,0
2018-2019,12,8622,Stade du Hameau,Section Paloise,Stade Rochelais,https://top14.lnr.fr/feuille-de-match/2018-2019/j12/8622-pau-la-rochelle,0
2018-2019,12,8623,Stade Pierre-Fabre,Castres Olympique,Union Bordeaux-Bègles,https://top14.lnr.fr/feuille-de-match/2018-2019/j12/8623-castres-bordeaux-begles,0
2018-2019,12,8624,Stade Marcel-Michelin,ASM Clermont,Stade Toulousain,https://top14.lnr.fr/feuille-de-match/2018-2019/j12/8624-clermont-toulouse,0
2018-2019,13,8625,Stade de Gerland,LOU Rugby,SU Agen,https://top14.lnr.fr/feuille-de-match/2018-2019/j13/8625-lyon-agen,0
2018-2019,13,8626,Stade Jean-Bouin,Stade Français Paris,FC Grenoble Rugby,https://top14.lnr.fr/feuille-de-match/2018-2019/j13/8626-paris-grenoble,0
2018-2019,13,8627,Stade Marcel-Deflandre,Stade Rochelais,Castres Olympique,https://top14.lnr.fr/feuille-de-match/2018-2019/j13/8627-la-rochelle-castres,0
2018-2019,13,8628,Stade Aimé-Giral,USA Perpignan,ASM Clermont,https://top14.lnr.fr/feuille-de-match/2018-2019/j13/8628-perpignan-clermont,0
2018-2019,13,8629,GGL Stadium,Montpellier Hérault Rugby,Section Paloise,https://top14.lnr.fr/feuille-de-match/2018-2019/j13/8629-montpellier-pau,0
2018-2019,13,8630,Stade Chaban-Delmas,Union Bordeaux-Bègles,Racing 92,https://top14.lnr.fr/feuille-de-match/2018-2019/j13/8630-bordeaux-begles-racing-92,0
2018-2019,13,8631,Stade Ernest-Wallon,Stade Toulousain,RC Toulon,https://top14.lnr.fr/feuille-de-match/2018-2019/j13/8631-toulouse-toulon,0
2018-2019,14,8632,Stade Jean-Bouin,Stade Français Paris,USA Perpignan,https://top14.lnr.fr/feuille-de-match/2018-2019/j14/8632-paris-perpignan,0
2018-2019,14,8633,Stade des Alpes,FC Grenoble Rugby,Castres Olympique,https://top14.lnr.fr/feuille-de-match/2018-2019/j14/8633-grenoble-castres,0
2018-2019,14,8634,GGL Stadium,Montpellier Hérault Rugby,LOU Rugby,https://top14.lnr.fr/feuille-de-match/2018-2019/j14/8634-montpellier-lyon,0
2018-2019,14,8635,Stade du Hameau,Section Paloise,Union Bordeaux-Bègles,https://top14.lnr.fr/feuille-de-match/2018-2019/j14/8635-pau-bordeaux-begles,0
2018-2019,14,8636,Stade Armandie,SU Agen,Stade Toulousain,https://top14.lnr.fr/feuille-de-match/2018-2019/j14/8636-agen-toulouse,0
2018-2019,14,8637,Paris La Défense Arena,Racing 92,RC Toulon,https://top14.lnr.fr/feuille-de-match/2018-2019/j14/8637-racing-92-toulon,0
2018-2019,14,8638,Stade Marcel-Michelin,ASM Clermont,Stade Rochelais,https://top14.lnr.fr/feuille-de-match/2018-2019/j14/8638-clermont-la-rochelle,0
2018-2019,15,8639,Stade Pierre-Fabre,Castres Olympique,ASM Clermont,https://top14.lnr.fr/feuille-de-match/2018-2019/j15/8639-castres-clermont,0
2018-2019,15,8640,Stade Chaban-Delmas,Union Bordeaux-Bègles,SU Agen,https://top14.lnr.fr/feuille-de-match/2018-2019/j15/8640-bordeaux-begles-agen,0
2018-2019,15,8641,Stade Marcel-Deflandre,Stade Rochelais,Montpellier Hérault Rugby,https://top14.lnr.fr/feuille-de-match/2018-2019/j15/8641-la-rochelle-montpellier,0
2018-2019,15,8642,Stade Aimé-Giral,USA Perpignan,Section Paloise,https://top14.lnr.fr/feuille-de-match/2018-2019/j15/8642-perpignan-pau,0
2018-2019,15,8643,Stade de Gerland,LOU Rugby,Racing 92,https://top14.lnr.fr/feuille-de-match/2018-2019/j15/8643-lyon-racing-92,0
2018-2019,15,8644,Stade Ernest-Wallon,Stade Toulousain,FC Grenoble Rugby,https://top14.lnr.fr/feuille-de-match/2018-2019/j15/8644-toulouse-grenoble,0
2018-2019,15,8645,Stade Mayol,RC Toulon,Stade Français Paris,https://top14.lnr.fr/feuille-de-match/2018-2019/j15/8645-toulon-paris,0
2018-2019,16,8646,Stade Marcel-Michelin,ASM Clermont,Union Bordeaux-Bègles,https://top14.lnr.fr/feuille-de-match/2018-2019/j16/8646-clermont-bordeaux-begles,0
2018-2019,16,8647,GGL Stadium,Montpellier Hérault Rugby,USA Perpignan,https://top14.lnr.fr/feuille-de-match/2018-2019/j16/8647-montpellier-perpignan,0
2018-2019,16,8648,Stade du Hameau,Section Paloise,Castres Olympique,https://top14.lnr.fr/feuille-de-match/2018-2019/j16/8648-pau-castres,0
2018-2019,16,8649,Stade Jean-Bouin,Stade Français Paris,LOU Rugby,https://top14.lnr.fr/feuille-de-match/2018-2019/j16/8649-paris-lyon,0
2018-2019,16,8650,Stade Armandie,SU Agen,RC Toulon,https://top14.lnr.fr/feuille-de-match/2018-2019/j16/8650-agen-toulon,0
2018-2019,16,8651,Stade des Alpes,FC Grenoble Rugby,Stade Rochelais,https://top14.lnr.fr/feuille-de-match/2018-2019/j16/8651-grenoble-la-rochelle,0
2018-2019,16,8652,Paris La Défense Arena,Racing 92,Stade Toulousain,https://top14.lnr.fr/feuille-de-match/2018-2019/j16/8652-racing-92-toulouse,0
2018-2019,17,8653,Stade Mayol,RC Toulon,Section Paloise,https://top14.lnr.fr/feuille-de-match/2018-2019/j17/8653-toulon-pau,0
2018-2019,17,8654,Stade Ernest-Wallon,Stade Toulousain,Montpellier Hérault Rugby,https://top14.lnr.fr/feuille-de-match/2018-2019/j17/8654-toulouse-montpellier,0
2018-2019,17,8655,Stade Chaban-Delmas,Union Bordeaux-Bègles,FC Grenoble Rugby,https://top14.lnr.fr/feuille-de-match/2018-2019/j17/8655-bordeaux-begles-grenoble,0
2018-2019,17,8656,Stade Aimé-Giral,USA Perpignan,SU Agen,https://top14.lnr.fr/feuille-de-match/2018-2019/j17/8656-perpignan-agen,0
2018-2019,17,8657,Stade Marcel-Deflandre,Stade Rochelais,Stade Français Paris,https://top14.lnr.fr/feuille-de-match/2018-2019/j17/8657-la-rochelle-paris,0
2018-2019,17,8658,Stade Pierre-Fabre,Castres Olympique,Racing 92,https://top14.lnr.fr/feuille-de-match/2018-2019/j17/8658-castres-racing-92,0
2018-2019,17,8659,Stade de Gerland,LOU Rugby,ASM Clermont,https://top14.lnr.fr/feuille-de-match/2018-2019/j17/8659-lyon-clermont,0
2018-2019,18,8660,Paris La Défense Arena,Racing 92,Stade Rochelais,https://top14.lnr.fr/feuille-de-match/2018-2019/j18/8660-racing-92-la-rochelle,0
2018-2019,18,8661,Stade Marcel-Michelin,ASM Clermont,FC Grenoble Rugby,https://top14.lnr.fr/feuille-de-match/2018-2019/j18/8661-clermont-grenoble,0
2018-2019,18,8662,GGL Stadium,Montpellier Hérault Rugby,Union Bordeaux-Bègles,https://top14.lnr.fr/feuille-de-match/2018-2019/j18/8662-montpellier-bordeaux-begles,0
2018-2019,18,8663,Stade du Hameau,Section Paloise,SU Agen,https://top14.lnr.fr/feuille-de-match/2018-2019/j18/8663-pau-agen,0
2018-2019,18,8664,Stade de Gerland,LOU Rugby,Castres Olympique,https://top14.lnr.fr/feuille-de-match/2018-2019/j18/8664-lyon-castres,0
2018-2019,18,8665,Stade Aimé-Giral,USA Perpignan,RC Toulon,https://top14.lnr.fr/feuille-de-match/2018-2019/j18/8665-perpignan-toulon,0
2018-2019,18,8666,Stade Jean-Bouin,Stade Français Paris,Stade Toulousain,https://top14.lnr.fr/feuille-de-match/2018-2019/j18/8666-paris-toulouse,0
2018-2019,19,8667,Stade Mayol,RC Toulon,Montpellier Hérault Rugby,https://top14.lnr.fr/feuille-de-match/2018-2019/j19/8667-toulon-montpellier,0
2018-2019,19,8668,Stade Pierre-Fabre,Castres Olympique,USA Perpignan,https://top14.lnr.fr/feuille-de-match/2018-2019/j19/8668-castres-perpignan,0
2018-2019,19,8669,Stade des Alpes,FC Grenoble Rugby,Racing 92,https://top14.lnr.fr/feuille-de-match/2018-2019/j19/8669-grenoble-racing-92,0
2018-2019,19,8670,Stade Armandie,SU Agen,Stade Rochelais,https://top14.lnr.fr/feuille-de-match/2018-2019/j19/8670-agen-la-rochelle,0
2018-2019,19,8671,Stade Chaban-Delmas,Union Bordeaux-Bègles,Stade Français Paris,https://top14.lnr.fr/feuille-de-match/2018-2019/j19/8671-bordeaux-begles-paris,0
2018-2019,19,8672,Stade Marcel-Michelin,ASM Clermont,Section Paloise,https://top14.lnr.fr/feuille-de-match/2018-2019/j19/8672-clermont-pau,0
2018-2019,19,8673,Stade Ernest-Wallon,Stade Toulousain,LOU Rugby,https://top14.lnr.fr/feuille-de-match/2018-2019/j19/8673-toulouse-lyon,0
2018-2019,20,8674,Stade de Gerland,LOU Rugby,RC Toulon,https://top14.lnr.fr/feuille-de-match/2018-2019/j20/8674-lyon-toulon,0
2018-2019,20,8675,Stade Jean-Bouin,Stade Français Paris,Castres Olympique,https://top14.lnr.fr/feuille-de-match/2018-2019/j20/8675-paris-castres,0
2018-2019,20,8676,Stade du Hameau,Section Paloise,Montpellier Hérault Rugby,https://top14.lnr.fr/feuille-de-match/2018-2019/j20/8676-pau-montpellier,0
2018-2019,20,8677,Stade Aimé-Giral,USA Perpignan,FC Grenoble Rugby,https://top14.lnr.fr/feuille-de-match/2018-2019/j20/8677-perpignan-grenoble,0
2018-2019,20,8678,Stade Armandie,SU Agen,ASM Clermont,https://top14.lnr.fr/feuille-de-match/2018-2019/j20/8678-agen-clermont,0
2018-2019,20,8679,Paris La Défense Arena,Racing 92,Union Bordeaux-Bègles,https://top14.lnr.fr/feuille-de-match/2018-2019/j20/8679-racing-92-bordeaux-begles,0
2018-2019,20,8680,Stade Marcel-Deflandre,Stade Rochelais,Stade Toulousain,https://top14.lnr.fr/feuille-de-match/2018-2019/j20/8680-la-rochelle-toulouse,0
2018-2019,21,8681,Stade Mayol,RC Toulon,Stade Toulousain,https://top14.lnr.fr/feuille-de-match/2018-2019/j21/8681-toulon-toulouse,0
2018-2019,21,8682,Stade des Alpes,FC Grenoble Rugby,Stade Français Paris,https://top14.lnr.fr/feuille-de-match/2018-2019/j21/8682-grenoble-paris,0
2018-2019,21,8683,GGL Stadium,Montpellier Hérault Rugby,SU Agen,https://top14.lnr.fr/feuille-de-match/2018-2019/j21/8683-montpellier-agen,0
2018-2019,21,8684,Stade Chaban-Delmas,Union Bordeaux-Bègles,USA Perpignan,https://top14.lnr.fr/feuille-de-match/2018-2019/j21/8684-bordeaux-begles-perpignan,0
2018-2019,21,8685,Stade Pierre-Fabre,Castres Olympique,Stade Rochelais,https://top14.lnr.fr/feuille-de-match/2018-2019/j21/8685-castres-la-rochelle,0
2018-2019,21,8686,Stade du Hameau,Section Paloise,LOU Rugby,https://top14.lnr.fr/feuille-de-match/2018-2019/j21/8686-pau-lyon,0
2018-2019,21,8687,Stade Marcel-Michelin,ASM Clermont,Racing 92,https://top14.lnr.fr/feuille-de-match/2018-2019/j21/8687-clermont-racing-92,0
2018-2019,22,8688,Stade Chaban-Delmas,Union Bordeaux-Bègles,Castres Olympique,https://top14.lnr.fr/feuille-de-match/2018-2019/j22/8688-bordeaux-begles-castres,0
2018-2019,22,8689,Stade de Gerland,LOU Rugby,USA Perpignan,https://top14.lnr.fr/feuille-de-match/2018-2019/j22/8689-lyon-perpignan,0
2018-2019,22,8690,Stade Jean-Bouin,Stade Français Paris,SU Agen,https://top14.lnr.fr/feuille-de-match/2018-2019/j22/8690-paris-agen,0
2018-2019,22,8691,Stade Marcel-Deflandre,Stade Rochelais,Section Paloise,https://top14.lnr.fr/feuille-de-match/2018-2019/j22/8691-la-rochelle-pau,0
2018-2019,22,8692,Stade des Alpes,FC Grenoble Rugby,RC Toulon,https://top14.lnr.fr/feuille-de-match/2018-2019/j22/8692-grenoble-toulon,0
2018-2019,22,8693,Paris La Défense Arena,Racing 92,Montpellier Hérault Rugby,https://top14.lnr.fr/feuille-de-match/2018-2019/j22/8693-racing-92-montpellier,0
2018-2019,22,8694,Stade Ernest-Wallon,Stade Toulousain,ASM Clermont,https://top14.lnr.fr/feuille-de-match/2018-2019/j22/8694-toulouse-clermont,0
2018-2019,23,8695,Stade du Hameau,Section Paloise,Racing 92,https://top14.lnr.fr/feuille-de-match/2018-2019/j23/8695-pau-racing-92,0
2018-2019,23,8696,Stade Pierre-Fabre,Castres Olympique,Stade Toulousain,https://top14.lnr.fr/feuille-de-match/2018-2019/j23/8696-castres-toulouse,0
2018-2019,23,8697,GGL Stadium,Montpellier Hérault Rugby,FC Grenoble Rugby,https://top14.lnr.fr/feuille-de-match/2018-2019/j23/8697-montpellier-grenoble,0
2018-2019,23,8698,Stade Armandie,SU Agen,LOU Rugby,https://top14.lnr.fr/feuille-de-match/2018-2019/j23/8698-agen-lyon,0
2018-2019,23,8699,Stade Aimé-Giral,USA Perpignan,Stade Rochelais,https://top14.lnr.fr/feuille-de-match/2018-2019/j23/8699-perpignan-la-rochelle,0
2018-2019,23,8700,Stade Mayol,RC Toulon,Union Bordeaux-Bègles,https://top14.lnr.fr/feuille-de-match/2018-2019/j23/8700-toulon-bordeaux-begles,0
2018-2019,23,8701,Stade Jean-Bouin,Stade Français Paris,ASM Clermont,https://top14.lnr.fr/feuille-de-match/2018-2019/j23/8701-paris-clermont,0
2018-2019,24,8702,Stade Ernest-Wallon,Stade Toulousain,Section Paloise,https://top14.lnr.fr/feuille-de-match/2018-2019/j24/8702-toulouse-pau,0
2018-2019,24,8704,Stade Pierre-Fabre,Castres Olympique,Montpellier Hérault Rugby,https://top14.lnr.fr/feuille-de-match/2018-2019/j24/8704-castres-montpellier,0
2018-2019,24,8705,Stade des Alpes,FC Grenoble Rugby,SU Agen,https://top14.lnr.fr/feuille-de-match/2018-2019/j24/8705-grenoble-agen,0
2018-2019,24,8703,Stade Marcel-Michelin,ASM Clermont,USA Perpignan,https://top14.lnr.fr/feuille-de-match/2018-2019/j24/8703-clermont-perpignan,0
2018-2019,24,8706,Stade Marcel-Deflandre,Stade Rochelais,RC Toulon,https://top14.lnr.fr/feuille-de-match/2018-2019/j24/8706-la-rochelle-toulon,0
2018-2019,24,8707,Stade de Gerland,LOU Rugby,Union Bordeaux-Bègles,https://top14.lnr.fr/feuille-de-match/2018-2019/j24/8707-lyon-bordeaux-begles,0
2018-2019,24,8708,Paris La Défense Arena,Racing 92,Stade Français Paris,https://top14.lnr.fr/feuille-de-match/2018-2019/j24/8708-racing-92-paris,0
2018-2019,25,8709,Stade du Hameau,Section Paloise,FC Grenoble Rugby,https://top14.lnr.fr/feuille-de-match/2018-2019/j25/8709-pau-grenoble,0
2018-2019,25,8710,Stade Armandie,SU Agen,Castres Olympique,https://top14.lnr.fr/feuille-de-match/2018-2019/j25/8710-agen-castres,0
2018-2019,25,8711,Stade Aimé-Giral,USA Perpignan,Racing 92,https://top14.lnr.fr/feuille-de-match/2018-2019/j25/8711-perpignan-racing-92,0
2018-2019,25,8712,Stade de Gerland,LOU Rugby,Stade Rochelais,https://top14.lnr.fr/feuille-de-match/2018-2019/j25/8712-lyon-la-rochelle,0
2018-2019,25,8713,GGL Stadium,Montpellier Hérault Rugby,Stade Français Paris,https://top14.lnr.fr/feuille-de-match/2018-2019/j25/8713-montpellier-paris,0
2018-2019,25,8714,Stade Chaban-Delmas,Union Bordeaux-Bègles,Stade Toulousain,https://top14.lnr.fr/feuille-de-match/2018-2019/j25/8714-bordeaux-begles-toulouse,0
2018-2019,25,8715,Stade Mayol,RC Toulon,ASM Clermont,https://top14.lnr.fr/feuille-de-match/2018-2019/j25/8715-toulon-clermont,0
2018-2019,26,8716,Stade Marcel-Michelin,ASM Clermont,Montpellier Hérault Rugby,https://top14.lnr.fr/feuille-de-match/2018-2019/j26/8716-clermont-montpellier,0
2018-2019,26,8717,Stade Pierre-Fabre,Castres Olympique,RC Toulon,https://top14.lnr.fr/feuille-de-match/2018-2019/j26/8717-castres-toulon,0
2018-2019,26,8718,Stade des Alpes,FC Grenoble Rugby,LOU Rugby,https://top14.lnr.fr/feuille-de-match/2018-2019/j26/8718-grenoble-lyon,0
2018-2019,26,8719,Stade Jean-Bouin,Stade Français Paris,Section Paloise,https://top14.lnr.fr/feuille-de-match/2018-2019/j26/8719-paris-pau,0
2018-2019,26,8720,Stade Marcel-Deflandre,Stade Rochelais,Union Bordeaux-Bègles,https://top14.lnr.fr/feuille-de-match/2018-2019/j26/8720-la-rochelle-bordeaux-begles,0
2018-2019,26,8721,Stade Ernest-Wallon,Stade Toulousain,USA Perpignan,https://top14.lnr.fr/feuille-de-match/2018-2019/j26/8721-toulouse-perpignan,0
2018-2019,26,8722,Stade Armandie,SU Agen,Racing 92,https://top14.lnr.fr/feuille-de-match/2018-2019/j26/8722-agen-racing-92,0
2021-2022,1,9740,Stade d'Aguiléra,Biarritz Olympique PB,Union Bordeaux-Bègles,https://top14.lnr.fr/feuille-de-match/2021-2022/j1/9740-biarritz-bordeaux-begles,0
2021-2022,1,9741,Stade Amédée-Domenech,CA Brive,USA Perpignan,https://top14.lnr.fr/feuille-de-match/2021-2022/j1/9741-brive-perpignan,0
2021-2022,1,9742,Stade Pierre-Fabre,Castres Olympique,Section Paloise,https://top14.lnr.fr/feuille-de-match/2021-2022/j1/9742-castres-pau,0
2021-2022,1,9743,Stade Jean-Bouin,Stade Français Paris,Racing 92,https://top14.lnr.fr/feuille-de-match/2021-2022/j1/9743-paris-racing-92,0
2021-2022,1,9744,Stade Mayol,RC Toulon,Montpellier Hérault Rugby,https://top14.lnr.fr/feuille-de-match/2021-2022/j1/9744-toulon-montpellier,0
2021-2022,1,9745,Stade de Gerland,LOU Rugby,ASM Clermont,https://top14.lnr.fr/feuille-de-match/2021-2022/j1/9745-lyon-clermont,0
2021-2022,1,9746,Stade Marcel-Deflandre,Stade Rochelais,Stade Toulousain,https://top14.lnr.fr/feuille-de-match/2021-2022/j1/9746-la-rochelle-toulouse,0
2021-2022,2,9747,Stade Marcel-Michelin,ASM Clermont,Castres Olympique,https://top14.lnr.fr/feuille-de-match/2021-2022/j2/9747-clermont-castres,0
2021-2022,2,9748,GGL Stadium,Montpellier Hérault Rugby,CA Brive,https://top14.lnr.fr/feuille-de-match/2021-2022/j2/9748-montpellier-brive,0
2021-2022,2,9749,Stade du Hameau,Section Paloise,LOU Rugby,https://top14.lnr.fr/feuille-de-match/2021-2022/j2/9749-pau-lyon,0
2021-2022,2,9750,Stade Aimé-Giral,USA Perpignan,Biarritz Olympique PB,https://top14.lnr.fr/feuille-de-match/2021-2022/j2/9750-perpignan-biarritz,0
2021-2022,2,9751,Stade Chaban-Delmas,Union Bordeaux-Bègles,Stade Français Paris,https://top14.lnr.fr/feuille-de-match/2021-2022/j2/9751-bordeaux-begles-paris,0
2021-2022,2,9752,Paris La Défense Arena,Racing 92,Stade Rochelais,https://top14.lnr.fr/feuille-de-match/2021-2022/j2/9752-racing-92-la-rochelle,0
2021-2022,2,9753,Stade Ernest-Wallon,Stade Toulousain,RC Toulon,https://top14.lnr.fr/feuille-de-match/2021-2022/j2/9753-toulouse-toulon,0
2021-2022,3,9754,Stade d'Aguiléra,Biarritz Olympique PB,Racing 92,https://top14.lnr.fr/feuille-de-match/2021-2022/j3/9754-biarritz-racing-92,0
2021-2022,3,9755,Stade Amédée-Domenech,CA Brive,Section Paloise,https://top14.lnr.fr/feuille-de-match/2021-2022/j3/9755-brive-pau,0
2021-2022,3,9756,Stade Pierre-Fabre,Castres Olympique,Union Bordeaux-Bègles,https://top14.lnr.fr/feuille-de-match/2021-2022/j3/9756-castres-bordeaux-begles,0
2021-2022,3,9757,Stade de Gerland,LOU Rugby,USA Perpignan,https://top14.lnr.fr/feuille-de-match/2021-2022/j3/9757-lyon-perpignan,0
2021-2022,3,9758,GGL Stadium,Montpellier Hérault Rugby,Stade Toulousain,https://top14.lnr.fr/feuille-de-match/2021-2022/j3/9758-montpellier-toulouse,0
2021-2022,3,9759,Stade Marcel-Michelin,ASM Clermont,Stade Rochelais,https://top14.lnr.fr/feuille-de-match/2021-2022/j3/9759-clermont-la-rochelle,0
2021-2022,3,9760,Stade Mayol,RC Toulon,Stade Français Paris,https://top14.lnr.fr/feuille-de-match/2021-2022/j3/9760-toulon-paris,0
2021-2022,4,9761,Stade Chaban-Delmas,Union Bordeaux-Bègles,CA Brive,https://top14.lnr.fr/feuille-de-match/2021-2022/j4/9761-bordeaux-begles-brive,0
2021-2022,4,9762,Stade du Hameau,Section Paloise,Montpellier Hérault Rugby,https://top14.lnr.fr/feuille-de-match/2021-2022/j4/9762-pau-montpellier,0
2021-2022,4,9763,Stade Jean-Bouin,Stade Français Paris,Castres Olympique,https://top14.lnr.fr/feuille-de-match/2021-2022/j4/9763-paris-castres,0
2021-2022,4,9764,Stade Marcel-Deflandre,Stade Rochelais,Biarritz Olympique PB,https://top14.lnr.fr/feuille-de-match/2021-2022/j4/9764-la-rochelle-biarritz,0
2021-2022,4,9765,Paris La Défense Arena,Racing 92,LOU Rugby,https://top14.lnr.fr/feuille-de-match/2021-2022/j4/9765-racing-92-lyon,0
2021-2022,4,9766,Stade Aimé-Giral,USA Perpignan,RC Toulon,https://top14.lnr.fr/feuille-de-match/2021-2022/j4/9766-perpignan-toulon,0
2021-2022,4,9767,Stade Ernest-Wallon,Stade Toulousain,ASM Clermont,https://top14.lnr.fr/feuille-de-match/2021-2022/j4/9767-toulouse-clermont,0
2021-2022,5,9768,Stade Amédée-Domenech,CA Brive,Stade Français Paris,https://top14.lnr.fr/feuille-de-match/2021-2022/j5/9768-brive-paris,0
2021-2022,5,9769,Stade de Gerland,LOU Rugby,Union Bordeaux-Bègles,https://top14.lnr.fr/feuille-de-match/2021-2022/j5/9769-lyon-bordeaux-begles,0
2021-2022,5,9770,GGL Stadium,Montpellier Hérault Rugby,Stade Rochelais,https://top14.lnr.fr/feuille-de-match/2021-2022/j5/9770-montpellier-la-rochelle,0
2021-2022,5,9771,Stade Aimé-Giral,USA Perpignan,Section Paloise,https://top14.lnr.fr/feuille-de-match/2021-2022/j5/9771-perpignan-pau,0
2021-2022,5,9772,Stade d'Aguiléra,Biarritz Olympique PB,Stade Toulousain,https://top14.lnr.fr/feuille-de-match/2021-2022/j5/9772-biarritz-toulouse,0
2021-2022,5,9773,Stade Pierre-Fabre,Castres Olympique,RC Toulon,https://top14.lnr.fr/feuille-de-match/2021-2022/j5/9773-castres-toulon,0
2021-2022,5,9774,Stade Marcel-Michelin,ASM Clermont,Racing 92,https://top14.lnr.fr/feuille-de-match/2021-2022/j5/9774-clermont-racing-92,0
2021-2022,6,9775,Stade d'Aguiléra,Biarritz Olympique PB,LOU Rugby,https://top14.lnr.fr/feuille-de-match/2021-2022/j6/9775-biarritz-lyon,0
2021-2022,6,9776,Stade Chaban-Delmas,Union Bordeaux-Bègles,Montpellier Hérault Rugby,https://top14.lnr.fr/feuille-de-match/2021-2022/j6/9776-bordeaux-begles-montpellier,0
2021-2022,6,9777,Paris La Défense Arena,Racing 92,USA Perpignan,https://top14.lnr.fr/feuille-de-match/2021-2022/j6/9777-racing-92-perpignan,0
2021-2022,6,9778,Stade Marcel-Deflandre,Stade Rochelais,Castres Olympique,https://top14.lnr.fr/feuille-de-match/2021-2022/j6/9778-la-rochelle-castres,0
2021-2022,6,9779,Stade Ernest-Wallon,Stade Toulousain,Section Paloise,https://top14.lnr.fr/feuille-de-match/2021-2022/j6/9779-toulouse-pau,0
2021-2022,6,9780,Stade Mayol,RC Toulon,CA Brive,https://top14.lnr.fr/feuille-de-match/2021-2022/j6/9780-toulon-brive,0
2021-2022,6,9781,Stade Jean-Bouin,Stade Français Paris,ASM Clermont,https://top14.lnr.fr/feuille-de-match/2021-2022/j6/9781-paris-clermont,0
2021-2022,7,9782,Stade Amédée-Domenech,CA Brive,Stade Rochelais,https://top14.lnr.fr/feuille-de-match/2021-2022/j7/9782-brive-la-rochelle,0
2021-2022,7,9783,Stade Pierre-Fabre,Castres Olympique,Biarritz Olympique PB,https://top14.lnr.fr/feuille-de-match/2021-2022/j7/9783-castres-biarritz,0
2021-2022,7,9784,Stade du Hameau,Section Paloise,Union Bordeaux-Bègles,https://top14.lnr.fr/feuille-de-match/2021-2022/j7/9784-pau-bordeaux-begles,0
2021-2022,7,9785,Stade Aimé-Giral,USA Perpignan,Stade Français Paris,https://top14.lnr.fr/feuille-de-match/2021-2022/j7/9785-perpignan-paris,0
2021-2022,7,9786,GGL Stadium,Montpellier Hérault Rugby,ASM Clermont,https://top14.lnr.fr/feuille-de-match/2021-2022/j7/9786-montpellier-clermont,0
2021-2022,7,9787,Stade Mayol,RC Toulon,Racing 92,https://top14.lnr.fr/feuille-de-match/2021-2022/j7/9787-toulon-racing-92,0
2021-2022,7,9788,Stade de Gerland,LOU Rugby,Stade Toulousain,https://top14.lnr.fr/feuille-de-match/2021-2022/j7/9788-lyon-toulouse,0
2021-2022,8,9789,Stade Marcel-Michelin,ASM Clermont,Section Paloise,https://top14.lnr.fr/feuille-de-match/2021-2022/j8/9789-clermont-pau,0
2021-2022,8,9790,Stade d'Aguiléra,Biarritz Olympique PB,CA Brive,https://top14.lnr.fr/feuille-de-match/2021-2022/j8/9790-biarritz-brive,0
2021-2022,8,9791,Stade Chaban-Delmas,Union Bordeaux-Bègles,USA Perpignan,https://top14.lnr.fr/feuille-de-match/2021-2022/j8/9791-bordeaux-begles-perpignan,0
2021-2022,8,9792,Stade Jean-Bouin,Stade Français Paris,LOU Rugby,https://top14.lnr.fr/feuille-de-match/2021-2022/j8/9792-paris-lyon,0
2021-2022,8,9793,Paris La Défense Arena,Racing 92,Montpellier Hérault Rugby,https://top14.lnr.fr/feuille-de-match/2021-2022/j8/9793-racing-92-montpellier,0
2021-2022,8,9794,Stade Ernest-Wallon,Stade Toulousain,Castres Olympique,https://top14.lnr.fr/feuille-de-match/2021-2022/j8/9794-toulouse-castres,0
2021-2022,8,9795,Stade Marcel-Deflandre,Stade Rochelais,RC Toulon,https://top14.lnr.fr/feuille-de-match/2021-2022/j8/9795-la-rochelle-toulon,0
2021-2022,9,9796,Stade Pierre-Fabre,Castres Olympique,CA Brive,https://top14.lnr.fr/feuille-de-match/2021-2022/j9/9796-castres-brive,0
2021-2022,9,9797,Stade Mayol,RC Toulon,Biarritz Olympique PB,https://top14.lnr.fr/feuille-de-match/2021-2022/j9/9797-toulon-biarritz,0
2021-2022,9,9798,Stade du Hameau,Section Paloise,Stade Français Paris,https://top14.lnr.fr/feuille-de-match/2021-2022/j9/9798-pau-paris,0
2021-2022,9,9799,Stade Aimé-Giral,USA Perpignan,Stade Rochelais,https://top14.lnr.fr/feuille-de-match/2021-2022/j9/9799-perpignan-la-rochelle,0
2021-2022,9,9800,GGL Stadium,Montpellier Hérault Rugby,LOU Rugby,https://top14.lnr.fr/feuille-de-match/2021-2022/j9/9800-montpellier-lyon,0
2021-2022,9,9801,Stade Chaban-Delmas,Union Bordeaux-Bègles,ASM Clermont,https://top14.lnr.fr/feuille-de-match/2021-2022/j9/9801-bordeaux-begles-clermont,0
2021-2022,9,9802,Paris La Défense Arena,Racing 92,Stade Toulousain,https://top14.lnr.fr/feuille-de-match/2021-2022/j9/9802-racing-92-toulouse,0
2021-2022,10,9803,Stade Marcel-Deflandre,Stade Rochelais,Union Bordeaux-Bègles,https://top14.lnr.fr/feuille-de-match/2021-2022/j10/9803-la-rochelle-bordeaux-begles,0
2021-2022,10,9804,Stade de Gerland,LOU Rugby,Castres Olympique,https://top14.lnr.fr/feuille-de-match/2021-2022/j10/9804-lyon-castres,0
2021-2022,10,9805,Stade du Hameau,Section Paloise,Biarritz Olympique PB,https://top14.lnr.fr/feuille-de-match/2021-2022/j10/9805-pau-biarritz,0
2021-2022,10,9806,Stade Jean-Bouin,Stade Français Paris,Montpellier Hérault Rugby,https://top14.lnr.fr/feuille-de-match/2021-2022/j10/9806-paris-montpellier,0
2021-2022,10,9807,Stade Ernest-Wallon,Stade Toulousain,USA Perpignan,https://top14.lnr.fr/feuille-de-match/2021-2022/j10/9807-toulouse-perpignan,0
2021-2022,10,9808,Stade Amédée-Domenech,CA Brive,Racing 92,https://top14.lnr.fr/feuille-de-match/2021-2022/j10/9808-brive-racing-92,0
2021-2022,10,9809,Stade Marcel-Michelin,ASM Clermont,RC Toulon,https://top14.lnr.fr/feuille-de-match/2021-2022/j10/9809-clermont-toulon,0
2021-2022,11,9810,Stade d'Aguiléra,Biarritz Olympique PB,Stade Français Paris,https://top14.lnr.fr/feuille-de-match/2021-2022/j11/9810-biarritz-paris,0
2021-2022,11,9811,GGL Stadium,Montpellier Hérault Rugby,Castres Olympique,https://top14.lnr.fr/feuille-de-match/2021-2022/j11/9811-montpellier-castres,0
2021-2022,11,9812,Stade Marcel-Deflandre,Stade Rochelais,Section Paloise,https://top14.lnr.fr/feuille-de-match/2021-2022/j11/9812-la-rochelle-pau,0
2021-2022,11,9813,Stade Aimé-Giral,USA Perpignan,ASM Clermont,https://top14.lnr.fr/feuille-de-match/2021-2022/j11/9813-perpignan-clermont,0
2021-2022,11,9814,Stade Mayol,RC Toulon,LOU Rugby,https://top14.lnr.fr/feuille-de-match/2021-2022/j11/9814-toulon-lyon,0
2021-2022,11,9815,Stade Ernest-Wallon,Stade Toulousain,CA Brive,https://top14.lnr.fr/feuille-de-match/2021-2022/j11/9815-toulouse-brive,0
2021-2022,11,9816,Paris La Défense Arena,Racing 92,Union Bordeaux-Bègles,https://top14.lnr.fr/feuille-de-match/2021-2022/j11/9816-racing-92-bordeaux-begles,0
2021-2022,12,9817,Stade Marcel-Michelin,ASM Clermont,Biarritz Olympique PB,https://top14.lnr.fr/feuille-de-match/2021-2022/j12/9817-clermont-biarritz,0
2021-2022,12,9818,Stade Pierre-Fabre,Castres Olympique,Racing 92,https://top14.lnr.fr/feuille-de-match/2021-2022/j12/9818-castres-racing-92,0
2021-2022,12,9819,Stade de Gerland,LOU Rugby,CA Brive,https://top14.lnr.fr/feuille-de-match/2021-2022/j12/9819-lyon-brive,0
2021-2022,12,9820,GGL Stadium,Montpellier Hérault Rugby,USA Perpignan,https://top14.lnr.fr/feuille-de-match/2021-2022/j12/9820-montpellier-perpignan,0
2021-2022,12,9821,Stade du Hameau,Section Paloise,RC Toulon,https://top14.lnr.fr/feuille-de-match/2021-2022/j12/9821-pau-toulon,0
2021-2022,12,9822,Stade Chaban-Delmas,Union Bordeaux-Bègles,Stade Toulousain,https://top14.lnr.fr/feuille-de-match/2021-2022/j12/9822-bordeaux-begles-toulouse,0
2021-2022,12,9823,Stade Jean-Bouin,Stade Français Paris,Stade Rochelais,https://top14.lnr.fr/feuille-de-match/2021-2022/j12/9823-paris-la-rochelle,0
2021-2022,13,9824,Stade Aimé-Giral,USA Perpignan,Castres Olympique,https://top14.lnr.fr/feuille-de-match/2021-2022/j13/9824-perpignan-castres,0
2021-2022,13,9825,Stade d'Aguiléra,Biarritz Olympique PB,Montpellier Hérault Rugby,https://top14.lnr.fr/feuille-de-match/2021-2022/j13/9825-biarritz-montpellier,0
2021-2022,13,9826,Stade Marcel-Deflandre,Stade Rochelais,LOU Rugby,https://top14.lnr.fr/feuille-de-match/2021-2022/j13/9826-la-rochelle-lyon,0
2021-2022,13,9827,Stade Ernest-Wallon,Stade Toulousain,Stade Français Paris,https://top14.lnr.fr/feuille-de-match/2021-2022/j13/9827-toulouse-paris,0
2021-2022,13,9828,Paris La Défense Arena,Racing 92,Section Paloise,https://top14.lnr.fr/feuille-de-match/2021-2022/j13/9828-racing-92-pau,0
2021-2022,13,9829,Stade Amédée-Domenech,CA Brive,ASM Clermont,https://top14.lnr.fr/feuille-de-match/2021-2022/j13/9829-brive-clermont,0
2021-2022,13,9830,Stade Mayol,RC Toulon,Union Bordeaux-Bègles,https://top14.lnr.fr/feuille-de-match/2021-2022/j13/9830-toulon-bordeaux-begles,0
2021-2022,14,9831,Stade Jean-Bouin,Stade Français Paris,USA Perpignan,https://top14.lnr.fr/feuille-de-match/2021-2022/j14/9831-paris-perpignan,0
2021-2022,14,9832,Stade Marcel-Michelin,ASM Clermont,Stade Toulousain,https://top14.lnr.fr/feuille-de-match/2021-2022/j14/9832-clermont-toulouse,0
2021-2022,14,9833,Stade du Hameau,Section Paloise,CA Brive,https://top14.lnr.fr/feuille-de-match/2021-2022/j14/9833-pau-brive,0
2021-2022,14,9834,Stade Chaban-Delmas,Union Bordeaux-Bègles,Biarritz Olympique PB,https://top14.lnr.fr/feuille-de-match/2021-2022/j14/9834-bordeaux-begles-biarritz,0
2021-2022,14,9835,Stade Pierre-Fabre,Castres Olympique,Stade Rochelais,https://top14.lnr.fr/feuille-de-match/2021-2022/j14/9835-castres-la-rochelle,0
2021-2022,14,9836,Stade de Gerland,LOU Rugby,Racing 92,https://top14.lnr.fr/feuille-de-match/2021-2022/j14/9836-lyon-racing-92,0
2021-2022,14,9837,GGL Stadium,Montpellier Hérault Rugby,RC Toulon,https://top14.lnr.fr/feuille-de-match/2021-2022/j14/9837-montpellier-toulon,0
2021-2022,15,9838,Stade Pierre-Fabre,Castres Olympique,Stade Français Paris,https://top14.lnr.fr/feuille-de-match/2021-2022/j15/9838-castres-paris,0
2021-2022,15,9839,Stade d'Aguiléra,Biarritz Olympique PB,USA Perpignan,https://top14.lnr.fr/feuille-de-match/2021-2022/j15/9839-biarritz-perpignan,0
2021-2022,15,9840,Stade Amédée-Domenech,CA Brive,Union Bordeaux-Bègles,https://top14.lnr.fr/feuille-de-match/2021-2022/j15/9840-brive-bordeaux-begles,0
2021-2022,15,9841,Stade de Gerland,LOU Rugby,Section Paloise,https://top14.lnr.fr/feuille-de-match/2021-2022/j15/9841-lyon-pau,0
2021-2022,15,9842,Paris La Défense Arena,Racing 92,ASM Clermont,https://top14.lnr.fr/feuille-de-match/2021-2022/j15/9842-racing-92-clermont,0
2021-2022,15,9843,Stade Mayol,RC Toulon,Stade Rochelais,https://top14.lnr.fr/feuille-de-match/2021-2022/j15/9843-toulon-la-rochelle,0
2021-2022,15,9844,Stade Ernest-Wallon,Stade Toulousain,Montpellier Hérault Rugby,https://top14.lnr.fr/feuille-de-match/2021-2022/j15/9844-toulouse-montpellier,0
2021-2022,16,9845,Stade Chaban-Delmas,Union Bordeaux-Bègles,Castres Olympique,https://top14.lnr.fr/feuille-de-match/2021-2022/j16/9845-bordeaux-begles-castres,0
2021-2022,16,9846,Stade Amédée-Domenech,CA Brive,Biarritz Olympique PB,https://top14.lnr.fr/feuille-de-match/2021-2022/j16/9846-brive-biarritz,0
2021-2022,16,9847,Stade Marcel-Deflandre,Stade Rochelais,Montpellier Hérault Rugby,https://top14.lnr.fr/feuille-de-match/2021-2022/j16/9847-la-rochelle-montpellier,0
2021-2022,16,9848,Stade Aimé-Giral,USA Perpignan,LOU Rugby,https://top14.lnr.fr/feuille-de-match/2021-2022/j16/9848-perpignan-lyon,0
2021-2022,16,9849,Stade Ernest-Wallon,Stade Toulousain,Racing 92,https://top14.lnr.fr/feuille-de-match/2021-2022/j16/9849-toulouse-racing-92,0
2021-2022,16,9850,Stade du Hameau,Section Paloise,ASM Clermont,https://top14.lnr.fr/feuille-de-match/2021-2022/j16/9850-pau-clermont,0
2021-2022,16,9851,Stade Jean-Bouin,Stade Français Paris,RC Toulon,https://top14.lnr.fr/feuille-de-match/2021-2022/j16/9851-paris-toulon,0
2021-2022,17,9852,Stade Aimé-Giral,USA Perpignan,Stade Toulousain,https://top14.lnr.fr/feuille-de-match/2021-2022/j17/9852-perpignan-toulouse,0
2021-2022,17,9853,Stade de Gerland,LOU Rugby,Stade Français Paris,https://top14.lnr.fr/feuille-de-match/2021-2022/j17/9853-lyon-paris,0
2021-2022,17,9854,GGL Stadium,Montpellier Hérault Rugby,Section Paloise,https://top14.lnr.fr/feuille-de-match/2021-2022/j17/9854-montpellier-pau,0
2021-2022,17,9855,Paris La Défense Arena,Racing 92,CA Brive,https://top14.lnr.fr/feuille-de-match/2021-2022/j17/9855-racing-92-brive,0
2021-2022,17,9856,Stade Mayol,RC Toulon,Castres Olympique,https://top14.lnr.fr/feuille-de-match/2021-2022/j17/9856-toulon-castres,0
2021-2022,17,9857,Stade d'Aguiléra,Biarritz Olympique PB,Stade Rochelais,https://top14.lnr.fr/feuille-de-match/2021-2022/j17/9857-biarritz-la-rochelle,0
2021-2022,17,9858,Stade Marcel-Michelin,ASM Clermont,Union Bordeaux-Bègles,https://top14.lnr.fr/feuille-de-match/2021-2022/j17/9858-clermont-bordeaux-begles,0
2021-2022,18,9859,Stade du Hameau,Section Paloise,Stade Toulousain,https://top14.lnr.fr/feuille-de-match/2021-2022/j18/9859-pau-toulouse,0
2021-2022,18,9860,Stade Amédée-Domenech,CA Brive,Montpellier Hérault Rugby,https://top14.lnr.fr/feuille-de-match/2021-2022/j18/9860-brive-montpellier,0
2021-2022,18,9861,Stade Pierre-Fabre,Castres Olympique,LOU Rugby,https://top14.lnr.fr/feuille-de-match/2021-2022/j18/9861-castres-lyon,0
2021-2022,18,9862,Stade Mayol,RC Toulon,USA Perpignan,https://top14.lnr.fr/feuille-de-match/2021-2022/j18/9862-toulon-perpignan,0
2021-2022,18,9863,Stade Jean-Bouin,Stade Français Paris,Biarritz Olympique PB,https://top14.lnr.fr/feuille-de-match/2021-2022/j18/9863-paris-biarritz,0
2021-2022,18,9864,Stade Marcel-Deflandre,Stade Rochelais,ASM Clermont,https://top14.lnr.fr/feuille-de-match/2021-2022/j18/9864-la-rochelle-clermont,0
2021-2022,18,9865,Stade Chaban-Delmas,Union Bordeaux-Bègles,Racing 92,https://top14.lnr.fr/feuille-de-match/2021-2022/j18/9865-bordeaux-begles-racing-92,0
2021-2022,19,9866,Stade Marcel-Michelin,ASM Clermont,USA Perpignan,https://top14.lnr.fr/feuille-de-match/2021-2022/j19/9866-clermont-perpignan,0
2021-2022,19,9867,Stade de Gerland,LOU Rugby,Biarritz Olympique PB,https://top14.lnr.fr/feuille-de-match/2021-2022/j19/9867-lyon-biarritz,0
2021-2022,19,9868,Paris La Défense Arena,Racing 92,Castres Olympique,https://top14.lnr.fr/feuille-de-match/2021-2022/j19/9868-racing-92-castres,0
2021-2022,19,9869,Stade du Hameau,Section Paloise,Stade Rochelais,https://top14.lnr.fr/feuille-de-match/2021-2022/j19/9869-pau-la-rochelle,0
2021-2022,19,9870,Stade Amédée-Domenech,CA Brive,RC Toulon,https://top14.lnr.fr/feuille-de-match/2021-2022/j19/9870-brive-toulon,0
2021-2022,19,9871,GGL Stadium,Montpellier Hérault Rugby,Stade Français Paris,https://top14.lnr.fr/feuille-de-match/2021-2022/j19/9871-montpellier-paris,0
2021-2022,19,9872,Stade Ernest-Wallon,Stade Toulousain,Union Bordeaux-Bègles,https://top14.lnr.fr/feuille-de-match/2021-2022/j19/9872-toulouse-bordeaux-begles,0
2021-2022,20,9873,Stade Pierre-Fabre,Castres Olympique,Montpellier Hérault Rugby,https://top14.lnr.fr/feuille-de-match/2021-2022/j20/9873-castres-montpellier,0
2021-2022,20,9874,Stade d'Aguiléra,Biarritz Olympique PB,RC Toulon,https://top14.lnr.fr/feuille-de-match/2021-2022/j20/9874-biarritz-toulon,0
2021-2022,20,9875,Stade Chaban-Delmas,Union Bordeaux-Bègles,Section Paloise,https://top14.lnr.fr/feuille-de-match/2021-2022/j20/9875-bordeaux-begles-pau,0
2021-2022,20,9876,Stade Marcel-Deflandre,Stade Rochelais,CA Brive,https://top14.lnr.fr/feuille-de-match/2021-2022/j20/9876-la-rochelle-brive,0
2021-2022,20,9877,Stade Aimé-Giral,USA Perpignan,Racing 92,https://top14.lnr.fr/feuille-de-match/2021-2022/j20/9877-perpignan-racing-92,0
2021-2022,20,9878,Stade Marcel-Michelin,ASM Clermont,LOU Rugby,https://top14.lnr.fr/feuille-de-match/2021-2022/j20/9878-clermont-lyon,0
2021-2022,20,9879,Stade Jean-Bouin,Stade Français Paris,Stade Toulousain,https://top14.lnr.fr/feuille-de-match/2021-2022/j20/9879-paris-toulouse,0
2021-2022,21,9880,Stade Mayol,RC Toulon,ASM Clermont,https://top14.lnr.fr/feuille-de-match/2021-2022/j21/9880-toulon-clermont,0
2021-2022,21,9881,Stade Amédée-Domenech,CA Brive,Castres Olympique,https://top14.lnr.fr/feuille-de-match/2021-2022/j21/9881-brive-castres,0
2021-2022,21,9882,GGL Stadium,Montpellier Hérault Rugby,Biarritz Olympique PB,https://top14.lnr.fr/feuille-de-match/2021-2022/j21/9882-montpellier-biarritz,0
2021-2022,21,9883,Stade du Hameau,Section Paloise,USA Perpignan,https://top14.lnr.fr/feuille-de-match/2021-2022/j21/9883-pau-perpignan,0
2021-2022,21,9884,Stade Marcel-Deflandre,Stade Rochelais,Racing 92,https://top14.lnr.fr/feuille-de-match/2021-2022/j21/9884-la-rochelle-racing-92,0
2021-2022,21,9885,Stade Jean-Bouin,Stade Français Paris,Union Bordeaux-Bègles,https://top14.lnr.fr/feuille-de-match/2021-2022/j21/9885-paris-bordeaux-begles,0
2021-2022,21,9886,Stade Ernest-Wallon,Stade Toulousain,LOU Rugby,https://top14.lnr.fr/feuille-de-match/2021-2022/j21/9886-toulouse-lyon,0
2021-2022,22,9887,Stade Pierre-Fabre,Castres Olympique,Stade Toulousain,https://top14.lnr.fr/feuille-de-match/2021-2022/j22/9887-castres-toulouse,0
2021-2022,22,9888,Stade Marcel-Michelin,ASM Clermont,CA Brive,https://top14.lnr.fr/feuille-de-match/2021-2022/j22/9888-clermont-brive,0
2021-2022,22,9889,Stade d'Aguiléra,Biarritz Olympique PB,Section Paloise,https://top14.lnr.fr/feuille-de-match/2021-2022/j22/9889-biarritz-pau,0
2021-2022,22,9890,Stade de Gerland,LOU Rugby,RC Toulon,https://top14.lnr.fr/feuille-de-match/2021-2022/j22/9890-lyon-toulon,0
2021-2022,22,9891,Stade Aimé-Giral,USA Perpignan,Montpellier Hérault Rugby,https://top14.lnr.fr/feuille-de-match/2021-2022/j22/9891-perpignan-montpellier,0
2021-2022,22,9892,Stade Chaban-Delmas,Union Bordeaux-Bègles,Stade Rochelais,https://top14.lnr.fr/feuille-de-match/2021-2022/j22/9892-bordeaux-begles-la-rochelle,0
2021-2022,22,9893,Paris La Défense Arena,Racing 92,Stade Français Paris,https://top14.lnr.fr/feuille-de-match/2021-2022/j22/9893-racing-92-paris,0
2021-2022,23,9894,Stade Pierre-Fabre,Castres Olympique,ASM Clermont,https://top14.lnr.fr/feuille-de-match/2021-2022/j23/9894-castres-clermont,0
2021-2022,23,9895,Stade Jean-Bouin,Stade Français Paris,Section Paloise,https://top14.lnr.fr/feuille-de-match/2021-2022/j23/9895-paris-pau,0
2021-2022,23,9896,Stade Amédée-Domenech,CA Brive,LOU Rugby,https://top14.lnr.fr/feuille-de-match/2021-2022/j23/9896-brive-lyon,0
2021-2022,23,9897,Paris La Défense Arena,Racing 92,Biarritz Olympique PB,https://top14.lnr.fr/feuille-de-match/2021-2022/j23/9897-racing-92-biarritz,0
2021-2022,23,9898,Stade Marcel-Deflandre,Stade Rochelais,USA Perpignan,https://top14.lnr.fr/feuille-de-match/2021-2022/j23/9898-la-rochelle-perpignan,0
2021-2022,23,9899,Stade Mayol,RC Toulon,Stade Toulousain,https://top14.lnr.fr/feuille-de-match/2021-2022/j23/9899-toulon-toulouse,0
2021-2022,23,9900,GGL Stadium,Montpellier Hérault Rugby,Union Bordeaux-Bègles,https://top14.lnr.fr/feuille-de-match/2021-2022/j23/9900-montpellier-bordeaux-begles,0
2021-2022,24,9901,Stade de Gerland,LOU Rugby,Montpellier Hérault Rugby,https://top14.lnr.fr/feuille-de-match/2021-2022/j24/9901-lyon-montpellier,0
2021-2022,24,9902,Stade Marcel-Michelin,ASM Clermont,Stade Français Paris,https://top14.lnr.fr/feuille-de-match/2021-2022/j24/9902-clermont-paris,0
2021-2022,24,9903,Stade d'Aguiléra,Biarritz Olympique PB,Castres Olympique,https://top14.lnr.fr/feuille-de-match/2021-2022/j24/9903-biarritz-castres,0
2021-2022,24,9904,Stade du Hameau,Section Paloise,Racing 92,https://top14.lnr.fr/feuille-de-match/2021-2022/j24/9904-pau-racing-92,0
2021-2022,24,9905,Stade Aimé-Giral,USA Perpignan,CA Brive,https://top14.lnr.fr/feuille-de-match/2021-2022/j24/9905-perpignan-brive,0
2021-2022,24,9906,Stade Ernest-Wallon,Stade Toulousain,Stade Rochelais,https://top14.lnr.fr/feuille-de-match/2021-2022/j24/9906-toulouse-la-rochelle,0
2021-2022,24,9907,Stade Chaban-Delmas,Union Bordeaux-Bègles,RC Toulon,https://top14.lnr.fr/feuille-de-match/2021-2022/j24/9907-bordeaux-begles-toulon,0
2021-2022,25,9908,Stade Chaban-Delmas,Union Bordeaux-Bègles,LOU Rugby,https://top14.lnr.fr/feuille-de-match/2021-2022/j25/9908-bordeaux-begles-lyon,0
2021-2022,25,9909,Stade d'Aguiléra,Biarritz Olympique PB,ASM Clermont,https://top14.lnr.fr/feuille-de-match/2021-2022/j25/9909-biarritz-clermont,0
2021-2022,25,9910,GGL Stadium,Montpellier Hérault Rugby,Racing 92,https://top14.lnr.fr/feuille-de-match/2021-2022/j25/9910-montpellier-racing-92,0
2021-2022,25,9911,Stade Mayol,RC Toulon,Section Paloise,https://top14.lnr.fr/feuille-de-match/2021-2022/j25/9911-toulon-pau,0
2021-2022,25,9912,Stade Marcel-Deflandre,Stade Rochelais,Stade Français Paris,https://top14.lnr.fr/feuille-de-match/2021-2022/j25/9912-la-rochelle-paris,0
2021-2022,25,9913,Stade Amédée-Domenech,CA Brive,Stade Toulousain,https://top14.lnr.fr/feuille-de-match/2021-2022/j25/9913-brive-toulouse,0
2021-2022,25,9914,Stade Pierre-Fabre,Castres Olympique,USA Perpignan,https://top14.lnr.fr/feuille-de-match/2021-2022/j25/9914-castres-perpignan,0
2021-2022,26,9915,Stade Marcel-Michelin,ASM Clermont,Montpellier Hérault Rugby,https://top14.lnr.fr/feuille-de-match/2021-2022/j26/9915-clermont-montpellier,0
2021-2022,26,9916,Stade de Gerland,LOU Rugby,Stade Rochelais,https://top14.lnr.fr/feuille-de-match/2021-2022/j26/9916-lyon-la-rochelle,0
2021-2022,26,9917,Paris La Défense Arena,Racing 92,RC Toulon,https://top14.lnr.fr/feuille-de-match/2021-2022/j26/9917-racing-92-toulon,0
2021-2022,26,9918,Stade du Hameau,Section Paloise,Castres Olympique,https://top14.lnr.fr/feuille-de-match/2021-2022/j26/9918-pau-castres,0
2021-2022,26,9919,Stade Jean-Bouin,Stade Français Paris,CA Brive,https://top14.lnr.fr/feuille-de-match/2021-2022/j26/9919-paris-brive,0
2021-2022,26,9920,Stade Ernest-Wallon,Stade Toulousain,Biarritz Olympique PB,https://top14.lnr.fr/feuille-de-match/2021-2022/j26/9920-toulouse-biarritz,0
2021-2022,26,9921,Stade Aimé-Giral,USA Perpignan,Union Bordeaux-Bègles,https://top14.lnr.fr/feuille-de-match/2021-2022/j26/9921-perpignan-bordeaux-begles,0
2022-2023,1,1,Paris La Défense Arena,Racing 92,Castres Olympique,https://top14.lnr.fr/feuille-de-match/2022-2023/j1/1-racing-92-castres,0
2022-2023,1,2,Stade Amédée-Domenech,CA Brive,LOU Rugby,https://top14.lnr.fr/feuille-de-match/2022-2023/j1/2-brive-lyon,0
2022-2023,1,3,Stade Mayol,RC Toulon,Aviron Bayonnais,https://top14.lnr.fr/feuille-de-match/2022-2023/j1/3-toulon-bayonne,0
2022-2023,1,4,Stade du Hameau,Section Paloise,USA Perpignan,https://top14.lnr.fr/feuille-de-match/2022-2023/j1/4-pau-perpignan,0
2022-2023,1,5,Stade Jean-Bouin,Stade Français Paris,ASM Clermont,https://top14.lnr.fr/feuille-de-match/2022-2023/j1/5-paris-clermont,0
2022-2023,1,6,Stade Marcel-Deflandre,Stade Rochelais,Montpellier Hérault Rugby,https://top14.lnr.fr/feuille-de-match/2022-2023/j1/6-la-rochelle-montpellier,0
2022-2023,1,7,Stade Chaban-Delmas,Union Bordeaux-Bègles,Stade Toulousain,https://top14.lnr.fr/feuille-de-match/2022-2023/j1/7-bordeaux-begles-toulouse,0
2022-2023,2,8,Stade de Gerland,LOU Rugby,Stade Rochelais,https://top14.lnr.fr/feuille-de-match/2022-2023/j2/8-lyon-la-rochelle,0
2022-2023,2,9,Stade Marcel-Michelin,ASM Clermont,Section Paloise,https://top14.lnr.fr/feuille-de-match/2022-2023/j2/9-clermont-pau,0
2022-2023,2,10,Stade Jean-Dauger,Aviron Bayonnais,Racing 92,https://top14.lnr.fr/feuille-de-match/2022-2023/j2/10-bayonne-racing-92,0
2022-2023,2,11,Stade Pierre-Fabre,Castres Olympique,Stade Français Paris,https://top14.lnr.fr/feuille-de-match/2022-2023/j2/11-castres-paris,0
2022-2023,2,12,Stade Aimé-Giral,USA Perpignan,CA Brive,https://top14.lnr.fr/feuille-de-match/2022-2023/j2/12-perpignan-brive,0
2022-2023,2,13,GGL Stadium,Montpellier Hérault Rugby,Union Bordeaux-Bègles,https://top14.lnr.fr/feuille-de-match/2022-2023/j2/13-montpellier-bordeaux-begles,0
2022-2023,2,14,Stade Ernest-Wallon,Stade Toulousain,RC Toulon,https://top14.lnr.fr/feuille-de-match/2022-2023/j2/14-toulouse-toulon,0
2022-2023,3,15,Stade Chaban-Delmas,Union Bordeaux-Bègles,Castres Olympique,https://top14.lnr.fr/feuille-de-match/2022-2023/j3/15-bordeaux-begles-castres,0
2022-2023,3,16,Stade Amédée-Domenech,CA Brive,Montpellier Hérault Rugby,https://top14.lnr.fr/feuille-de-match/2022-2023/j3/16-brive-montpellier,0
2022-2023,3,17,Paris La Défense Arena,Racing 92,LOU Rugby,https://top14.lnr.fr/feuille-de-match/2022-2023/j3/17-racing-92-lyon,0
2022-2023,3,18,Stade Jean-Bouin,Stade Français Paris,Aviron Bayonnais,https://top14.lnr.fr/feuille-de-match/2022-2023/j3/18-paris-bayonne,0
2022-2023,3,19,Stade Marcel-Deflandre,Stade Rochelais,USA Perpignan,https://top14.lnr.fr/feuille-de-match/2022-2023/j3/19-la-rochelle-perpignan,0
2022-2023,3,20,Stade du Hameau,Section Paloise,Stade Toulousain,https://top14.lnr.fr/feuille-de-match/2022-2023/j3/20-pau-toulouse,0
2022-2023,3,21,Stade Mayol,RC Toulon,ASM Clermont,https://top14.lnr.fr/feuille-de-match/2022-2023/j3/21-toulon-clermont,0
2022-2023,4,22,Stade Aimé-Giral,USA Perpignan,RC Toulon,https://top14.lnr.fr/feuille-de-match/2022-2023/j4/22-perpignan-toulon,0
2022-2023,4,23,Stade Jean-Dauger,Aviron Bayonnais,Union Bordeaux-Bègles,https://top14.lnr.fr/feuille-de-match/2022-2023/j4/23-bayonne-bordeaux-begles,0
2022-2023,4,24,Stade Pierre-Fabre,Castres Olympique,CA Brive,https://top14.lnr.fr/feuille-de-match/2022-2023/j4/24-castres-brive,0
2022-2023,4,25,Stade de Gerland,LOU Rugby,Stade Français Paris,https://top14.lnr.fr/feuille-de-match/2022-2023/j4/25-lyon-paris,0
2022-2023,4,26,GGL Stadium,Montpellier Hérault Rugby,Section Paloise,https://top14.lnr.fr/feuille-de-match/2022-2023/j4/26-montpellier-pau,0
2022-2023,4,27,Stade Ernest-Wallon,Stade Toulousain,Racing 92,https://top14.lnr.fr/feuille-de-match/2022-2023/j4/27-toulouse-racing-92,0
2022-2023,4,28,Stade Marcel-Michelin,ASM Clermont,Stade Rochelais,https://top14.lnr.fr/feuille-de-match/2022-2023/j4/28-clermont-la-rochelle,0
2022-2023,5,29,Stade Chaban-Delmas,Union Bordeaux-Bègles,Stade Français Paris,https://top14.lnr.fr/feuille-de-match/2022-2023/j5/29-bordeaux-begles-paris,0
2022-2023,5,30,Stade Marcel-Michelin,ASM Clermont,LOU Rugby,https://top14.lnr.fr/feuille-de-match/2022-2023/j5/30-clermont-lyon,0
2022-2023,5,31,Stade Amédée-Domenech,CA Brive,Aviron Bayonnais,https://top14.lnr.fr/feuille-de-match/2022-2023/j5/31-brive-bayonne,0
2022-2023,5,32,Stade du Hameau,Section Paloise,RC Toulon,https://top14.lnr.fr/feuille-de-match/2022-2023/j5/32-pau-toulon,0
2022-2023,5,33,Stade Aimé-Giral,USA Perpignan,Castres Olympique,https://top14.lnr.fr/feuille-de-match/2022-2023/j5/33-perpignan-castres,0
2022-2023,5,34,Stade Marcel-Deflandre,Stade Rochelais,Racing 92,https://top14.lnr.fr/feuille-de-match/2022-2023/j5/34-la-rochelle-racing-92,0
2022-2023,5,35,GGL Stadium,Montpellier Hérault Rugby,Stade Toulousain,https://top14.lnr.fr/feuille-de-match/2022-2023/j5/35-montpellier-toulouse,0
2022-2023,6,36,Stade Pierre-Fabre,Castres Olympique,Montpellier Hérault Rugby,https://top14.lnr.fr/feuille-de-match/2022-2023/j6/36-castres-montpellier,0
2022-2023,6,37,Stade Jean-Dauger,Aviron Bayonnais,Stade Rochelais,https://top14.lnr.fr/feuille-de-match/2022-2023/j6/37-bayonne-la-rochelle,0
2022-2023,6,38,Paris La Défense Arena,Racing 92,Section Paloise,https://top14.lnr.fr/feuille-de-match/2022-2023/j6/38-racing-92-pau,0
2022-2023,6,39,Stade Mayol,RC Toulon,CA Brive,https://top14.lnr.fr/feuille-de-match/2022-2023/j6/39-toulon-brive,0
2022-2023,6,40,Stade Jean-Bouin,Stade Français Paris,USA Perpignan,https://top14.lnr.fr/feuille-de-match/2022-2023/j6/40-paris-perpignan,0
2022-2023,6,41,Stade Ernest-Wallon,Stade Toulousain,ASM Clermont,https://top14.lnr.fr/feuille-de-match/2022-2023/j6/41-toulouse-clermont,0
2022-2023,6,42,Stade de Gerland,LOU Rugby,Union Bordeaux-Bègles,https://top14.lnr.fr/feuille-de-match/2022-2023/j6/42-lyon-bordeaux-begles,0
2022-2023,7,43,Stade Amédée-Domenech,CA Brive,Stade Toulousain,https://top14.lnr.fr/feuille-de-match/2022-2023/j7/43-brive-toulouse,0
2022-2023,7,44,Stade Pierre-Fabre,Castres Olympique,Aviron Bayonnais,https://top14.lnr.fr/feuille-de-match/2022-2023/j7/44-castres-bayonne,0
2022-2023,7,45,GGL Stadium,Montpellier Hérault Rugby,LOU Rugby,https://top14.lnr.fr/feuille-de-match/2022-2023/j7/45-montpellier-lyon,0
2022-2023,7,46,Stade du Hameau,Section Paloise,Stade Français Paris,https://top14.lnr.fr/feuille-de-match/2022-2023/j7/46-pau-paris,0
2022-2023,7,47,Stade Aimé-Giral,USA Perpignan,ASM Clermont,https://top14.lnr.fr/feuille-de-match/2022-2023/j7/47-perpignan-clermont,0
2022-2023,7,48,Stade Chaban-Delmas,Union Bordeaux-Bègles,Racing 92,https://top14.lnr.fr/feuille-de-match/2022-2023/j7/48-bordeaux-begles-racing-92,0
2022-2023,7,49,Stade Marcel-Deflandre,Stade Rochelais,RC Toulon,https://top14.lnr.fr/feuille-de-match/2022-2023/j7/49-la-rochelle-toulon,0
2022-2023,8,50,Paris La Défense Arena,Racing 92,Montpellier Hérault Rugby,https://top14.lnr.fr/feuille-de-match/2022-2023/j8/50-racing-92-montpellier,0
2022-2023,8,51,Stade Jean-Dauger,Aviron Bayonnais,USA Perpignan,https://top14.lnr.fr/feuille-de-match/2022-2023/j8/51-bayonne-perpignan,0
2022-2023,8,52,Stade de Gerland,LOU Rugby,Section Paloise,https://top14.lnr.fr/feuille-de-match/2022-2023/j8/52-lyon-pau,0
2022-2023,8,53,Stade Mayol,RC Toulon,Castres Olympique,https://top14.lnr.fr/feuille-de-match/2022-2023/j8/53-toulon-castres,0
2022-2023,8,54,Stade Jean-Bouin,Stade Français Paris,CA Brive,https://top14.lnr.fr/feuille-de-match/2022-2023/j8/54-paris-brive,0
2022-2023,8,55,Stade Marcel-Michelin,ASM Clermont,Union Bordeaux-Bègles,https://top14.lnr.fr/feuille-de-match/2022-2023/j8/55-clermont-bordeaux-begles,0
2022-2023,8,56,Stade Ernest-Wallon,Stade Toulousain,Stade Rochelais,https://top14.lnr.fr/feuille-de-match/2022-2023/j8/56-toulouse-la-rochelle,0
2022-2023,9,57,Stade Pierre-Fabre,Castres Olympique,ASM Clermont,https://top14.lnr.fr/feuille-de-match/2022-2023/j9/57-castres-clermont,0
2022-2023,9,58,Stade Amédée-Domenech,CA Brive,Racing 92,https://top14.lnr.fr/feuille-de-match/2022-2023/j9/58-brive-racing-92,0
2022-2023,9,59,GGL Stadium,Montpellier Hérault Rugby,Stade Français Paris,https://top14.lnr.fr/feuille-de-match/2022-2023/j9/59-montpellier-paris,0
2022-2023,9,60,Stade Marcel-Deflandre,Stade Rochelais,Section Paloise,https://top14.lnr.fr/feuille-de-match/2022-2023/j9/60-la-rochelle-pau,0
2022-2023,9,61,Stade Aimé-Giral,USA Perpignan,LOU Rugby,https://top14.lnr.fr/feuille-de-match/2022-2023/j9/61-perpignan-lyon,0
2022-2023,9,62,Stade Jean-Dauger,Aviron Bayonnais,Stade Toulousain,https://top14.lnr.fr/feuille-de-match/2022-2023/j9/62-bayonne-toulouse,0
2022-2023,9,63,Stade Chaban-Delmas,Union Bordeaux-Bègles,RC Toulon,https://top14.lnr.fr/feuille-de-match/2022-2023/j9/63-bordeaux-begles-toulon,0
2022-2023,10,64,Stade Ernest-Wallon,Stade Toulousain,Stade Français Paris,https://top14.lnr.fr/feuille-de-match/2022-2023/j10/64-toulouse-paris,0
2022-2023,10,65,Stade Marcel-Michelin,ASM Clermont,Aviron Bayonnais,https://top14.lnr.fr/feuille-de-match/2022-2023/j10/65-clermont-bayonne,0
2022-2023,10,66,Stade Amédée-Domenech,CA Brive,Stade Rochelais,https://top14.lnr.fr/feuille-de-match/2022-2023/j10/66-brive-la-rochelle,0
2022-2023,10,67,Stade de Gerland,LOU Rugby,Castres Olympique,https://top14.lnr.fr/feuille-de-match/2022-2023/j10/67-lyon-castres,0
2022-2023,10,68,Paris La Défense Arena,Racing 92,USA Perpignan,https://top14.lnr.fr/feuille-de-match/2022-2023/j10/68-racing-92-perpignan,0
2022-2023,10,69,Stade du Hameau,Section Paloise,Union Bordeaux-Bègles,https://top14.lnr.fr/feuille-de-match/2022-2023/j10/69-pau-bordeaux-begles,0
2022-2023,10,70,Stade Mayol,RC Toulon,Montpellier Hérault Rugby,https://top14.lnr.fr/feuille-de-match/2022-2023/j10/70-toulon-montpellier,0
2022-2023,11,71,GGL Stadium,Montpellier Hérault Rugby,Aviron Bayonnais,https://top14.lnr.fr/feuille-de-match/2022-2023/j11/71-montpellier-bayonne,0
2022-2023,11,72,Stade du Hameau,Section Paloise,CA Brive,https://top14.lnr.fr/feuille-de-match/2022-2023/j11/72-pau-brive,0
2022-2023,11,73,Stade Marcel-Deflandre,Stade Rochelais,Castres Olympique,https://top14.lnr.fr/feuille-de-match/2022-2023/j11/73-la-rochelle-castres,0
2022-2023,11,74,Stade Aimé-Giral,USA Perpignan,Union Bordeaux-Bègles,https://top14.lnr.fr/feuille-de-match/2022-2023/j11/74-perpignan-bordeaux-begles,0
2022-2023,11,75,Stade Jean-Bouin,Stade Français Paris,RC Toulon,https://top14.lnr.fr/feuille-de-match/2022-2023/j11/75-paris-toulon,0
2022-2023,11,76,Paris La Défense Arena,Racing 92,ASM Clermont,https://top14.lnr.fr/feuille-de-match/2022-2023/j11/76-racing-92-clermont,0
2022-2023,11,77,Stade de Gerland,LOU Rugby,Stade Toulousain,https://top14.lnr.fr/feuille-de-match/2022-2023/j11/77-lyon-toulouse,0
2022-2023,12,78,Stade Marcel-Michelin,ASM Clermont,Montpellier Hérault Rugby,https://top14.lnr.fr/feuille-de-match/2022-2023/j12/78-clermont-montpellier,0
2022-2023,12,79,Stade Jean-Dauger,Aviron Bayonnais,LOU Rugby,https://top14.lnr.fr/feuille-de-match/2022-2023/j12/79-bayonne-lyon,0
2022-2023,12,80,Stade Chaban-Delmas,Union Bordeaux-Bègles,CA Brive,https://top14.lnr.fr/feuille-de-match/2022-2023/j12/80-bordeaux-begles-brive,0
2022-2023,12,81,Stade Ernest-Wallon,Stade Toulousain,USA Perpignan,https://top14.lnr.fr/feuille-de-match/2022-2023/j12/81-toulouse-perpignan,0
2022-2023,12,82,Stade Jean-Bouin,Stade Français Paris,Stade Rochelais,https://top14.lnr.fr/feuille-de-match/2022-2023/j12/82-paris-la-rochelle,0
2022-2023,12,83,Stade Pierre-Fabre,Castres Olympique,Section Paloise,https://top14.lnr.fr/feuille-de-match/2022-2023/j12/83-castres-pau,0
2022-2023,12,84,Stade Mayol,RC Toulon,Racing 92,https://top14.lnr.fr/feuille-de-match/2022-2023/j12/84-toulon-racing-92,0
2022-2023,13,85,Stade Mayol,RC Toulon,LOU Rugby,https://top14.lnr.fr/feuille-de-match/2022-2023/j13/85-toulon-lyon,0
2022-2023,13,86,Stade Amédée-Domenech,CA Brive,ASM Clermont,https://top14.lnr.fr/feuille-de-match/2022-2023/j13/86-brive-clermont,0
2022-2023,13,87,GGL Stadium,Montpellier Hérault Rugby,USA Perpignan,https://top14.lnr.fr/feuille-de-match/2022-2023/j13/87-montpellier-perpignan,0
2022-2023,13,88,Stade du Hameau,Section Paloise,Aviron Bayonnais,https://top14.lnr.fr/feuille-de-match/2022-2023/j13/88-pau-bayonne,0
2022-2023,13,89,Stade Marcel-Deflandre,Stade Rochelais,Union Bordeaux-Bègles,https://top14.lnr.fr/feuille-de-match/2022-2023/j13/89-la-rochelle-bordeaux-begles,0
2022-2023,13,90,Stade Ernest-Wallon,Stade Toulousain,Castres Olympique,https://top14.lnr.fr/feuille-de-match/2022-2023/j13/90-toulouse-castres,0
2022-2023,13,91,Paris La Défense Arena,Racing 92,Stade Français Paris,https://top14.lnr.fr/feuille-de-match/2022-2023/j13/91-racing-92-paris,0
2022-2023,14,92,Stade Chaban-Delmas,Union Bordeaux-Bègles,Montpellier Hérault Rugby,https://top14.lnr.fr/feuille-de-match/2022-2023/j14/92-bordeaux-begles-montpellier,0
2022-2023,14,93,Stade Jean-Dauger,Aviron Bayonnais,RC Toulon,https://top14.lnr.fr/feuille-de-match/2022-2023/j14/93-bayonne-toulon,0
2022-2023,14,94,Stade Pierre-Fabre,Castres Olympique,Racing 92,https://top14.lnr.fr/feuille-de-match/2022-2023/j14/94-castres-racing-92,0
2022-2023,14,95,Stade de Gerland,LOU Rugby,CA Brive,https://top14.lnr.fr/feuille-de-match/2022-2023/j14/95-lyon-brive,0
2022-2023,14,96,Stade Jean-Bouin,Stade Français Paris,Section Paloise,https://top14.lnr.fr/feuille-de-match/2022-2023/j14/96-paris-pau,0
2022-2023,14,97,Stade Aimé-Giral,USA Perpignan,Stade Rochelais,https://top14.lnr.fr/feuille-de-match/2022-2023/j14/97-perpignan-la-rochelle,0
2022-2023,14,98,Stade Marcel-Michelin,ASM Clermont,Stade Toulousain,https://top14.lnr.fr/feuille-de-match/2022-2023/j14/98-clermont-toulouse,0
2022-2023,15,99,Stade Chaban-Delmas,Union Bordeaux-Bègles,Aviron Bayonnais,https://top14.lnr.fr/feuille-de-match/2022-2023/j15/99-bordeaux-begles-bayonne,0
2022-2023,15,100,Stade Marcel-Michelin,ASM Clermont,USA Perpignan,https://top14.lnr.fr/feuille-de-match/2022-2023/j15/100-clermont-perpignan,0
2022-2023,15,101,Stade Amédée-Domenech,CA Brive,RC Toulon,https://top14.lnr.fr/feuille-de-match/2022-2023/j15/101-brive-toulon,0
2022-2023,15,102,Stade du Hameau,Section Paloise,LOU Rugby,https://top14.lnr.fr/feuille-de-match/2022-2023/j15/102-pau-lyon,0
2022-2023,15,103,Stade Jean-Bouin,Stade Français Paris,Castres Olympique,https://top14.lnr.fr/feuille-de-match/2022-2023/j15/103-paris-castres,0
2022-2023,15,104,Stade Marcel-Deflandre,Stade Rochelais,Stade Toulousain,https://top14.lnr.fr/feuille-de-match/2022-2023/j15/104-la-rochelle-toulouse,0
2022-2023,15,105,GGL Stadium,Montpellier Hérault Rugby,Racing 92,https://top14.lnr.fr/feuille-de-match/2022-2023/j15/105-montpellier-racing-92,0
2022-2023,16,106,Stade de Gerland,LOU Rugby,ASM Clermont,https://top14.lnr.fr/feuille-de-match/2022-2023/j16/106-lyon-clermont,0
2022-2023,16,107,Stade Jean-Dauger,Aviron Bayonnais,CA Brive,https://top14.lnr.fr/feuille-de-match/2022-2023/j16/107-bayonne-brive,0
2022-2023,16,108,Stade Pierre-Fabre,Castres Olympique,Union Bordeaux-Bègles,https://top14.lnr.fr/feuille-de-match/2022-2023/j16/108-castres-bordeaux-begles,0
2022-2023,16,109,Stade Mayol,RC Toulon,Section Paloise,https://top14.lnr.fr/feuille-de-match/2022-2023/j16/109-toulon-pau,0
2022-2023,16,110,Stade Aimé-Giral,USA Perpignan,Stade Français Paris,https://top14.lnr.fr/feuille-de-match/2022-2023/j16/110-perpignan-paris,0
2022-2023,16,111,Paris La Défense Arena,Racing 92,Stade Rochelais,https://top14.lnr.fr/feuille-de-match/2022-2023/j16/111-racing-92-la-rochelle,0
2022-2023,16,112,Stade Ernest-Wallon,Stade Toulousain,Montpellier Hérault Rugby,https://top14.lnr.fr/feuille-de-match/2022-2023/j16/112-toulouse-montpellier,0
2022-2023,17,113,Stade Ernest-Wallon,Stade Toulousain,Aviron Bayonnais,https://top14.lnr.fr/feuille-de-match/2022-2023/j17/113-toulouse-bayonne,0
2022-2023,17,114,Stade Marcel-Michelin,ASM Clermont,Castres Olympique,https://top14.lnr.fr/feuille-de-match/2022-2023/j17/114-clermont-castres,0
2022-2023,17,115,Stade Amédée-Domenech,CA Brive,USA Perpignan,https://top14.lnr.fr/feuille-de-match/2022-2023/j17/115-brive-perpignan,0
2022-2023,17,116,Stade du Hameau,Section Paloise,Racing 92,https://top14.lnr.fr/feuille-de-match/2022-2023/j17/116-pau-racing-92,0
2022-2023,17,117,Stade Marcel-Deflandre,Stade Rochelais,LOU Rugby,https://top14.lnr.fr/feuille-de-match/2022-2023/j17/117-la-rochelle-lyon,0
2022-2023,17,118,GGL Stadium,Montpellier Hérault Rugby,RC Toulon,https://top14.lnr.fr/feuille-de-match/2022-2023/j17/118-montpellier-toulon,0
2022-2023,17,119,Stade Jean-Bouin,Stade Français Paris,Union Bordeaux-Bègles,https://top14.lnr.fr/feuille-de-match/2022-2023/j17/119-paris-bordeaux-begles,0
2022-2023,18,120,Stade Jean-Dauger,Aviron Bayonnais,Stade Français Paris,https://top14.lnr.fr/feuille-de-match/2022-2023/j18/120-bayonne-paris,0
2022-2023,18,121,Stade Pierre-Fabre,Castres Olympique,Stade Rochelais,https://top14.lnr.fr/feuille-de-match/2022-2023/j18/121-castres-la-rochelle,0
2022-2023,18,122,Stade de Gerland,LOU Rugby,Montpellier Hérault Rugby,https://top14.lnr.fr/feuille-de-match/2022-2023/j18/122-lyon-montpellier,0
2022-2023,18,123,Paris La Défense Arena,Racing 92,CA Brive,https://top14.lnr.fr/feuille-de-match/2022-2023/j18/123-racing-92-brive,0
2022-2023,18,124,Stade Aimé-Giral,USA Perpignan,Section Paloise,https://top14.lnr.fr/feuille-de-match/2022-2023/j18/124-perpignan-pau,0
2022-2023,18,125,Stade Mayol,RC Toulon,Stade Toulousain,https://top14.lnr.fr/feuille-de-match/2022-2023/j18/125-toulon-toulouse,0
2022-2023,18,126,Stade Chaban-Delmas,Union Bordeaux-Bègles,ASM Clermont,https://top14.lnr.fr/feuille-de-match/2022-2023/j18/126-bordeaux-begles-clermont,0
2022-2023,19,127,Stade Jean-Bouin,Stade Français Paris,Montpellier Hérault Rugby,https://top14.lnr.fr/feuille-de-match/2022-2023/j19/127-paris-montpellier,0
2022-2023,19,128,Stade Jean-Dauger,Aviron Bayonnais,Castres Olympique,https://top14.lnr.fr/feuille-de-match/2022-2023/j19/128-bayonne-castres,0
2022-2023,19,129,Stade Chaban-Delmas,Union Bordeaux-Bègles,USA Perpignan,https://top14.lnr.fr/feuille-de-match/2022-2023/j19/129-bordeaux-begles-perpignan,0
2022-2023,19,130,Stade de Gerland,LOU Rugby,Racing 92,https://top14.lnr.fr/feuille-de-match/2022-2023/j19/130-lyon-racing-92,0
2022-2023,19,131,Stade Marcel-Deflandre,Stade Rochelais,CA Brive,https://top14.lnr.fr/feuille-de-match/2022-2023/j19/131-la-rochelle-brive,0
2022-2023,19,132,Stade Ernest-Wallon,Stade Toulousain,Section Paloise,https://top14.lnr.fr/feuille-de-match/2022-2023/j19/132-toulouse-pau,0
2022-2023,19,133,Stade Marcel-Michelin,ASM Clermont,RC Toulon,https://top14.lnr.fr/feuille-de-match/2022-2023/j19/133-clermont-toulon,0
2022-2023,20,134,GGL Stadium,Montpellier Hérault Rugby,ASM Clermont,https://top14.lnr.fr/feuille-de-match/2022-2023/j20/134-montpellier-clermont,0
2022-2023,20,135,Stade Amédée-Domenech,CA Brive,Union Bordeaux-Bègles,https://top14.lnr.fr/feuille-de-match/2022-2023/j20/135-brive-bordeaux-begles,0
2022-2023,20,136,Stade Pierre-Fabre,Castres Olympique,LOU Rugby,https://top14.lnr.fr/feuille-de-match/2022-2023/j20/136-castres-lyon,0
2022-2023,20,137,Stade du Hameau,Section Paloise,Stade Rochelais,https://top14.lnr.fr/feuille-de-match/2022-2023/j20/137-pau-la-rochelle,0
2022-2023,20,138,Stade Aimé-Giral,USA Perpignan,Aviron Bayonnais,https://top14.lnr.fr/feuille-de-match/2022-2023/j20/138-perpignan-bayonne,0
2022-2023,20,139,Stade Mayol,RC Toulon,Stade Français Paris,https://top14.lnr.fr/feuille-de-match/2022-2023/j20/139-toulon-paris,0
2022-2023,20,140,Paris La Défense Arena,Racing 92,Stade Toulousain,https://top14.lnr.fr/feuille-de-match/2022-2023/j20/140-racing-92-toulouse,0
2022-2023,21,141,Stade Pierre-Fabre,Castres Olympique,Stade Toulousain,https://top14.lnr.fr/feuille-de-match/2022-2023/j21/141-castres-toulouse,0
2022-2023,21,142,Stade Marcel-Michelin,ASM Clermont,CA Brive,https://top14.lnr.fr/feuille-de-match/2022-2023/j21/142-clermont-brive,0
2022-2023,21,143,Stade Jean-Dauger,Aviron Bayonnais,Section Paloise,https://top14.lnr.fr/feuille-de-match/2022-2023/j21/143-bayonne-pau,0
2022-2023,21,144,Stade de Gerland,LOU Rugby,RC Toulon,https://top14.lnr.fr/feuille-de-match/2022-2023/j21/144-lyon-toulon,0
2022-2023,21,145,Stade Aimé-Giral,USA Perpignan,Montpellier Hérault Rugby,https://top14.lnr.fr/feuille-de-match/2022-2023/j21/145-perpignan-montpellier,0
2022-2023,21,146,Stade Chaban-Delmas,Union Bordeaux-Bègles,Stade Rochelais,https://top14.lnr.fr/feuille-de-match/2022-2023/j21/146-bordeaux-begles-la-rochelle,0
2022-2023,21,147,Stade Jean-Bouin,Stade Français Paris,Racing 92,https://top14.lnr.fr/feuille-de-match/2022-2023/j21/147-paris-racing-92,0
2022-2023,22,148,Paris La Défense Arena,Racing 92,Union Bordeaux-Bègles,https://top14.lnr.fr/feuille-de-match/2022-2023/j22/148-racing-92-bordeaux-begles,0
2022-2023,22,149,Stade Amédée-Domenech,CA Brive,Stade Français Paris,https://top14.lnr.fr/feuille-de-match/2022-2023/j22/149-brive-paris,0
2022-2023,22,150,GGL Stadium,Montpellier Hérault Rugby,Castres Olympique,https://top14.lnr.fr/feuille-de-match/2022-2023/j22/150-montpellier-castres,0
2022-2023,22,151,Stade Mayol,RC Toulon,USA Perpignan,https://top14.lnr.fr/feuille-de-match/2022-2023/j22/151-toulon-perpignan,0
2022-2023,22,152,Stade du Hameau,Section Paloise,ASM Clermont,https://top14.lnr.fr/feuille-de-match/2022-2023/j22/152-pau-clermont,0
2022-2023,22,153,Stade Marcel-Deflandre,Stade Rochelais,Aviron Bayonnais,https://top14.lnr.fr/feuille-de-match/2022-2023/j22/153-la-rochelle-bayonne,0
2022-2023,22,154,Stade Ernest-Wallon,Stade Toulousain,LOU Rugby,https://top14.lnr.fr/feuille-de-match/2022-2023/j22/154-toulouse-lyon,0
2022-2023,23,155,Stade Marcel-Deflandre,Stade Rochelais,ASM Clermont,https://top14.lnr.fr/feuille-de-match/2022-2023/j23/155-la-rochelle-clermont,0
2022-2023,23,156,Stade Jean-Dauger,Aviron Bayonnais,Montpellier Hérault Rugby,https://top14.lnr.fr/feuille-de-match/2022-2023/j23/156-bayonne-montpellier,0
2022-2023,23,157,Stade Amédée-Domenech,CA Brive,Section Paloise,https://top14.lnr.fr/feuille-de-match/2022-2023/j23/157-brive-pau,0
2022-2023,23,158,Stade Pierre-Fabre,Castres Olympique,RC Toulon,https://top14.lnr.fr/feuille-de-match/2022-2023/j23/158-castres-toulon,0
2022-2023,23,159,Stade Aimé-Giral,USA Perpignan,Racing 92,https://top14.lnr.fr/feuille-de-match/2022-2023/j23/159-perpignan-racing-92,0
2022-2023,23,160,Stade Jean-Bouin,Stade Français Paris,Stade Toulousain,https://top14.lnr.fr/feuille-de-match/2022-2023/j23/160-paris-toulouse,0
2022-2023,23,161,Stade Chaban-Delmas,Union Bordeaux-Bègles,LOU Rugby,https://top14.lnr.fr/feuille-de-match/2022-2023/j23/161-bordeaux-begles-lyon,0
2022-2023,24,162,Stade Marcel-Michelin,ASM Clermont,Stade Français Paris,https://top14.lnr.fr/feuille-de-match/2022-2023/j24/162-clermont-paris,0
2022-2023,24,163,Stade de Gerland,LOU Rugby,USA Perpignan,https://top14.lnr.fr/feuille-de-match/2022-2023/j24/163-lyon-perpignan,0
2022-2023,24,164,GGL Stadium,Montpellier Hérault Rugby,CA Brive,https://top14.lnr.fr/feuille-de-match/2022-2023/j24/164-montpellier-brive,0
2022-2023,24,165,Paris La Défense Arena,Racing 92,Aviron Bayonnais,https://top14.lnr.fr/feuille-de-match/2022-2023/j24/165-racing-92-bayonne,0
2022-2023,24,166,Stade du Hameau,Section Paloise,Castres Olympique,https://top14.lnr.fr/feuille-de-match/2022-2023/j24/166-pau-castres,0
2022-2023,24,167,Stade Mayol,RC Toulon,Stade Rochelais,https://top14.lnr.fr/feuille-de-match/2022-2023/j24/167-toulon-la-rochelle,0
2022-2023,24,168,Stade Ernest-Wallon,Stade Toulousain,Union Bordeaux-Bègles,https://top14.lnr.fr/feuille-de-match/2022-2023/j24/168-toulouse-bordeaux-begles,0
2022-2023,25,175,Stade Aimé-Giral,USA Perpignan,Stade Toulousain,https://top14.lnr.fr/feuille-de-match/2022-2023/j25/175-perpignan-toulouse,0
2022-2023,25,169,Stade Jean-Dauger,Aviron Bayonnais,ASM Clermont,https://top14.lnr.fr/feuille-de-match/2022-2023/j25/169-bayonne-clermont,0
2022-2023,25,170,Stade Chaban-Delmas,Union Bordeaux-Bègles,Section Paloise,https://top14.lnr.fr/feuille-de-match/2022-2023/j25/170-bordeaux-begles-pau,0
2022-2023,25,171,Stade Amédée-Domenech,CA Brive,Castres Olympique,https://top14.lnr.fr/feuille-de-match/2022-2023/j25/171-brive-castres,0
2022-2023,25,172,GGL Stadium,Montpellier Hérault Rugby,Stade Rochelais,https://top14.lnr.fr/feuille-de-match/2022-2023/j25/172-montpellier-la-rochelle,0
2022-2023,25,173,Paris La Défense Arena,Racing 92,RC Toulon,https://top14.lnr.fr/feuille-de-match/2022-2023/j25/173-racing-92-toulon,0
2022-2023,25,174,Stade Jean-Bouin,Stade Français Paris,LOU Rugby,https://top14.lnr.fr/feuille-de-match/2022-2023/j25/174-paris-lyon,0
2022-2023,26,176,Stade Marcel-Michelin,ASM Clermont,Racing 92,https://top14.lnr.fr/feuille-de-match/2022-2023/j26/176-clermont-racing-92,0
2022-2023,26,177,Stade Pierre-Fabre,Castres Olympique,USA Perpignan,https://top14.lnr.fr/feuille-de-match/2022-2023/j26/177-castres-perpignan,0
2022-2023,26,178,Stade de Gerland,LOU Rugby,Aviron Bayonnais,https://top14.lnr.fr/feuille-de-match/2022-2023/j26/178-lyon-bayonne,0
2022-2023,26,179,Stade Mayol,RC Toulon,Union Bordeaux-Bègles,https://top14.lnr.fr/feuille-de-match/2022-2023/j26/179-toulon-bordeaux-begles,0
2022-2023,26,180,Stade du Hameau,Section Paloise,Montpellier Hérault Rugby,https://top14.lnr.fr/feuille-de-match/2022-2023/j26/180-pau-montpellier,0
2022-2023,26,181,Stade Marcel-Deflandre,Stade Rochelais,Stade Français Paris,https://top14.lnr.fr/feuille-de-match/2022-2023/j26/181-la-rochelle-paris,0
2022-2023,26,182,Stade Ernest-Wallon,Stade Toulousain,CA Brive,https://top14.lnr.fr/feuille-de-match/2022-2023/j26/182-toulouse-brive,0
2023-2024,1,10255,Stade Jean-Dauger,Aviron Bayonnais,Stade Toulousain,https://top14.lnr.fr/feuille-de-match/2023-2024/j1/10255-bayonne-toulouse,0
2023-2024,1,10261,Paris La Défense Arena,Racing 92,Union Bordeaux-Bègles,https://top14.lnr.fr/feuille-de-match/2023-2024/j1/10261-racing-92-bordeaux-begles,0
2023-2024,1,10256,Stade Aimé-Giral,USA Perpignan,Stade Français Paris,https://top14.lnr.fr/feuille-de-match/2023-2024/j1/10256-perpignan-paris,0
2023-2024,1,10257,Stade Charles-Mathon,Oyonnax Rugby,ASM Clermont,https://top14.lnr.fr/feuille-de-match/2023-2024/j1/10257-oyonnax-clermont,0
2023-2024,1,10258,Stade Pierre-Fabre,Castres Olympique,Section Paloise,https://top14.lnr.fr/feuille-de-match/2023-2024/j1/10258-castres-pau,0
2023-2024,1,10259,Stade de Gerland,LOU Rugby,RC Toulon,https://top14.lnr.fr/feuille-de-match/2023-2024/j1/10259-lyon-toulon,0
2023-2024,1,10260,GGL Stadium,Montpellier Hérault Rugby,Stade Rochelais,https://top14.lnr.fr/feuille-de-match/2023-2024/j1/10260-montpellier-la-rochelle,0
2023-2024,2,10265,Stade Jean-Bouin,Stade Français Paris,Oyonnax Rugby,https://top14.lnr.fr/feuille-de-match/2023-2024/j2/10265-paris-oyonnax,0
2023-2024,2,10264,Stade Marcel-Deflandre,Stade Rochelais,LOU Rugby,https://top14.lnr.fr/feuille-de-match/2023-2024/j2/10264-la-rochelle-lyon,0
2023-2024,2,10262,Stade Chaban-Delmas,Union Bordeaux-Bègles,Castres Olympique,https://top14.lnr.fr/feuille-de-match/2023-2024/j2/10262-bordeaux-begles-castres,0
2023-2024,2,10263,Stade Marcel-Michelin,ASM Clermont,USA Perpignan,https://top14.lnr.fr/feuille-de-match/2023-2024/j2/10263-clermont-perpignan,0
2023-2024,2,10266,Stade du Hameau,Section Paloise,Racing 92,https://top14.lnr.fr/feuille-de-match/2023-2024/j2/10266-pau-racing-92,0
2023-2024,2,10267,Stade Mayol,RC Toulon,Aviron Bayonnais,https://top14.lnr.fr/feuille-de-match/2023-2024/j2/10267-toulon-bayonne,0
2023-2024,2,10268,Stade Ernest-Wallon,Stade Toulousain,Montpellier Hérault Rugby,https://top14.lnr.fr/feuille-de-match/2023-2024/j2/10268-toulouse-montpellier,0
2023-2024,3,10270,Stade Charles-Mathon,Oyonnax Rugby,Stade Toulousain,https://top14.lnr.fr/feuille-de-match/2023-2024/j3/10270-oyonnax-toulouse,0
2023-2024,3,10271,Stade Pierre-Fabre,Castres Olympique,Aviron Bayonnais,https://top14.lnr.fr/feuille-de-match/2023-2024/j3/10271-castres-bayonne,0
2023-2024,3,10273,Stade Jean-Bouin,Stade Français Paris,Montpellier Hérault Rugby,https://top14.lnr.fr/feuille-de-match/2023-2024/j3/10273-paris-montpellier,0
2023-2024,3,10274,Stade du Hameau,Section Paloise,LOU Rugby,https://top14.lnr.fr/feuille-de-match/2023-2024/j3/10274-pau-lyon,0
2023-2024,3,10275,Paris La Défense Arena,Racing 92,USA Perpignan,https://top14.lnr.fr/feuille-de-match/2023-2024/j3/10275-racing-92-perpignan,0
2023-2024,3,10272,Stade Marcel-Michelin,ASM Clermont,Stade Rochelais,https://top14.lnr.fr/feuille-de-match/2023-2024/j3/10272-clermont-la-rochelle,0
2023-2024,3,10269,Stade Chaban-Delmas,Union Bordeaux-Bègles,RC Toulon,https://top14.lnr.fr/feuille-de-match/2023-2024/j3/10269-bordeaux-begles-toulon,0
2023-2024,4,10276,Stade Jean-Dauger,Aviron Bayonnais,Stade Français Paris,https://top14.lnr.fr/feuille-de-match/2023-2024/j4/10276-bayonne-paris,0
2023-2024,4,10277,Stade Aimé-Giral,USA Perpignan,Section Paloise,https://top14.lnr.fr/feuille-de-match/2023-2024/j4/10277-perpignan-pau,0
2023-2024,4,10279,Stade de Gerland,LOU Rugby,ASM Clermont,https://top14.lnr.fr/feuille-de-match/2023-2024/j4/10279-lyon-clermont,0
2023-2024,4,10280,GGL Stadium,Montpellier Hérault Rugby,Racing 92,https://top14.lnr.fr/feuille-de-match/2023-2024/j4/10280-montpellier-racing-92,0
2023-2024,4,10281,Stade Mayol,RC Toulon,Oyonnax Rugby,https://top14.lnr.fr/feuille-de-match/2023-2024/j4/10281-toulon-oyonnax,0
2023-2024,4,10278,Stade Marcel-Deflandre,Stade Rochelais,Castres Olympique,https://top14.lnr.fr/feuille-de-match/2023-2024/j4/10278-la-rochelle-castres,0
2023-2024,4,10282,Stade Ernest-Wallon,Stade Toulousain,Union Bordeaux-Bègles,https://top14.lnr.fr/feuille-de-match/2023-2024/j4/10282-toulouse-bordeaux-begles,0
2023-2024,5,10285,Stade Charles-Mathon,Oyonnax Rugby,Stade Rochelais,https://top14.lnr.fr/feuille-de-match/2023-2024/j5/10285-oyonnax-la-rochelle,0
2023-2024,5,10283,Stade Aimé-Giral,USA Perpignan,RC Toulon,https://top14.lnr.fr/feuille-de-match/2023-2024/j5/10283-perpignan-toulon,0
2023-2024,5,10284,Stade Chaban-Delmas,Union Bordeaux-Bègles,Montpellier Hérault Rugby,https://top14.lnr.fr/feuille-de-match/2023-2024/j5/10284-bordeaux-begles-montpellier,0
2023-2024,5,10286,Stade Marcel-Michelin,ASM Clermont,Aviron Bayonnais,https://top14.lnr.fr/feuille-de-match/2023-2024/j5/10286-clermont-bayonne,0
2023-2024,5,10287,Stade Jean-Bouin,Stade Français Paris,Castres Olympique,https://top14.lnr.fr/feuille-de-match/2023-2024/j5/10287-paris-castres,0
2023-2024,5,10289,Paris La Défense Arena,Racing 92,LOU Rugby,https://top14.lnr.fr/feuille-de-match/2023-2024/j5/10289-racing-92-lyon,0
2023-2024,5,10288,Stade du Hameau,Section Paloise,Stade Toulousain,https://top14.lnr.fr/feuille-de-match/2023-2024/j5/10288-pau-toulouse,0
2023-2024,6,10296,Stade Ernest-Wallon,Stade Toulousain,USA Perpignan,https://top14.lnr.fr/feuille-de-match/2023-2024/j6/10296-toulouse-perpignan,0
2023-2024,6,10290,Stade Pierre-Fabre,Castres Olympique,Oyonnax Rugby,https://top14.lnr.fr/feuille-de-match/2023-2024/j6/10290-castres-oyonnax,0
2023-2024,6,10292,Stade de Gerland,LOU Rugby,Stade Français Paris,https://top14.lnr.fr/feuille-de-match/2023-2024/j6/10292-lyon-paris,0
2023-2024,6,10293,GGL Stadium,Montpellier Hérault Rugby,ASM Clermont,https://top14.lnr.fr/feuille-de-match/2023-2024/j6/10293-montpellier-clermont,0
2023-2024,6,10294,Stade du Hameau,Section Paloise,Union Bordeaux-Bègles,https://top14.lnr.fr/feuille-de-match/2023-2024/j6/10294-pau-bordeaux-begles,0
2023-2024,6,10291,Stade Marcel-Deflandre,Stade Rochelais,Aviron Bayonnais,https://top14.lnr.fr/feuille-de-match/2023-2024/j6/10291-la-rochelle-bayonne,0
2023-2024,6,10295,Stade Mayol,RC Toulon,Racing 92,https://top14.lnr.fr/feuille-de-match/2023-2024/j6/10295-toulon-racing-92,0
2023-2024,7,10303,Stade Jean-Bouin,Stade Français Paris,Racing 92,https://top14.lnr.fr/feuille-de-match/2023-2024/j7/10303-paris-racing-92,0
2023-2024,7,10297,Stade Jean-Dauger,Aviron Bayonnais,Section Paloise,https://top14.lnr.fr/feuille-de-match/2023-2024/j7/10297-bayonne-pau,0
2023-2024,7,10298,Stade Aimé-Giral,USA Perpignan,Montpellier Hérault Rugby,https://top14.lnr.fr/feuille-de-match/2023-2024/j7/10298-perpignan-montpellier,0
2023-2024,7,10299,Stade Charles-Mathon,Oyonnax Rugby,LOU Rugby,https://top14.lnr.fr/feuille-de-match/2023-2024/j7/10299-oyonnax-lyon,0
2023-2024,7,10301,Stade Marcel-Michelin,ASM Clermont,RC Toulon,https://top14.lnr.fr/feuille-de-match/2023-2024/j7/10301-clermont-toulon,0
2023-2024,7,10300,Stade Pierre-Fabre,Castres Olympique,Stade Toulousain,https://top14.lnr.fr/feuille-de-match/2023-2024/j7/10300-castres-toulouse,0
2023-2024,7,10302,Stade Marcel-Deflandre,Stade Rochelais,Union Bordeaux-Bègles,https://top14.lnr.fr/feuille-de-match/2023-2024/j7/10302-la-rochelle-bordeaux-begles,0
2023-2024,8,10308,Stade Mayol,RC Toulon,Castres Olympique,https://top14.lnr.fr/feuille-de-match/2023-2024/j8/10308-toulon-castres,0
2023-2024,8,10304,Stade Chaban-Delmas,Union Bordeaux-Bègles,USA Perpignan,https://top14.lnr.fr/feuille-de-match/2023-2024/j8/10304-bordeaux-begles-perpignan,0
2023-2024,8,10305,Stade de Gerland,LOU Rugby,Aviron Bayonnais,https://top14.lnr.fr/feuille-de-match/2023-2024/j8/10305-lyon-bayonne,0
2023-2024,8,10306,GGL Stadium,Montpellier Hérault Rugby,Oyonnax Rugby,https://top14.lnr.fr/feuille-de-match/2023-2024/j8/10306-montpellier-oyonnax,0
2023-2024,8,10307,Stade du Hameau,Section Paloise,Stade Français Paris,https://top14.lnr.fr/feuille-de-match/2023-2024/j8/10307-pau-paris,0
2023-2024,8,10309,Stade Ernest-Wallon,Stade Toulousain,ASM Clermont,https://top14.lnr.fr/feuille-de-match/2023-2024/j8/10309-toulouse-clermont,0
2023-2024,8,10310,Paris La Défense Arena,Racing 92,Stade Rochelais,https://top14.lnr.fr/feuille-de-match/2023-2024/j8/10310-racing-92-la-rochelle,0
2023-2024,9,10317,Stade Mayol,RC Toulon,Section Paloise,https://top14.lnr.fr/feuille-de-match/2023-2024/j9/10317-toulon-pau,0
2023-2024,9,10311,Stade Jean-Dauger,Aviron Bayonnais,Montpellier Hérault Rugby,https://top14.lnr.fr/feuille-de-match/2023-2024/j9/10311-bayonne-montpellier,0
2023-2024,9,10312,Stade Charles-Mathon,Oyonnax Rugby,Union Bordeaux-Bègles,https://top14.lnr.fr/feuille-de-match/2023-2024/j9/10312-oyonnax-bordeaux-begles,0
2023-2024,9,10313,Stade Pierre-Fabre,Castres Olympique,LOU Rugby,https://top14.lnr.fr/feuille-de-match/2023-2024/j9/10313-castres-lyon,0
2023-2024,9,10315,Stade Marcel-Deflandre,Stade Rochelais,USA Perpignan,https://top14.lnr.fr/feuille-de-match/2023-2024/j9/10315-la-rochelle-perpignan,0
2023-2024,9,10314,Stade Marcel-Michelin,ASM Clermont,Racing 92,https://top14.lnr.fr/feuille-de-match/2023-2024/j9/10314-clermont-racing-92,0
2023-2024,9,10316,Stade Jean-Bouin,Stade Français Paris,Stade Toulousain,https://top14.lnr.fr/feuille-de-match/2023-2024/j9/10316-paris-toulouse,0
2023-2024,10,10318,Stade Aimé-Giral,USA Perpignan,Aviron Bayonnais,https://top14.lnr.fr/feuille-de-match/2023-2024/j10/10318-perpignan-bayonne,0
2023-2024,10,10319,Stade Chaban-Delmas,Union Bordeaux-Bègles,LOU Rugby,https://top14.lnr.fr/feuille-de-match/2023-2024/j10/10319-bordeaux-begles-lyon,0
2023-2024,10,10320,GGL Stadium,Montpellier Hérault Rugby,Castres Olympique,https://top14.lnr.fr/feuille-de-match/2023-2024/j10/10320-montpellier-castres,0
2023-2024,10,10323,Paris La Défense Arena,Racing 92,Oyonnax Rugby,https://top14.lnr.fr/feuille-de-match/2023-2024/j10/10323-racing-92-oyonnax,0
2023-2024,10,10322,Stade du Hameau,Section Paloise,ASM Clermont,https://top14.lnr.fr/feuille-de-match/2023-2024/j10/10322-pau-clermont,0
2023-2024,10,10321,Stade Jean-Bouin,Stade Français Paris,Stade Rochelais,https://top14.lnr.fr/feuille-de-match/2023-2024/j10/10321-paris-la-rochelle,0
2023-2024,10,10324,Stade Ernest-Wallon,Stade Toulousain,RC Toulon,https://top14.lnr.fr/feuille-de-match/2023-2024/j10/10324-toulouse-toulon,0
2023-2024,11,10326,Stade Charles-Mathon,Oyonnax Rugby,Section Paloise,https://top14.lnr.fr/feuille-de-match/2023-2024/j11/10326-oyonnax-pau,0
2023-2024,11,10328,Stade Marcel-Michelin,ASM Clermont,Union Bordeaux-Bègles,https://top14.lnr.fr/feuille-de-match/2023-2024/j11/10328-clermont-bordeaux-begles,0
2023-2024,11,10330,Stade de Gerland,LOU Rugby,Montpellier Hérault Rugby,https://top14.lnr.fr/feuille-de-match/2023-2024/j11/10330-lyon-montpellier,0
2023-2024,11,10325,Stade Jean-Dauger,Aviron Bayonnais,Racing 92,https://top14.lnr.fr/feuille-de-match/2023-2024/j11/10325-bayonne-racing-92,0
2023-2024,11,10331,Stade Mayol,RC Toulon,Stade Français Paris,https://top14.lnr.fr/feuille-de-match/2023-2024/j11/10331-toulon-paris,0
2023-2024,11,10329,Stade Marcel-Deflandre,Stade Rochelais,Stade Toulousain,https://top14.lnr.fr/feuille-de-match/2023-2024/j11/10329-la-rochelle-toulouse,0
2023-2024,11,10327,Stade Pierre-Fabre,Castres Olympique,USA Perpignan,https://top14.lnr.fr/feuille-de-match/2023-2024/j11/10327-castres-perpignan,0
2023-2024,12,10336,Stade du Hameau,Section Paloise,Stade Rochelais,https://top14.lnr.fr/feuille-de-match/2023-2024/j12/10336-pau-la-rochelle,0
2023-2024,12,10332,Stade Aimé-Giral,USA Perpignan,Oyonnax Rugby,https://top14.lnr.fr/feuille-de-match/2023-2024/j12/10332-perpignan-oyonnax,0
2023-2024,12,10333,Stade Chaban-Delmas,Union Bordeaux-Bègles,Aviron Bayonnais,https://top14.lnr.fr/feuille-de-match/2023-2024/j12/10333-bordeaux-begles-bayonne,0
2023-2024,12,10335,Stade Jean-Bouin,Stade Français Paris,ASM Clermont,https://top14.lnr.fr/feuille-de-match/2023-2024/j12/10335-paris-clermont,0
2023-2024,12,10337,Paris La Défense Arena,Racing 92,Castres Olympique,https://top14.lnr.fr/feuille-de-match/2023-2024/j12/10337-racing-92-castres,0
2023-2024,12,10338,Stade Ernest-Wallon,Stade Toulousain,LOU Rugby,https://top14.lnr.fr/feuille-de-match/2023-2024/j12/10338-toulouse-lyon,0
2023-2024,12,10334,GGL Stadium,Montpellier Hérault Rugby,RC Toulon,https://top14.lnr.fr/feuille-de-match/2023-2024/j12/10334-montpellier-toulon,0
2023-2024,13,10340,Stade Chaban-Delmas,Union Bordeaux-Bègles,Stade Français Paris,https://top14.lnr.fr/feuille-de-match/2023-2024/j13/10340-bordeaux-begles-paris,0
2023-2024,13,10339,Stade Jean-Dauger,Aviron Bayonnais,Oyonnax Rugby,https://top14.lnr.fr/feuille-de-match/2023-2024/j13/10339-bayonne-oyonnax,0
2023-2024,13,10341,Stade Pierre-Fabre,Castres Olympique,ASM Clermont,https://top14.lnr.fr/feuille-de-match/2023-2024/j13/10341-castres-clermont,0
2023-2024,13,10342,Stade de Gerland,LOU Rugby,USA Perpignan,https://top14.lnr.fr/feuille-de-match/2023-2024/j13/10342-lyon-perpignan,0
2023-2024,13,10343,GGL Stadium,Montpellier Hérault Rugby,Section Paloise,https://top14.lnr.fr/feuille-de-match/2023-2024/j13/10343-montpellier-pau,0
2023-2024,13,10345,Stade Mayol,RC Toulon,Stade Rochelais,https://top14.lnr.fr/feuille-de-match/2023-2024/j13/10345-toulon-la-rochelle,0
2023-2024,13,10344,Paris La Défense Arena,Racing 92,Stade Toulousain,https://top14.lnr.fr/feuille-de-match/2023-2024/j13/10344-racing-92-toulouse,0
2023-2024,14,10346,Stade Aimé-Giral,USA Perpignan,Racing 92,https://top14.lnr.fr/feuille-de-match/2023-2024/j14/10346-perpignan-racing-92,0
2023-2024,14,10347,Stade Charles-Mathon,Oyonnax Rugby,Stade Français Paris,https://top14.lnr.fr/feuille-de-match/2023-2024/j14/10347-oyonnax-paris,0
2023-2024,14,10348,Stade Marcel-Michelin,ASM Clermont,LOU Rugby,https://top14.lnr.fr/feuille-de-match/2023-2024/j14/10348-clermont-lyon,0
2023-2024,14,10349,Stade Marcel-Deflandre,Stade Rochelais,Montpellier Hérault Rugby,https://top14.lnr.fr/feuille-de-match/2023-2024/j14/10349-la-rochelle-montpellier,0
2023-2024,14,10350,Stade du Hameau,Section Paloise,Castres Olympique,https://top14.lnr.fr/feuille-de-match/2023-2024/j14/10350-pau-castres,0
2023-2024,14,10352,Stade Ernest-Wallon,Stade Toulousain,Aviron Bayonnais,https://top14.lnr.fr/feuille-de-match/2023-2024/j14/10352-toulouse-bayonne,0
2023-2024,14,10351,Stade Mayol,RC Toulon,Union Bordeaux-Bègles,https://top14.lnr.fr/feuille-de-match/2023-2024/j14/10351-toulon-bordeaux-begles,0
2023-2024,15,10356,Stade de Gerland,LOU Rugby,Stade Rochelais,https://top14.lnr.fr/feuille-de-match/2023-2024/j15/10356-lyon-la-rochelle,0
2023-2024,15,10354,Stade Chaban-Delmas,Union Bordeaux-Bègles,Section Paloise,https://top14.lnr.fr/feuille-de-match/2023-2024/j15/10354-bordeaux-begles-pau,0
2023-2024,15,10357,Stade Jean-Bouin,Stade Français Paris,USA Perpignan,https://top14.lnr.fr/feuille-de-match/2023-2024/j15/10357-paris-perpignan,0
2023-2024,15,10358,Paris La Défense Arena,Racing 92,Montpellier Hérault Rugby,https://top14.lnr.fr/feuille-de-match/2023-2024/j15/10358-racing-92-montpellier,0
2023-2024,15,10359,Stade Ernest-Wallon,Stade Toulousain,Oyonnax Rugby,https://top14.lnr.fr/feuille-de-match/2023-2024/j15/10359-toulouse-oyonnax,0
2023-2024,15,10353,Stade Jean-Dauger,Aviron Bayonnais,ASM Clermont,https://top14.lnr.fr/feuille-de-match/2023-2024/j15/10353-bayonne-clermont,0
2023-2024,15,10355,Stade Pierre-Fabre,Castres Olympique,RC Toulon,https://top14.lnr.fr/feuille-de-match/2023-2024/j15/10355-castres-toulon,0
2023-2024,16,10364,GGL Stadium,Montpellier Hérault Rugby,Aviron Bayonnais,https://top14.lnr.fr/feuille-de-match/2023-2024/j16/10364-montpellier-bayonne,0
2023-2024,16,10360,Stade Aimé-Giral,USA Perpignan,Stade Rochelais,https://top14.lnr.fr/feuille-de-match/2023-2024/j16/10360-perpignan-la-rochelle,0
2023-2024,16,10361,Stade Pierre-Fabre,Castres Olympique,Union Bordeaux-Bègles,https://top14.lnr.fr/feuille-de-match/2023-2024/j16/10361-castres-bordeaux-begles,0
2023-2024,16,10363,Stade de Gerland,LOU Rugby,Oyonnax Rugby,https://top14.lnr.fr/feuille-de-match/2023-2024/j16/10363-lyon-oyonnax,0
2023-2024,16,10365,Stade du Hameau,Section Paloise,RC Toulon,https://top14.lnr.fr/feuille-de-match/2023-2024/j16/10365-pau-toulon,0
2023-2024,16,10366,Paris La Défense Arena,Racing 92,Stade Français Paris,https://top14.lnr.fr/feuille-de-match/2023-2024/j16/10366-racing-92-paris,0
2023-2024,16,10362,Stade Marcel-Michelin,ASM Clermont,Stade Toulousain,https://top14.lnr.fr/feuille-de-match/2023-2024/j16/10362-clermont-toulouse,0
2023-2024,17,10373,Stade Ernest-Wallon,Stade Toulousain,Castres Olympique,https://top14.lnr.fr/feuille-de-match/2023-2024/j17/10373-toulouse-castres,0
2023-2024,17,10367,Stade Jean-Dauger,Aviron Bayonnais,LOU Rugby,https://top14.lnr.fr/feuille-de-match/2023-2024/j17/10367-bayonne-lyon,0
2023-2024,17,10369,Stade Charles-Mathon,Oyonnax Rugby,Montpellier Hérault Rugby,https://top14.lnr.fr/feuille-de-match/2023-2024/j17/10369-oyonnax-montpellier,0
2023-2024,17,10371,Stade Jean-Bouin,Stade Français Paris,Section Paloise,https://top14.lnr.fr/feuille-de-match/2023-2024/j17/10371-paris-pau,0
2023-2024,17,10372,Stade Mayol,RC Toulon,USA Perpignan,https://top14.lnr.fr/feuille-de-match/2023-2024/j17/10372-toulon-perpignan,0
2023-2024,17,10368,Stade Chaban-Delmas,Union Bordeaux-Bègles,Racing 92,https://top14.lnr.fr/feuille-de-match/2023-2024/j17/10368-bordeaux-begles-racing-92,0
2023-2024,17,10370,Stade Marcel-Deflandre,Stade Rochelais,ASM Clermont,https://top14.lnr.fr/feuille-de-match/2023-2024/j17/10370-la-rochelle-clermont,0
2023-2024,18,10376,Stade Marcel-Deflandre,Stade Rochelais,Stade Français Paris,https://top14.lnr.fr/feuille-de-match/2023-2024/j18/10376-la-rochelle-paris,0
2023-2024,18,10375,Stade Marcel-Michelin,ASM Clermont,Oyonnax Rugby,https://top14.lnr.fr/feuille-de-match/2023-2024/j18/10375-clermont-oyonnax,0
2023-2024,18,10377,Stade de Gerland,LOU Rugby,Castres Olympique,https://top14.lnr.fr/feuille-de-match/2023-2024/j18/10377-lyon-castres,0
2023-2024,18,10378,GGL Stadium,Montpellier Hérault Rugby,Union Bordeaux-Bègles,https://top14.lnr.fr/feuille-de-match/2023-2024/j18/10378-montpellier-bordeaux-begles,0
2023-2024,18,10379,Stade du Hameau,Section Paloise,Aviron Bayonnais,https://top14.lnr.fr/feuille-de-match/2023-2024/j18/10379-pau-bayonne,0
2023-2024,18,10374,Stade Aimé-Giral,USA Perpignan,Stade Toulousain,https://top14.lnr.fr/feuille-de-match/2023-2024/j18/10374-perpignan-toulouse,0
2023-2024,18,10380,Paris La Défense Arena,Racing 92,RC Toulon,https://top14.lnr.fr/feuille-de-match/2023-2024/j18/10380-racing-92-toulon,0
2023-2024,19,10387,Stade Mayol,RC Toulon,Montpellier Hérault Rugby,https://top14.lnr.fr/feuille-de-match/2023-2024/j19/10387-toulon-montpellier,0
2023-2024,19,10383,Stade Charles-Mathon,Oyonnax Rugby,USA Perpignan,https://top14.lnr.fr/feuille-de-match/2023-2024/j19/10383-oyonnax-perpignan,0
2023-2024,19,10384,Stade Pierre-Fabre,Castres Olympique,Racing 92,https://top14.lnr.fr/feuille-de-match/2023-2024/j19/10384-castres-racing-92,0
2023-2024,19,10385,Stade Marcel-Michelin,ASM Clermont,Section Paloise,https://top14.lnr.fr/feuille-de-match/2023-2024/j19/10385-clermont-pau,0
2023-2024,19,10386,Stade Jean-Bouin,Stade Français Paris,LOU Rugby,https://top14.lnr.fr/feuille-de-match/2023-2024/j19/10386-paris-lyon,0
2023-2024,19,10381,Stade Jean-Dauger,Aviron Bayonnais,Stade Rochelais,https://top14.lnr.fr/feuille-de-match/2023-2024/j19/10381-bayonne-la-rochelle,0
2023-2024,19,10382,Stade Chaban-Delmas,Union Bordeaux-Bègles,Stade Toulousain,https://top14.lnr.fr/feuille-de-match/2023-2024/j19/10382-bordeaux-begles-toulouse,0
2023-2024,20,10392,GGL Stadium,Montpellier Hérault Rugby,Stade Français Paris,https://top14.lnr.fr/feuille-de-match/2023-2024/j20/10392-montpellier-paris,0
2023-2024,20,10389,Stade Aimé-Giral,USA Perpignan,Castres Olympique,https://top14.lnr.fr/feuille-de-match/2023-2024/j20/10389-perpignan-castres,0
2023-2024,20,10390,Stade Marcel-Deflandre,Stade Rochelais,Oyonnax Rugby,https://top14.lnr.fr/feuille-de-match/2023-2024/j20/10390-la-rochelle-oyonnax,0
2023-2024,20,10391,Stade de Gerland,LOU Rugby,Union Bordeaux-Bègles,https://top14.lnr.fr/feuille-de-match/2023-2024/j20/10391-lyon-bordeaux-begles,0
2023-2024,20,10393,Paris La Défense Arena,Racing 92,ASM Clermont,https://top14.lnr.fr/feuille-de-match/2023-2024/j20/10393-racing-92-clermont,0
2023-2024,20,10394,Stade Ernest-Wallon,Stade Toulousain,Section Paloise,https://top14.lnr.fr/feuille-de-match/2023-2024/j20/10394-toulouse-pau,0
2023-2024,20,10388,Stade Jean-Dauger,Aviron Bayonnais,RC Toulon,https://top14.lnr.fr/feuille-de-match/2023-2024/j20/10388-bayonne-toulon,0
2023-2024,21,10401,Stade Pierre-Fabre,Castres Olympique,Stade Rochelais,https://top14.lnr.fr/feuille-de-match/2023-2024/j21/10401-castres-la-rochelle,0
2023-2024,21,10395,Stade Aimé-Giral,USA Perpignan,LOU Rugby,https://top14.lnr.fr/feuille-de-match/2023-2024/j21/10395-perpignan-lyon,0
2023-2024,21,10397,Stade Charles-Mathon,Oyonnax Rugby,Racing 92,https://top14.lnr.fr/feuille-de-match/2023-2024/j21/10397-oyonnax-racing-92,0
2023-2024,21,10398,Stade Jean-Bouin,Stade Français Paris,Aviron Bayonnais,https://top14.lnr.fr/feuille-de-match/2023-2024/j21/10398-paris-bayonne,0
2023-2024,21,10399,Stade du Hameau,Section Paloise,Montpellier Hérault Rugby,https://top14.lnr.fr/feuille-de-match/2023-2024/j21/10399-pau-montpellier,0
2023-2024,21,10400,Stade Mayol,RC Toulon,Stade Toulousain,https://top14.lnr.fr/feuille-de-match/2023-2024/j21/10400-toulon-toulouse,0
2023-2024,21,10396,Stade Chaban-Delmas,Union Bordeaux-Bègles,ASM Clermont,https://top14.lnr.fr/feuille-de-match/2023-2024/j21/10396-bordeaux-begles-clermont,0
2023-2024,22,10408,Stade Ernest-Wallon,Stade Toulousain,Racing 92,https://top14.lnr.fr/feuille-de-match/2023-2024/j22/10408-toulouse-racing-92,0
2023-2024,22,10402,Stade Jean-Dauger,Aviron Bayonnais,Union Bordeaux-Bègles,https://top14.lnr.fr/feuille-de-match/2023-2024/j22/10402-bayonne-bordeaux-begles,0
2023-2024,22,10403,Stade Charles-Mathon,Oyonnax Rugby,Castres Olympique,https://top14.lnr.fr/feuille-de-match/2023-2024/j22/10403-oyonnax-castres,0
2023-2024,22,10406,Stade de Gerland,LOU Rugby,Section Paloise,https://top14.lnr.fr/feuille-de-match/2023-2024/j22/10406-lyon-pau,0
2023-2024,22,10407,GGL Stadium,Montpellier Hérault Rugby,USA Perpignan,https://top14.lnr.fr/feuille-de-match/2023-2024/j22/10407-montpellier-perpignan,0
2023-2024,22,10404,Stade Marcel-Michelin,ASM Clermont,Stade Français Paris,https://top14.lnr.fr/feuille-de-match/2023-2024/j22/10404-clermont-paris,0
2023-2024,22,10405,Stade Marcel-Deflandre,Stade Rochelais,RC Toulon,https://top14.lnr.fr/feuille-de-match/2023-2024/j22/10405-la-rochelle-toulon,0
2023-2024,23,10409,Stade Aimé-Giral,USA Perpignan,ASM Clermont,https://top14.lnr.fr/feuille-de-match/2023-2024/j23/10409-perpignan-clermont,0
2023-2024,23,10411,Stade Pierre-Fabre,Castres Olympique,Montpellier Hérault Rugby,https://top14.lnr.fr/feuille-de-match/2023-2024/j23/10411-castres-montpellier,0
2023-2024,23,10412,Stade du Hameau,Section Paloise,Oyonnax Rugby,https://top14.lnr.fr/feuille-de-match/2023-2024/j23/10412-pau-oyonnax,0
2023-2024,23,10413,Paris La Défense Arena,Racing 92,Aviron Bayonnais,https://top14.lnr.fr/feuille-de-match/2023-2024/j23/10413-racing-92-bayonne,0
2023-2024,23,10414,Stade Mayol,RC Toulon,LOU Rugby,https://top14.lnr.fr/feuille-de-match/2023-2024/j23/10414-toulon-lyon,0
2023-2024,23,10410,Stade Chaban-Delmas,Union Bordeaux-Bègles,Stade Rochelais,https://top14.lnr.fr/feuille-de-match/2023-2024/j23/10410-bordeaux-begles-la-rochelle,0
2023-2024,23,10415,Stade Ernest-Wallon,Stade Toulousain,Stade Français Paris,https://top14.lnr.fr/feuille-de-match/2023-2024/j23/10415-toulouse-paris,0
2023-2024,24,10421,GGL Stadium,Montpellier Hérault Rugby,Stade Toulousain,https://top14.lnr.fr/feuille-de-match/2023-2024/j24/10421-montpellier-toulouse,0
2023-2024,24,10416,Stade Jean-Dauger,Aviron Bayonnais,USA Perpignan,https://top14.lnr.fr/feuille-de-match/2023-2024/j24/10416-bayonne-perpignan,0
2023-2024,24,10417,Stade Charles-Mathon,Oyonnax Rugby,RC Toulon,https://top14.lnr.fr/feuille-de-match/2023-2024/j24/10417-oyonnax-toulon,0
2023-2024,24,10418,Stade Marcel-Michelin,ASM Clermont,Castres Olympique,https://top14.lnr.fr/feuille-de-match/2023-2024/j24/10418-clermont-castres,0
2023-2024,24,10420,Stade de Gerland,LOU Rugby,Racing 92,https://top14.lnr.fr/feuille-de-match/2023-2024/j24/10420-lyon-racing-92,0
2023-2024,24,10419,Stade Marcel-Deflandre,Stade Rochelais,Section Paloise,https://top14.lnr.fr/feuille-de-match/2023-2024/j24/10419-la-rochelle-pau,0
2023-2024,24,10422,Stade Jean-Bouin,Stade Français Paris,Union Bordeaux-Bègles,https://top14.lnr.fr/feuille-de-match/2023-2024/j24/10422-paris-bordeaux-begles,0
2023-2024,25,10427,Paris La Défense Arena,Racing 92,Section Paloise,https://top14.lnr.fr/feuille-de-match/2023-2024/j25/10427-racing-92-pau,0
2023-2024,25,10423,Stade Aimé-Giral,USA Perpignan,Union Bordeaux-Bègles,https://top14.lnr.fr/feuille-de-match/2023-2024/j25/10423-perpignan-bordeaux-begles,0
2023-2024,25,10424,Stade Charles-Mathon,Oyonnax Rugby,Aviron Bayonnais,https://top14.lnr.fr/feuille-de-match/2023-2024/j25/10424-oyonnax-bayonne,0
2023-2024,25,10425,Stade Pierre-Fabre,Castres Olympique,Stade Français Paris,https://top14.lnr.fr/feuille-de-match/2023-2024/j25/10425-castres-paris,0
2023-2024,25,10426,GGL Stadium,Montpellier Hérault Rugby,LOU Rugby,https://top14.lnr.fr/feuille-de-match/2023-2024/j25/10426-montpellier-lyon,0
2023-2024,25,10428,Stade Mayol,RC Toulon,ASM Clermont,https://top14.lnr.fr/feuille-de-match/2023-2024/j25/10428-toulon-clermont,0
2023-2024,25,10429,Stade Ernest-Wallon,Stade Toulousain,Stade Rochelais,https://top14.lnr.fr/feuille-de-match/2023-2024/j25/10429-toulouse-la-rochelle,0
2023-2024,26,10430,Stade Jean-Dauger,Aviron Bayonnais,Castres Olympique,https://top14.lnr.fr/feuille-de-match/2023-2024/j26/10430-bayonne-castres,0
2023-2024,26,10431,Stade Chaban-Delmas,Union Bordeaux-Bègles,Oyonnax Rugby,https://top14.lnr.fr/feuille-de-match/2023-2024/j26/10431-bordeaux-begles-oyonnax,0
2023-2024,26,10432,Stade Marcel-Michelin,ASM Clermont,Montpellier Hérault Rugby,https://top14.lnr.fr/feuille-de-match/2023-2024/j26/10432-clermont-montpellier,0
2023-2024,26,10433,Stade Marcel-Deflandre,Stade Rochelais,Racing 92,https://top14.lnr.fr/feuille-de-match/2023-2024/j26/10433-la-rochelle-racing-92,0
2023-2024,26,10434,Stade de Gerland,LOU Rugby,Stade Toulousain,https://top14.lnr.fr/feuille-de-match/2023-2024/j26/10434-lyon-toulouse,0
2023-2024,26,10435,Stade Jean-Bouin,Stade Français Paris,RC Toulon,https://top14.lnr.fr/feuille-de-match/2023-2024/j26/10435-paris-toulon,0
2023-2024,26,10436,Stade du Hameau,Section Paloise,USA Perpignan,https://top14.lnr.fr/feuille-de-match/2023-2024/j26/10436-pau-perpignan,0
2024-2025,1,10871,Stade Jean-Dauger,Aviron Bayonnais,USA Perpignan,https://top14.lnr.fr/feuille-de-match/2024-2025/j1/10871-bayonne-perpignan,0
2024-2025,1,10870,Stade Marcel-Michelin,ASM Clermont,Section Paloise,https://top14.lnr.fr/feuille-de-match/2024-2025/j1/10870-clermont-pau,0
2024-2025,1,10872,Stade Pierre-Fabre,Castres Olympique,Racing 92,https://top14.lnr.fr/feuille-de-match/2024-2025/j1/10872-castres-racing-92,0
2024-2025,1,10873,GGL Stadium,Montpellier Hérault Rugby,LOU Rugby,https://top14.lnr.fr/feuille-de-match/2024-2025/j1/10873-montpellier-lyon,0
2024-2025,1,10876,Stade Chaban-Delmas,Union Bordeaux-Bègles,Stade Français Paris,https://top14.lnr.fr/feuille-de-match/2024-2025/j1/10876-bordeaux-begles-paris,0
2024-2025,1,10875,Stade Marcel-Deflandre,Stade Rochelais,RC Toulon,https://top14.lnr.fr/feuille-de-match/2024-2025/j1/10875-la-rochelle-toulon,0
2024-2025,1,10874,Stade de la Rabine,RC Vannes,Stade Toulousain,https://top14.lnr.fr/feuille-de-match/2024-2025/j1/10874-vannes-toulouse,0
2024-2025,2,10879,Stade Mayol,RC Toulon,Castres Olympique,https://top14.lnr.fr/feuille-de-match/2024-2025/j2/10879-toulon-castres,0
2024-2025,2,10881,Stade Jean-Bouin,Stade Français Paris,RC Vannes,https://top14.lnr.fr/feuille-de-match/2024-2025/j2/10881-paris-vannes,0
2024-2025,2,10878,Paris La Défense Arena,Racing 92,ASM Clermont,https://top14.lnr.fr/feuille-de-match/2024-2025/j2/10878-racing-92-clermont,0
2024-2025,2,10880,Stade du Hameau,Section Paloise,Aviron Bayonnais,https://top14.lnr.fr/feuille-de-match/2024-2025/j2/10880-pau-bayonne,0
2024-2025,2,10883,Stade Aimé-Giral,USA Perpignan,Montpellier Hérault Rugby,https://top14.lnr.fr/feuille-de-match/2024-2025/j2/10883-perpignan-montpellier,0
2024-2025,2,10877,Stade de Gerland,LOU Rugby,Union Bordeaux-Bègles,https://top14.lnr.fr/feuille-de-match/2024-2025/j2/10877-lyon-bordeaux-begles,0
2024-2025,2,10882,Stade Ernest-Wallon,Stade Toulousain,Stade Rochelais,https://top14.lnr.fr/feuille-de-match/2024-2025/j2/10882-toulouse-la-rochelle,0
2024-2025,3,10886,GGL Stadium,Montpellier Hérault Rugby,Stade Toulousain,https://top14.lnr.fr/feuille-de-match/2024-2025/j3/10886-montpellier-toulouse,0
2024-2025,3,10884,Stade Marcel-Michelin,ASM Clermont,Aviron Bayonnais,https://top14.lnr.fr/feuille-de-match/2024-2025/j3/10884-clermont-bayonne,0
2024-2025,3,10885,Stade Pierre-Fabre,Castres Olympique,USA Perpignan,https://top14.lnr.fr/feuille-de-match/2024-2025/j3/10885-castres-perpignan,0
2024-2025,3,10887,Stade de la Rabine,RC Vannes,LOU Rugby,https://top14.lnr.fr/feuille-de-match/2024-2025/j3/10887-vannes-lyon,0
2024-2025,3,10889,Stade Marcel-Deflandre,Stade Rochelais,Section Paloise,https://top14.lnr.fr/feuille-de-match/2024-2025/j3/10889-la-rochelle-pau,0
2024-2025,3,10890,Stade Chaban-Delmas,Union Bordeaux-Bègles,Racing 92,https://top14.lnr.fr/feuille-de-match/2024-2025/j3/10890-bordeaux-begles-racing-92,0
2024-2025,3,10888,Stade Jean-Bouin,Stade Français Paris,RC Toulon,https://top14.lnr.fr/feuille-de-match/2024-2025/j3/10888-paris-toulon,0
2024-2025,4,10897,Stade Aimé-Giral,USA Perpignan,ASM Clermont,https://top14.lnr.fr/feuille-de-match/2024-2025/j4/10897-perpignan-clermont,0
2024-2025,4,10891,Stade Jean-Dauger,Aviron Bayonnais,Montpellier Hérault Rugby,https://top14.lnr.fr/feuille-de-match/2024-2025/j4/10891-bayonne-montpellier,0
2024-2025,4,10892,Stade de Gerland,LOU Rugby,Castres Olympique,https://top14.lnr.fr/feuille-de-match/2024-2025/j4/10892-lyon-castres,0
2024-2025,4,10893,Paris La Défense Arena,Racing 92,Stade Rochelais,https://top14.lnr.fr/feuille-de-match/2024-2025/j4/10893-racing-92-la-rochelle,0
2024-2025,4,10894,Stade Mayol,RC Toulon,RC Vannes,https://top14.lnr.fr/feuille-de-match/2024-2025/j4/10894-toulon-vannes,0
2024-2025,4,10895,Stade du Hameau,Section Paloise,Stade Français Paris,https://top14.lnr.fr/feuille-de-match/2024-2025/j4/10895-pau-paris,0
2024-2025,4,10896,Stade Ernest-Wallon,Stade Toulousain,Union Bordeaux-Bègles,https://top14.lnr.fr/feuille-de-match/2024-2025/j4/10896-toulouse-bordeaux-begles,0
2024-2025,5,10900,Stade de la Rabine,RC Vannes,Racing 92,https://top14.lnr.fr/feuille-de-match/2024-2025/j5/10900-vannes-racing-92,0
2024-2025,5,10901,Stade Jean-Bouin,Stade Français Paris,Montpellier Hérault Rugby,https://top14.lnr.fr/feuille-de-match/2024-2025/j5/10901-paris-montpellier,0
2024-2025,5,10902,Stade Marcel-Deflandre,Stade Rochelais,LOU Rugby,https://top14.lnr.fr/feuille-de-match/2024-2025/j5/10902-la-rochelle-lyon,0
2024-2025,5,10903,Stade Chaban-Delmas,Union Bordeaux-Bègles,Aviron Bayonnais,https://top14.lnr.fr/feuille-de-match/2024-2025/j5/10903-bordeaux-begles-bayonne,0
2024-2025,5,10904,Stade Aimé-Giral,USA Perpignan,Section Paloise,https://top14.lnr.fr/feuille-de-match/2024-2025/j5/10904-perpignan-pau,0
2024-2025,5,10899,Stade Pierre-Fabre,Castres Olympique,Stade Toulousain,https://top14.lnr.fr/feuille-de-match/2024-2025/j5/10899-castres-toulouse,0
2024-2025,5,10898,Stade Marcel-Michelin,ASM Clermont,RC Toulon,https://top14.lnr.fr/feuille-de-match/2024-2025/j5/10898-clermont-toulon,0
2024-2025,6,10908,Paris La Défense Arena,Racing 92,RC Toulon,https://top14.lnr.fr/feuille-de-match/2024-2025/j6/10908-racing-92-toulon,0
2024-2025,6,10905,Stade Jean-Dauger,Aviron Bayonnais,Stade Rochelais,https://top14.lnr.fr/feuille-de-match/2024-2025/j6/10905-bayonne-la-rochelle,0
2024-2025,6,10907,GGL Stadium,Montpellier Hérault Rugby,RC Vannes,https://top14.lnr.fr/feuille-de-match/2024-2025/j6/10907-montpellier-vannes,0
2024-2025,6,10909,Stade du Hameau,Section Paloise,Castres Olympique,https://top14.lnr.fr/feuille-de-match/2024-2025/j6/10909-pau-castres,0
2024-2025,6,10911,Stade Chaban-Delmas,Union Bordeaux-Bègles,USA Perpignan,https://top14.lnr.fr/feuille-de-match/2024-2025/j6/10911-bordeaux-begles-perpignan,0
2024-2025,6,10910,Stade Ernest-Wallon,Stade Toulousain,ASM Clermont,https://top14.lnr.fr/feuille-de-match/2024-2025/j6/10910-toulouse-clermont,0
2024-2025,6,10906,Stade de Gerland,LOU Rugby,Stade Français Paris,https://top14.lnr.fr/feuille-de-match/2024-2025/j6/10906-lyon-paris,0
2024-2025,7,10914,Stade Jean-Dauger,Aviron Bayonnais,Racing 92,https://top14.lnr.fr/feuille-de-match/2024-2025/j7/10914-bayonne-racing-92,0
2024-2025,7,10913,Stade Marcel-Michelin,ASM Clermont,RC Vannes,https://top14.lnr.fr/feuille-de-match/2024-2025/j7/10913-clermont-vannes,0
2024-2025,7,10915,Stade Pierre-Fabre,Castres Olympique,Stade Français Paris,https://top14.lnr.fr/feuille-de-match/2024-2025/j7/10915-castres-paris,0
2024-2025,7,10916,Stade Mayol,RC Toulon,Montpellier Hérault Rugby,https://top14.lnr.fr/feuille-de-match/2024-2025/j7/10916-toulon-montpellier,0
2024-2025,7,10920,Stade Aimé-Giral,USA Perpignan,LOU Rugby,https://top14.lnr.fr/feuille-de-match/2024-2025/j7/10920-perpignan-lyon,0
2024-2025,7,10918,Stade du Hameau,Section Paloise,Stade Toulousain,https://top14.lnr.fr/feuille-de-match/2024-2025/j7/10918-pau-toulouse,0
2024-2025,7,10919,Stade Marcel-Deflandre,Stade Rochelais,Union Bordeaux-Bègles,https://top14.lnr.fr/feuille-de-match/2024-2025/j7/10919-la-rochelle-bordeaux-begles,0
2024-2025,8,10927,Stade Chaban-Delmas,Union Bordeaux-Bègles,Section Paloise,https://top14.lnr.fr/feuille-de-match/2024-2025/j8/10927-bordeaux-begles-pau,0
2024-2025,8,10921,Stade de Gerland,LOU Rugby,Aviron Bayonnais,https://top14.lnr.fr/feuille-de-match/2024-2025/j8/10921-lyon-bayonne,0
2024-2025,8,10922,GGL Stadium,Montpellier Hérault Rugby,Stade Rochelais,https://top14.lnr.fr/feuille-de-match/2024-2025/j8/10922-montpellier-la-rochelle,0
2024-2025,8,10923,Paris La Défense Arena,Racing 92,USA Perpignan,https://top14.lnr.fr/feuille-de-match/2024-2025/j8/10923-racing-92-perpignan,0
2024-2025,8,10924,Stade de la Rabine,RC Vannes,Castres Olympique,https://top14.lnr.fr/feuille-de-match/2024-2025/j8/10924-vannes-castres,0
2024-2025,8,10925,Stade Jean-Bouin,Stade Français Paris,ASM Clermont,https://top14.lnr.fr/feuille-de-match/2024-2025/j8/10925-paris-clermont,0
2024-2025,8,10926,Stade Ernest-Wallon,Stade Toulousain,RC Toulon,https://top14.lnr.fr/feuille-de-match/2024-2025/j8/10926-toulouse-toulon,0
2024-2025,9,10928,Stade Marcel-Michelin,ASM Clermont,Union Bordeaux-Bègles,https://top14.lnr.fr/feuille-de-match/2024-2025/j9/10928-clermont-bordeaux-begles,0
2024-2025,9,10930,Stade Pierre-Fabre,Castres Olympique,Montpellier Hérault Rugby,https://top14.lnr.fr/feuille-de-match/2024-2025/j9/10930-castres-montpellier,0
2024-2025,9,10931,Stade Mayol,RC Toulon,LOU Rugby,https://top14.lnr.fr/feuille-de-match/2024-2025/j9/10931-toulon-lyon,0
2024-2025,9,10932,Stade du Hameau,Section Paloise,Racing 92,https://top14.lnr.fr/feuille-de-match/2024-2025/j9/10932-pau-racing-92,0
2024-2025,9,10934,Stade Aimé-Giral,USA Perpignan,RC Vannes,https://top14.lnr.fr/feuille-de-match/2024-2025/j9/10934-perpignan-vannes,0
2024-2025,9,10933,Stade Marcel-Deflandre,Stade Rochelais,Stade Français Paris,https://top14.lnr.fr/feuille-de-match/2024-2025/j9/10933-la-rochelle-paris,0
2024-2025,9,10929,Stade Jean-Dauger,Aviron Bayonnais,Stade Toulousain,https://top14.lnr.fr/feuille-de-match/2024-2025/j9/10929-bayonne-toulouse,0
2024-2025,10,10938,Stade Mayol,RC Toulon,Aviron Bayonnais,https://top14.lnr.fr/feuille-de-match/2024-2025/j10/10938-toulon-bayonne,0
2024-2025,10,10935,Stade Pierre-Fabre,Castres Olympique,Stade Rochelais,https://top14.lnr.fr/feuille-de-match/2024-2025/j10/10935-castres-la-rochelle,0
2024-2025,10,10936,Stade de Gerland,LOU Rugby,ASM Clermont,https://top14.lnr.fr/feuille-de-match/2024-2025/j10/10936-lyon-clermont,0
2024-2025,10,10937,GGL Stadium,Montpellier Hérault Rugby,Section Paloise,https://top14.lnr.fr/feuille-de-match/2024-2025/j10/10937-montpellier-pau,0
2024-2025,10,10941,Stade Ernest-Wallon,Stade Toulousain,USA Perpignan,https://top14.lnr.fr/feuille-de-match/2024-2025/j10/10941-toulouse-perpignan,0
2024-2025,10,10939,Stade de la Rabine,RC Vannes,Union Bordeaux-Bègles,https://top14.lnr.fr/feuille-de-match/2024-2025/j10/10939-vannes-bordeaux-begles,0
2024-2025,10,10940,Stade Jean-Bouin,Stade Français Paris,Racing 92,https://top14.lnr.fr/feuille-de-match/2024-2025/j10/10940-paris-racing-92,0
2024-2025,11,10944,Paris La Défense Arena,Racing 92,Stade Toulousain,https://top14.lnr.fr/feuille-de-match/2024-2025/j11/10944-racing-92-toulouse,0
2024-2025,11,10942,Stade Marcel-Michelin,ASM Clermont,Castres Olympique,https://top14.lnr.fr/feuille-de-match/2024-2025/j11/10942-clermont-castres,0
2024-2025,11,10945,Stade du Hameau,Section Paloise,LOU Rugby,https://top14.lnr.fr/feuille-de-match/2024-2025/j11/10945-pau-lyon,0
2024-2025,11,10946,Stade Marcel-Deflandre,Stade Rochelais,RC Vannes,https://top14.lnr.fr/feuille-de-match/2024-2025/j11/10946-la-rochelle-vannes,0
2024-2025,11,10947,Stade Chaban-Delmas,Union Bordeaux-Bègles,Montpellier Hérault Rugby,https://top14.lnr.fr/feuille-de-match/2024-2025/j11/10947-bordeaux-begles-montpellier,0
2024-2025,11,10948,Stade Aimé-Giral,USA Perpignan,RC Toulon,https://top14.lnr.fr/feuille-de-match/2024-2025/j11/10948-perpignan-toulon,0
2024-2025,11,10943,Stade Jean-Dauger,Aviron Bayonnais,Stade Français Paris,https://top14.lnr.fr/feuille-de-match/2024-2025/j11/10943-bayonne-paris,0
2024-2025,12,10955,Stade Marcel-Deflandre,Stade Rochelais,ASM Clermont,https://top14.lnr.fr/feuille-de-match/2024-2025/j12/10955-la-rochelle-clermont,0
2024-2025,12,10951,GGL Stadium,Montpellier Hérault Rugby,Racing 92,https://top14.lnr.fr/feuille-de-match/2024-2025/j12/10951-montpellier-racing-92,0
2024-2025,12,10952,Stade Mayol,RC Toulon,Section Paloise,https://top14.lnr.fr/feuille-de-match/2024-2025/j12/10952-toulon-pau,0
2024-2025,12,10953,Stade de la Rabine,RC Vannes,Aviron Bayonnais,https://top14.lnr.fr/feuille-de-match/2024-2025/j12/10953-vannes-bayonne,0
2024-2025,12,10954,Stade Jean-Bouin,Stade Français Paris,USA Perpignan,https://top14.lnr.fr/feuille-de-match/2024-2025/j12/10954-paris-perpignan,0
2024-2025,12,10949,Stade Pierre-Fabre,Castres Olympique,Union Bordeaux-Bègles,https://top14.lnr.fr/feuille-de-match/2024-2025/j12/10949-castres-bordeaux-begles,0
2024-2025,12,10950,Stade de Gerland,LOU Rugby,Stade Toulousain,https://top14.lnr.fr/feuille-de-match/2024-2025/j12/10950-lyon-toulouse,0
2024-2025,13,10959,Stade du Hameau,Section Paloise,RC Vannes,https://top14.lnr.fr/feuille-de-match/2024-2025/j13/10959-pau-vannes,0
2024-2025,13,10957,Stade Jean-Dauger,Aviron Bayonnais,Castres Olympique,https://top14.lnr.fr/feuille-de-match/2024-2025/j13/10957-bayonne-castres,0
2024-2025,13,10956,Stade Marcel-Michelin,ASM Clermont,Montpellier Hérault Rugby,https://top14.lnr.fr/feuille-de-match/2024-2025/j13/10956-clermont-montpellier,0
2024-2025,13,10961,Stade Chaban-Delmas,Union Bordeaux-Bègles,RC Toulon,https://top14.lnr.fr/feuille-de-match/2024-2025/j13/10961-bordeaux-begles-toulon,0
2024-2025,13,10958,Paris La Défense Arena,Racing 92,LOU Rugby,https://top14.lnr.fr/feuille-de-match/2024-2025/j13/10958-racing-92-lyon,0
2024-2025,13,10962,Stade Aimé-Giral,USA Perpignan,Stade Rochelais,https://top14.lnr.fr/feuille-de-match/2024-2025/j13/10962-perpignan-la-rochelle,0
2024-2025,13,10960,Stade Ernest-Wallon,Stade Toulousain,Stade Français Paris,https://top14.lnr.fr/feuille-de-match/2024-2025/j13/10960-toulouse-paris,0
2024-2025,14,10966,Stade Mayol,RC Toulon,Racing 92,https://top14.lnr.fr/feuille-de-match/2024-2025/j14/10966-toulon-racing-92,0
2024-2025,14,10963,Stade Pierre-Fabre,Castres Olympique,Section Paloise,https://top14.lnr.fr/feuille-de-match/2024-2025/j14/10963-castres-pau,0
2024-2025,14,10964,Stade de Gerland,LOU Rugby,USA Perpignan,https://top14.lnr.fr/feuille-de-match/2024-2025/j14/10964-lyon-perpignan,0
2024-2025,14,10965,GGL Stadium,Montpellier Hérault Rugby,Aviron Bayonnais,https://top14.lnr.fr/feuille-de-match/2024-2025/j14/10965-montpellier-bayonne,0
2024-2025,14,10968,Stade Jean-Bouin,Stade Français Paris,Union Bordeaux-Bègles,https://top14.lnr.fr/feuille-de-match/2024-2025/j14/10968-paris-bordeaux-begles,0
2024-2025,14,10969,Stade Marcel-Deflandre,Stade Rochelais,Stade Toulousain,https://top14.lnr.fr/feuille-de-match/2024-2025/j14/10969-la-rochelle-toulouse,0
2024-2025,14,10967,Stade de la Rabine,RC Vannes,ASM Clermont,https://top14.lnr.fr/feuille-de-match/2024-2025/j14/10967-vannes-clermont,0
2024-2025,15,10974,Stade Ernest-Wallon,Stade Toulousain,Montpellier Hérault Rugby,https://top14.lnr.fr/feuille-de-match/2024-2025/j15/10974-toulouse-montpellier,0
2024-2025,15,10970,Paris La Défense Arena,Racing 92,Castres Olympique,https://top14.lnr.fr/feuille-de-match/2024-2025/j15/10970-racing-92-castres,0
2024-2025,15,10972,Stade de la Rabine,RC Vannes,Stade Français Paris,https://top14.lnr.fr/feuille-de-match/2024-2025/j15/10972-vannes-paris,0
2024-2025,15,10973,Stade du Hameau,Section Paloise,ASM Clermont,https://top14.lnr.fr/feuille-de-match/2024-2025/j15/10973-pau-clermont,0
2024-2025,15,10976,Stade Aimé-Giral,USA Perpignan,Aviron Bayonnais,https://top14.lnr.fr/feuille-de-match/2024-2025/j15/10976-perpignan-bayonne,0
2024-2025,15,10975,Stade Chaban-Delmas,Union Bordeaux-Bègles,LOU Rugby,https://top14.lnr.fr/feuille-de-match/2024-2025/j15/10975-bordeaux-begles-lyon,0
2024-2025,15,10971,Stade Mayol,RC Toulon,Stade Rochelais,https://top14.lnr.fr/feuille-de-match/2024-2025/j15/10971-toulon-la-rochelle,0
2024-2025,16,10978,Stade Jean-Dauger,Aviron Bayonnais,Union Bordeaux-Bègles,https://top14.lnr.fr/feuille-de-match/2024-2025/j16/10978-bayonne-bordeaux-begles,0
2024-2025,16,10979,Stade de Gerland,LOU Rugby,Stade Rochelais,https://top14.lnr.fr/feuille-de-match/2024-2025/j16/10979-lyon-la-rochelle,0
2024-2025,16,10981,Paris La Défense Arena,Racing 92,RC Vannes,https://top14.lnr.fr/feuille-de-match/2024-2025/j16/10981-racing-92-vannes,0
2024-2025,16,10982,Stade Jean-Bouin,Stade Français Paris,Section Paloise,https://top14.lnr.fr/feuille-de-match/2024-2025/j16/10982-paris-pau,0
2024-2025,16,10983,Stade Aimé-Giral,USA Perpignan,Castres Olympique,https://top14.lnr.fr/feuille-de-match/2024-2025/j16/10983-perpignan-castres,0
2024-2025,16,10980,GGL Stadium,Montpellier Hérault Rugby,RC Toulon,https://top14.lnr.fr/feuille-de-match/2024-2025/j16/10980-montpellier-toulon,0
2024-2025,16,10977,Stade Marcel-Michelin,ASM Clermont,Stade Toulousain,https://top14.lnr.fr/feuille-de-match/2024-2025/j16/10977-clermont-toulouse,0
2024-2025,17,10984,Stade Pierre-Fabre,Castres Olympique,LOU Rugby,https://top14.lnr.fr/feuille-de-match/2024-2025/j17/10984-castres-lyon,0
2024-2025,17,10985,Stade Mayol,RC Toulon,Stade Français Paris,https://top14.lnr.fr/feuille-de-match/2024-2025/j17/10985-toulon-paris,0
2024-2025,17,10986,Stade de la Rabine,RC Vannes,Montpellier Hérault Rugby,https://top14.lnr.fr/feuille-de-match/2024-2025/j17/10986-vannes-montpellier,0
2024-2025,17,10987,Stade du Hameau,Section Paloise,USA Perpignan,https://top14.lnr.fr/feuille-de-match/2024-2025/j17/10987-pau-perpignan,0
2024-2025,17,10988,Stade Marcel-Deflandre,Stade Rochelais,Racing 92,https://top14.lnr.fr/feuille-de-match/2024-2025/j17/10988-la-rochelle-racing-92,0
2024-2025,17,10989,Stade Ernest-Wallon,Stade Toulousain,Aviron Bayonnais,https://top14.lnr.fr/feuille-de-match/2024-2025/j17/10989-toulouse-bayonne,0
2024-2025,17,10990,Stade Chaban-Delmas,Union Bordeaux-Bègles,ASM Clermont,https://top14.lnr.fr/feuille-de-match/2024-2025/j17/10990-bordeaux-begles-clermont,0
2024-2025,18,10995,Stade Jean-Bouin,Stade Français Paris,Stade Rochelais,https://top14.lnr.fr/feuille-de-match/2024-2025/j18/10995-paris-la-rochelle,0
2024-2025,18,10992,Stade de Gerland,LOU Rugby,RC Toulon,https://top14.lnr.fr/feuille-de-match/2024-2025/j18/10992-lyon-toulon,0
2024-2025,18,10993,GGL Stadium,Montpellier Hérault Rugby,Castres Olympique,https://top14.lnr.fr/feuille-de-match/2024-2025/j18/10993-montpellier-castres,0
2024-2025,18,10994,Paris La Défense Arena,Racing 92,Section Paloise,https://top14.lnr.fr/feuille-de-match/2024-2025/j18/10994-racing-92-pau,0
2024-2025,18,10996,Stade Ernest-Wallon,Stade Toulousain,RC Vannes,https://top14.lnr.fr/feuille-de-match/2024-2025/j18/10996-toulouse-vannes,0
2024-2025,18,10997,Stade Aimé-Giral,USA Perpignan,Union Bordeaux-Bègles,https://top14.lnr.fr/feuille-de-match/2024-2025/j18/10997-perpignan-bordeaux-begles,0
2024-2025,18,10991,Stade Jean-Dauger,Aviron Bayonnais,ASM Clermont,https://top14.lnr.fr/feuille-de-match/2024-2025/j18/10991-bayonne-clermont,0
2024-2025,19,11003,Stade Marcel-Deflandre,Stade Rochelais,Castres Olympique,https://top14.lnr.fr/feuille-de-match/2024-2025/j19/11003-la-rochelle-castres,0
2024-2025,19,10998,Stade Marcel-Michelin,ASM Clermont,Racing 92,https://top14.lnr.fr/feuille-de-match/2024-2025/j19/10998-clermont-racing-92,0
2024-2025,19,10999,Stade de Gerland,LOU Rugby,RC Vannes,https://top14.lnr.fr/feuille-de-match/2024-2025/j19/10999-lyon-vannes,0
2024-2025,19,11001,Stade du Hameau,Section Paloise,Montpellier Hérault Rugby,https://top14.lnr.fr/feuille-de-match/2024-2025/j19/11001-pau-montpellier,0
2024-2025,19,11002,Stade Jean-Bouin,Stade Français Paris,Aviron Bayonnais,https://top14.lnr.fr/feuille-de-match/2024-2025/j19/11002-paris-bayonne,0
2024-2025,19,11000,Stade Mayol,RC Toulon,USA Perpignan,https://top14.lnr.fr/feuille-de-match/2024-2025/j19/11000-toulon-perpignan,0
2024-2025,19,11004,Stade Chaban-Delmas,Union Bordeaux-Bègles,Stade Toulousain,https://top14.lnr.fr/feuille-de-match/2024-2025/j19/11004-bordeaux-begles-toulouse,0
2024-2025,20,11011,Stade Ernest-Wallon,Stade Toulousain,Section Paloise,https://top14.lnr.fr/feuille-de-match/2024-2025/j20/11011-toulouse-pau,0
2024-2025,20,11008,GGL Stadium,Montpellier Hérault Rugby,Stade Français Paris,https://top14.lnr.fr/feuille-de-match/2024-2025/j20/11008-montpellier-paris,0
2024-2025,20,11010,Stade de la Rabine,RC Vannes,USA Perpignan,https://top14.lnr.fr/feuille-de-match/2024-2025/j20/11010-vannes-perpignan,0
2024-2025,20,11005,Stade Marcel-Michelin,ASM Clermont,Stade Rochelais,https://top14.lnr.fr/feuille-de-match/2024-2025/j20/11005-clermont-la-rochelle,0
2024-2025,20,11006,Stade Jean-Dauger,Aviron Bayonnais,LOU Rugby,https://top14.lnr.fr/feuille-de-match/2024-2025/j20/11006-bayonne-lyon,0
2024-2025,20,11007,Stade Pierre-Fabre,Castres Olympique,RC Toulon,https://top14.lnr.fr/feuille-de-match/2024-2025/j20/11007-castres-toulon,0
2024-2025,20,11009,Paris La Défense Arena,Racing 92,Union Bordeaux-Bègles,https://top14.lnr.fr/feuille-de-match/2024-2025/j20/11009-racing-92-bordeaux-begles,0
2024-2025,21,11015,Stade du Hameau,Section Paloise,Union Bordeaux-Bègles,https://top14.lnr.fr/feuille-de-match/2024-2025/j21/11015-pau-bordeaux-begles,0
2024-2025,21,11012,Stade Pierre-Fabre,Castres Olympique,RC Vannes,https://top14.lnr.fr/feuille-de-match/2024-2025/j21/11012-castres-vannes,0
2024-2025,21,11013,Stade de Gerland,LOU Rugby,Montpellier Hérault Rugby,https://top14.lnr.fr/feuille-de-match/2024-2025/j21/11013-lyon-montpellier,0
2024-2025,21,11017,Stade Marcel-Deflandre,Stade Rochelais,Aviron Bayonnais,https://top14.lnr.fr/feuille-de-match/2024-2025/j21/11017-la-rochelle-bayonne,0
2024-2025,21,11018,Stade Aimé-Giral,USA Perpignan,Racing 92,https://top14.lnr.fr/feuille-de-match/2024-2025/j21/11018-perpignan-racing-92,0
2024-2025,21,11014,Stade Mayol,RC Toulon,ASM Clermont,https://top14.lnr.fr/feuille-de-match/2024-2025/j21/11014-toulon-clermont,0
2024-2025,21,11016,Stade Jean-Bouin,Stade Français Paris,Stade Toulousain,https://top14.lnr.fr/feuille-de-match/2024-2025/j21/11016-paris-toulouse,0
2024-2025,22,11024,Stade Ernest-Wallon,Stade Toulousain,Castres Olympique,https://top14.lnr.fr/feuille-de-match/2024-2025/j22/11024-toulouse-castres,0
2024-2025,22,11019,Stade Marcel-Michelin,ASM Clermont,LOU Rugby,https://top14.lnr.fr/feuille-de-match/2024-2025/j22/11019-clermont-lyon,0
2024-2025,22,11020,Stade Jean-Dauger,Aviron Bayonnais,Section Paloise,https://top14.lnr.fr/feuille-de-match/2024-2025/j22/11020-bayonne-pau,0
2024-2025,22,11021,GGL Stadium,Montpellier Hérault Rugby,USA Perpignan,https://top14.lnr.fr/feuille-de-match/2024-2025/j22/11021-montpellier-perpignan,0
2024-2025,22,11023,Stade de la Rabine,RC Vannes,RC Toulon,https://top14.lnr.fr/feuille-de-match/2024-2025/j22/11023-vannes-toulon,0
2024-2025,22,11025,Stade Chaban-Delmas,Union Bordeaux-Bègles,Stade Rochelais,https://top14.lnr.fr/feuille-de-match/2024-2025/j22/11025-bordeaux-begles-la-rochelle,0
2024-2025,22,11022,Paris La Défense Arena,Racing 92,Stade Français Paris,https://top14.lnr.fr/feuille-de-match/2024-2025/j22/11022-racing-92-paris,0
2024-2025,23,11027,Stade de Gerland,LOU Rugby,Section Paloise,https://top14.lnr.fr/feuille-de-match/2024-2025/j23/11027-lyon-pau,0
2024-2025,23,11029,Paris La Défense Arena,Racing 92,Aviron Bayonnais,https://top14.lnr.fr/feuille-de-match/2024-2025/j23/11029-racing-92-bayonne,0
2024-2025,23,11031,Stade de la Rabine,RC Vannes,Stade Rochelais,https://top14.lnr.fr/feuille-de-match/2024-2025/j23/11031-vannes-la-rochelle,0
2024-2025,23,11032,Stade Aimé-Giral,USA Perpignan,Stade Français Paris,https://top14.lnr.fr/feuille-de-match/2024-2025/j23/11032-perpignan-paris,0
2024-2025,23,11030,Stade Mayol,RC Toulon,Stade Toulousain,https://top14.lnr.fr/feuille-de-match/2024-2025/j23/11030-toulon-toulouse,0
2024-2025,23,11028,GGL Stadium,Montpellier Hérault Rugby,Union Bordeaux-Bègles,https://top14.lnr.fr/feuille-de-match/2024-2025/j23/11028-montpellier-bordeaux-begles,0
2024-2025,23,11306,Stade Pierre-Fabre,Castres Olympique,ASM Clermont,https://top14.lnr.fr/feuille-de-match/2024-2025/j23/11306-castres-clermont,0
2024-2025,24,11039,Stade Chaban-Delmas,Union Bordeaux-Bègles,Castres Olympique,https://top14.lnr.fr/feuille-de-match/2024-2025/j24/11039-bordeaux-begles-castres,0
2024-2025,24,11033,Stade Marcel-Michelin,ASM Clermont,USA Perpignan,https://top14.lnr.fr/feuille-de-match/2024-2025/j24/11033-clermont-perpignan,0
2024-2025,24,11034,Stade Jean-Dauger,Aviron Bayonnais,RC Vannes,https://top14.lnr.fr/feuille-de-match/2024-2025/j24/11034-bayonne-vannes,0
2024-2025,24,11035,Stade du Hameau,Section Paloise,RC Toulon,https://top14.lnr.fr/feuille-de-match/2024-2025/j24/11035-pau-toulon,0
2024-2025,24,11036,Stade Jean-Bouin,Stade Français Paris,LOU Rugby,https://top14.lnr.fr/feuille-de-match/2024-2025/j24/11036-paris-lyon,0
2024-2025,24,11038,Stade Ernest-Wallon,Stade Toulousain,Racing 92,https://top14.lnr.fr/feuille-de-match/2024-2025/j24/11038-toulouse-racing-92,0
2024-2025,24,11037,Stade Marcel-Deflandre,Stade Rochelais,Montpellier Hérault Rugby,https://top14.lnr.fr/feuille-de-match/2024-2025/j24/11037-la-rochelle-montpellier,0
2024-2025,25,11040,Stade Marcel-Michelin,ASM Clermont,Stade Français Paris,https://top14.lnr.fr/feuille-de-match/2024-2025/j25/11040-clermont-paris,0
2024-2025,25,11041,Stade Pierre-Fabre,Castres Olympique,Aviron Bayonnais,https://top14.lnr.fr/feuille-de-match/2024-2025/j25/11041-castres-bayonne,0
2024-2025,25,11042,Paris La Défense Arena,Racing 92,Montpellier Hérault Rugby,https://top14.lnr.fr/feuille-de-match/2024-2025/j25/11042-racing-92-montpellier,0
2024-2025,25,11044,Stade de la Rabine,RC Vannes,Section Paloise,https://top14.lnr.fr/feuille-de-match/2024-2025/j25/11044-vannes-pau,0
2024-2025,25,11045,Stade Marcel-Deflandre,Stade Rochelais,USA Perpignan,https://top14.lnr.fr/feuille-de-match/2024-2025/j25/11045-la-rochelle-perpignan,0
2024-2025,25,11046,Stade Ernest-Wallon,Stade Toulousain,LOU Rugby,https://top14.lnr.fr/feuille-de-match/2024-2025/j25/11046-toulouse-lyon,0
2024-2025,25,11043,Stade Mayol,RC Toulon,Union Bordeaux-Bègles,https://top14.lnr.fr/feuille-de-match/2024-2025/j25/11043-toulon-bordeaux-begles,0
2024-2025,26,11047,Stade Jean-Dauger,Aviron Bayonnais,RC Toulon,https://top14.lnr.fr/feuille-de-match/2024-2025/j26/11047-bayonne-toulon,0
2024-2025,26,11048,Stade de Gerland,LOU Rugby,Racing 92,https://top14.lnr.fr/feuille-de-match/2024-2025/j26/11048-lyon-racing-92,0
2024-2025,26,11049,GGL Stadium,Montpellier Hérault Rugby,ASM Clermont,https://top14.lnr.fr/feuille-de-match/2024-2025/j26/11049-montpellier-clermont,0
2024-2025,26,11050,Stade du Hameau,Section Paloise,Stade Rochelais,https://top14.lnr.fr/feuille-de-match/2024-2025/j26/11050-pau-la-rochelle,0
2024-2025,26,11051,Stade Jean-Bouin,Stade Français Paris,Castres Olympique,https://top14.lnr.fr/feuille-de-match/2024-2025/j26/11051-paris-castres,0
2024-2025,26,11052,Stade Chaban-Delmas,Union Bordeaux-Bègles,RC Vannes,https://top14.lnr.fr/feuille-de-match/2024-2025/j26/11052-bordeaux-begles-vannes,0
2024-2025,26,11053,Stade Aimé-Giral,USA Perpignan,Stade Toulousain,https://top14.lnr.fr/feuille-de-match/2024-2025/j26/11053-perpignan-toulouse,0
2017-2018,27,8289,Stade Mayol,RC Toulon,LOU Rugby,https://top14.lnr.fr/feuille-de-match/2017-2018/barrages/8289-toulon-lyon,1
2017-2018,27,8290,Stade Ernest-Wallon,Stade Toulousain,Castres Olympique,https://top14.lnr.fr/feuille-de-match/2017-2018/barrages/8290-toulouse-castres,1
2017-2018,28,8291,Parc OL,Montpellier Hérault Rugby ,LOU Rugby,https://top14.lnr.fr/feuille-de-match/2017-2018/demi-finales/8291-montpellier-lyon,1
2017-2018,28,8292,Parc OL,Racing 92,Castres Olympique,https://top14.lnr.fr/feuille-de-match/2017-2018/demi-finales/8292-racing-92-castres,1
2017-2018,29,8293,Stade de France,Montpellier Hérault Rugby ,Castres Olympique,https://top14.lnr.fr/feuille-de-match/2017-2018/finale/8293-montpellier-castres,1
2017-2018,30,8288,Stade des Alpes,FC Grenoble Rugby,Oyonnax Rugby,https://top14.lnr.fr/feuille-de-match/2017-2018/match-daccession/8288-grenoble-oyonnax,1
2018-2019,27,8723,Paris La Défense Arena,Racing 92,Stade Rochelais,https://top14.lnr.fr/feuille-de-match/2018-2019/barrages/8723-racing-92-la-rochelle,1
2018-2019,27,8724,Stade de Gerland,LOU Rugby,Montpellier Hérault Rugby ,https://top14.lnr.fr/feuille-de-match/2018-2019/barrages/8724-lyon-montpellier,1
2018-2019,28,8726,Stade Matmut-Atlantique,Stade Toulousain,Stade Rochelais,https://top14.lnr.fr/feuille-de-match/2018-2019/demi-finales/8726-toulouse-la-rochelle,1
2018-2019,28,8727,Stade Matmut-Atlantique,ASM Clermont,LOU Rugby,https://top14.lnr.fr/feuille-de-match/2018-2019/demi-finales/8727-clermont-lyon,1
2018-2019,29,8728,Stade de France,Stade Toulousain,ASM Clermont,https://top14.lnr.fr/feuille-de-match/2018-2019/finale/8728-toulouse-clermont,1
2018-2019,30,8725,Stade Amédée-Domenech,CA Brive,FC Grenoble Rugby,https://top14.lnr.fr/feuille-de-match/2018-2019/match-daccession/8725-brive-grenoble,1
2021-2022,27,9923,Stade Ernest-Wallon,Stade Toulousain,Stade Rochelais,https://top14.lnr.fr/feuille-de-match/2021-2022/barrages/9923-toulouse-la-rochelle,1
2021-2022,27,9924,Stade Chaban-Delmas,Union Bordeaux-Bègles,Racing 92,https://top14.lnr.fr/feuille-de-match/2021-2022/barrages/9924-bordeaux-begles-racing-92,1
2021-2022,28,9925,Allianz Riviera,Castres Olympique,Stade Toulousain,https://top14.lnr.fr/feuille-de-match/2021-2022/demi-finales/9925-castres-toulouse,1
2021-2022,28,9926,Allianz Riviera,Montpellier Hérault Rugby ,Union Bordeaux-Bègles,https://top14.lnr.fr/feuille-de-match/2021-2022/demi-finales/9926-montpellier-bordeaux-begles,1
2021-2022,29,9927,Stade de France,Castres Olympique,Montpellier Hérault Rugby ,https://top14.lnr.fr/feuille-de-match/2021-2022/finale/9927-castres-montpellier,1
2021-2022,30,9922,Stade André et Guy Boniface,Stade Montois,USA Perpignan,https://top14.lnr.fr/feuille-de-match/2021-2022/match-daccession/9922-mont-de-marsan-perpignan,1
2022-2023,27,10244,Stade Jean-Bouin,Stade Français Paris,Racing 92,https://top14.lnr.fr/feuille-de-match/2022-2023/barrage/10244-paris-racing-92,1
2022-2023,27,10246,Stade de Gerland,LOU Rugby,Union Bordeaux-Bègles,https://top14.lnr.fr/feuille-de-match/2022-2023/barrage/10246-lyon-bordeaux-begles,1
2022-2023,28,10249,Reale Arena,Stade Toulousain,Racing 92,https://top14.lnr.fr/feuille-de-match/2022-2023/demi-finale/10249-toulouse-racing-92,1
2022-2023,28,10251,Reale Arena,Stade Rochelais,Union Bordeaux-Bègles,https://top14.lnr.fr/feuille-de-match/2022-2023/demi-finale/10251-la-rochelle-bordeaux-begles,1
2022-2023,29,10252,Stade de France,Stade Toulousain,Stade Rochelais,https://top14.lnr.fr/feuille-de-match/2022-2023/finale/10252-toulouse-la-rochelle,1
2022-2023,30,10253,Stade des Alpes,FC Grenoble Rugby,USA Perpignan,https://top14.lnr.fr/feuille-de-match/2022-2023/access/10253-grenoble-perpignan,1
2023-2024,27,10779,Stade Mayol,RC Toulon,Stade Rochelais,https://top14.lnr.fr/feuille-de-match/2023-2024/barrage/10779-toulon-la-rochelle,1
2023-2024,27,10780,Stade Chaban-Delmas,Union Bordeaux-Bègles,Racing 92,https://top14.lnr.fr/feuille-de-match/2023-2024/barrage/10780-bordeaux-begles-racing-92,1
2023-2024,28,10781,Stade Matmut-Atlantique,Stade Toulousain,Stade Rochelais,https://top14.lnr.fr/feuille-de-match/2023-2024/demi-finale/10781-toulouse-la-rochelle,1
2023-2024,28,10783,Stade Matmut-Atlantique,Stade Français Paris,Union Bordeaux-Bègles,https://top14.lnr.fr/feuille-de-match/2023-2024/demi-finale/10783-paris-bordeaux-begles,1
2023-2024,29,10782,Orange Velodrome,Stade Toulousain,Union Bordeaux-Bègles,https://top14.lnr.fr/feuille-de-match/2023-2024/finale/10782-toulouse-bordeaux-begles,1
2023-2024,30,10254,Stade des Alpes,FC Grenoble Rugby,Montpellier Hérault Rugby ,https://top14.lnr.fr/feuille-de-match/2023-2024/access-top-14/10254-grenoble-montpellier,1
2024-2025,27,10912,Stade Jean-Dauger,Aviron Bayonnais,ASM Clermont,https://top14.lnr.fr/feuille-de-match/2024-2025/barrage/10912-bayonne-clermont,1
2024-2025,27,10917,Stade Mayol,RC Toulon,Castres Olympique,https://top14.lnr.fr/feuille-de-match/2024-2025/barrage/10917-toulon-castres,1
2024-2025,28,11054,Parc OL,Stade Toulousain,Aviron Bayonnais,https://top14.lnr.fr/feuille-de-match/2024-2025/demi-finale/11054-toulouse-bayonne,1
2024-2025,28,11055,Parc OL,Union Bordeaux-Bègles,RC Toulon,https://top14.lnr.fr/feuille-de-match/2024-2025/demi-finale/11055-bordeaux-begles-toulon,1
2024-2025,29,11056,Stade de France,Stade Toulousain,Union Bordeaux-Bègles,https://top14.lnr.fr/feuille-de-match/2024-2025/finale/11056-toulouse-bordeaux-begles,1
2024-2025,30,11057,Stade des Alpes,FC Grenoble Rugby,USA Perpignan,https://top14.lnr.fr/feuille-de-match/2024-2025/access-top-14/11057-grenoble-perpignan,1
